date,model,rmse_vol_points,max_abs_vol_points,share_inside_spread,butterfly_quoted,butterfly_extrapolated,calendar_quoted,calendar_extrapolated,replicated_vix,cboe_vix,published_vix,quotes,expiries,source
2008-01-02,SVI per slice,0.4241823470644797,1.814836286097693,0.8117913832199547,0,942,0,987,22.88157807267357,,23.17,441,9,spy
2008-01-02,SVI + penalties,0.47900458464611656,3.7048554981018307,0.7959183673469388,0,18,0,138,22.884650479884904,,23.17,441,9,spy
2008-01-02,SSVI,0.5367033711788461,2.8484307652065666,0.6258503401360545,0,0,0,0,22.95991975257755,,23.17,441,9,spy
2008-01-02,eSSVI,0.48255267328691015,1.918641065863963,0.7210884353741497,0,0,0,0,22.83813317579965,,23.17,441,9,spy
2008-02-01,SVI per slice,0.22112053665302936,0.9944218597617516,0.8795811518324608,0,191,0,815,46.03094483382369,,24.02,573,10,spy
2008-02-01,SVI + penalties,0.5103060894045557,1.8833160080857225,0.49912739965095987,0,9,0,367,44.231606676224274,,24.02,573,10,spy
2008-02-01,SSVI,0.34702615563692824,2.2410368579986404,0.7207678883071553,0,0,0,0,24.223302749661077,,24.02,573,10,spy
2008-02-01,eSSVI,0.3114429214055538,1.8513120857600096,0.7521815008726004,0,0,0,0,24.10866346315398,,24.02,573,10,spy
2008-03-03,SVI per slice,0.34806354121473926,1.5284042829000644,0.5887681159420289,0,0,0,1475,26.102726004318672,,26.28,552,10,spy
2008-03-03,SVI + penalties,0.3504950188779987,1.5284043828668714,0.5797101449275363,0,0,0,61,26.120745180106436,,26.28,552,10,spy
2008-03-03,SSVI,0.4605973700754104,2.7778850846365084,0.45652173913043476,0,0,0,0,25.864535779493238,,26.28,552,10,spy
2008-03-03,eSSVI,0.4186852859922559,1.5703565356511906,0.4420289855072464,0,0,0,0,26.089282011793568,,26.28,552,10,spy
2008-04-01,SVI per slice,0.20937977211564415,1.0652140569842095,0.895330112721417,0,461,0,0,,,22.68,621,10,spy
2008-04-01,SVI + penalties,0.2216651788360421,1.0690082538952095,0.8808373590982287,0,710,0,90,,,22.68,621,10,spy
2008-04-01,SSVI,0.2966016423605029,1.5639529397799279,0.7793880837359098,0,0,0,0,22.422111838497184,,22.68,621,10,spy
2008-04-01,eSSVI,0.2654823804604119,1.322262063059726,0.7954911433172303,0,0,0,0,22.365888933496294,,22.68,621,10,spy
2008-05-01,SVI per slice,0.165995281750716,1.326145671210313,0.8994307400379506,0,234,35,1223,20.442097533412653,,18.88,527,10,spy
2008-05-01,SVI + penalties,0.5591777131552966,3.088911330447175,0.6394686907020873,0,20,34,355,26.155496344923602,,18.88,527,10,spy
2008-05-01,SSVI,0.4216038228620216,4.09351286458828,0.6907020872865275,0,0,0,0,18.933956944446486,,18.88,527,10,spy
2008-05-01,eSSVI,0.3057762055885385,2.981802233867925,0.7419354838709677,0,0,0,0,18.78405933152689,,18.88,527,10,spy
2008-06-02,SVI per slice,0.2371704752177546,1.8844835695240314,0.8959537572254336,0,0,0,1539,19.030055185776735,,19.83,519,10,spy
2008-06-02,SVI + penalties,0.23752421916610447,1.884457576289994,0.8940269749518305,0,0,0,56,19.041104374644043,,19.83,519,10,spy
2008-06-02,SSVI,0.37708560887621606,4.173231129246731,0.653179190751445,0,0,0,0,19.041328880537968,,19.83,519,10,spy
2008-06-02,eSSVI,0.2885992524397359,1.6566060937271476,0.7456647398843931,0,0,0,0,19.105704714589095,,19.83,519,10,spy
2008-07-01,SVI per slice,0.2576414271831427,1.213561236514421,0.7833333333333333,0,483,0,501,141.67150103265186,,23.65,420,6,spy
2008-07-01,SVI + penalties,0.26111956416944815,1.2180423330015344,0.7761904761904762,0,4,0,40,23.4249451122926,,23.65,420,6,spy
2008-07-01,SSVI,0.4257208410113819,3.4702890609327435,0.5047619047619047,0,0,0,0,23.354257336814282,,23.65,420,6,spy
2008-07-01,eSSVI,0.34503364962048744,1.4816265624720826,0.5523809523809524,0,0,0,0,23.25686808288881,,23.65,420,6,spy
2008-08-01,SVI per slice,6.457806376491167,32.70912093722962,0.74,231,948,0,428,191.27155791653985,,22.57,400,6,spy
2008-08-01,SVI + penalties,0.7167529500960547,2.339091505154628,0.255,0,6,0,253,119.95561478586556,,22.57,400,6,spy
2008-08-01,SSVI,0.43822943395843167,2.560556299113731,0.525,0,0,0,0,22.551943279138282,,22.57,400,6,spy
2008-08-01,eSSVI,0.38636634990846896,1.3765270742475744,0.515,0,0,0,0,22.461626002101063,,22.57,400,6,spy
2008-09-02,SVI per slice,0.40363050439481746,5.256430475832763,0.7859007832898173,0,0,0,60,21.93346650995602,,21.99,383,6,spy
2008-09-02,SVI + penalties,0.40363729424713585,5.256410051801014,0.7859007832898173,0,0,0,1,21.933669493983793,,21.99,383,6,spy
2008-09-02,SSVI,0.5238327739029743,5.68063908094345,0.6475195822454308,0,0,0,0,21.91922603124988,,21.99,383,6,spy
2008-09-02,eSSVI,0.4523574999981369,4.6091506650125735,0.6449086161879896,0,0,0,0,21.893008070109026,,21.99,383,6,spy
2008-10-01,SVI per slice,1.0925829544287464,14.460657006644679,0.9724770642201835,79,349,104,1307,94.68158354708282,,39.81,654,10,spy
2008-10-01,SVI + penalties,2.0692624590980078,16.41039778296372,0.8807339449541285,15,69,240,899,39.374017241153105,,39.81,654,10,spy
2008-10-01,SSVI,2.6419739585246926,23.319595154381208,0.7125382262996942,0,0,0,0,39.582406547664874,,39.81,654,10,spy
2008-10-01,eSSVI,2.470580595172983,21.136353685665366,0.7553516819571865,0,0,0,0,39.347251276631255,,39.81,654,10,spy
2008-11-03,SVI per slice,0.359251122146295,3.0102111225008166,0.9744136460554371,0,103,0,321,160.83206098148332,,53.68,469,6,spy
2008-11-03,SVI + penalties,0.37210233260448783,3.288602493631765,0.9744136460554371,0,11,0,3,53.41709986969197,,53.68,469,6,spy
2008-11-03,SSVI,0.6654263616206603,5.80374415213134,0.8656716417910447,0,0,0,0,53.33803093751326,,53.68,469,6,spy
2008-11-03,eSSVI,0.4561187660137505,5.288859986328331,0.9658848614072495,0,0,0,0,53.18273958549214,,53.68,469,6,spy
2008-12-01,SVI per slice,0.30562530021463385,3.1154318866499664,0.9849785407725322,0,0,0,0,68.31611848363872,,68.51,466,6,spy
2008-12-01,SVI + penalties,0.3056254453410485,3.1154395979558824,0.9849785407725322,0,0,0,0,68.31611939662054,,68.51,466,6,spy
2008-12-01,SSVI,0.6961775809935783,5.389611434192288,0.9420600858369099,0,0,0,0,68.4909884282269,,68.51,466,6,spy
2008-12-01,eSSVI,0.48750115362498253,4.696794430997464,0.9527896995708155,0,0,0,0,68.51294385108129,,68.51,466,6,spy
2009-01-02,SVI per slice,1.2561830629693884,12.892219193888543,0.8563922942206655,311,337,350,1159,43.32316785880128,,39.19,571,9,spy
2009-01-02,SVI + penalties,2.9001339207765184,22.361667152424026,0.3555166374781086,0,8,131,418,56.59203775327626,,39.19,571,9,spy
2009-01-02,SSVI,9.207427673870454,76.71211050379772,0.38879159369527144,0,0,0,0,37.22758408322597,,39.19,571,9,spy
2009-01-02,eSSVI,7.831411915778006,65.67395446801089,0.38704028021015763,0,0,0,0,37.233664744719576,,39.19,571,9,spy
2009-02-02,SVI per slice,0.35867730936196857,5.039399363645181,0.9769503546099291,0,347,0,810,181.41865878648437,,45.52,564,10,spy
2009-02-02,SVI + penalties,0.3968491318902616,5.479215169600993,0.975177304964539,0,30,0,79,44.445742172027494,,45.52,564,10,spy
2009-02-02,SSVI,0.7913537671202932,8.856108637449944,0.9113475177304965,0,0,0,0,44.11091819725282,,45.52,564,10,spy
2009-02-02,eSSVI,0.51796826859782,7.245507769668114,0.9609929078014184,0,0,0,0,44.126083001863456,,45.52,564,10,spy
2009-03-02,SVI per slice,0.20479342008774834,1.8742533598973599,0.9863813229571985,0,345,0,851,52.407973667518206,,52.65,514,10,spy
2009-03-02,SVI + penalties,0.259034093939046,2.387871306619621,0.9766536964980544,0,16,0,46,52.62434124530378,,52.65,514,10,spy
2009-03-02,SSVI,0.8371433851191071,12.067195427263556,0.9357976653696498,0,0,0,0,52.431038435626284,,52.65,514,10,spy
2009-03-02,eSSVI,0.4246489327892321,5.096947570043314,0.9688715953307393,0,0,0,0,52.8861611215202,,52.65,514,10,spy
2009-04-01,SVI per slice,0.14427435460041851,1.2777386784570965,0.9921383647798742,0,0,0,146,60.86026594739107,,42.28,636,10,spy
2009-04-01,SVI + penalties,0.2937737589185672,5.146556343680958,0.9842767295597484,0,7,0,42,107.19806642729634,,42.28,636,10,spy
2009-04-01,SSVI,0.8881040712801538,11.247781021470393,0.8679245283018868,0,0,0,0,41.11968905049414,,42.28,636,10,spy
2009-04-01,eSSVI,0.5353571030168284,8.044138400468547,0.9685534591194969,0,0,0,0,41.268203281901684,,42.28,636,10,spy
2009-05-01,SVI per slice,0.4257861288956251,9.295754826870795,0.9897610921501706,0,225,0,721,83.21073572816739,,35.3,586,10,spy
2009-05-01,SVI + penalties,0.43007736528530144,9.29554198559886,0.9880546075085325,0,3,0,45,35.52544156630111,,35.3,586,10,spy
2009-05-01,SSVI,0.8244768742385611,9.369183961258965,0.9385665529010239,0,0,0,0,34.47912657866627,,35.3,586,10,spy
2009-05-01,eSSVI,0.6217816132866552,9.336768434302394,0.962457337883959,0,0,0,0,34.588783979825045,,35.3,586,10,spy
2009-06-01,SVI per slice,0.21207542440474575,1.7605208847509797,0.9576719576719577,0,0,0,642,30.36415633307965,,30.04,567,10,spy
2009-06-01,SVI + penalties,0.19738499083803038,1.7485965552540979,0.9488536155202821,0,0,0,80,32.502961042988716,,30.04,567,10,spy
2009-06-01,SSVI,0.9904254145818273,13.332796685036985,0.7195767195767195,0,0,0,0,29.063890151466133,,30.04,567,10,spy
2009-06-01,eSSVI,0.7370483415277883,10.722397043846122,0.8747795414462081,0,0,0,0,29.07855456128604,,30.04,567,10,spy
2009-07-01,SVI per slice,0.16204239359045824,1.1830169250094058,0.9858585858585859,0,606,0,1490,37.6360326742346,,26.22,495,9,spy
2009-07-01,SVI + penalties,0.8180916886356467,7.288769795695535,0.8525252525252526,0,30,0,219,26.10594859884918,,26.22,495,9,spy
2009-07-01,SSVI,0.5867361644463026,4.770329957316805,0.7515151515151515,0,0,0,0,25.870085345609517,,26.22,495,9,spy
2009-07-01,eSSVI,0.28859919401541667,2.920043167538189,0.9333333333333333,0,0,0,0,25.710860444280858,,26.22,495,9,spy
2009-08-03,SVI per slice,0.252527819149303,2.583905725701885,0.9226804123711341,0,66,0,1272,43.42899021426875,,25.56,582,10,spy
2009-08-03,SVI + penalties,0.28658215368988754,2.2247654250002746,0.8762886597938144,0,3,0,183,32.26997544948348,,25.56,582,10,spy
2009-08-03,SSVI,1.0965864401260055,9.425838341789,0.5996563573883161,0,0,0,0,25.36907395413862,,25.56,582,10,spy
2009-08-03,eSSVI,0.6807745466199343,7.856271469644943,0.8367697594501718,0,0,0,0,25.294780382811027,,25.56,582,10,spy
2009-09-01,SVI per slice,0.14746887707179254,1.0081516274948576,0.9443535188216039,0,0,0,1405,30.789002921735953,,29.15,611,10,spy
2009-09-01,SVI + penalties,0.17589048645364153,1.114988751325452,0.9296235679214403,0,1,0,76,113.73398620708244,,29.15,611,10,spy
2009-09-01,SSVI,0.8452135664622695,5.7595367862919025,0.6595744680851063,0,0,0,0,28.352953233940394,,29.15,611,10,spy
2009-09-01,eSSVI,0.5969030044970682,4.698734040716252,0.8248772504091653,0,0,0,0,28.37997481028436,,29.15,611,10,spy
2009-10-01,SVI per slice,0.33524649698514636,4.285094391502672,0.931899641577061,0,222,0,1356,28.528335733690387,,28.27,558,9,spy
2009-10-01,SVI + penalties,0.3827261244940619,5.607055315580867,0.9193548387096774,0,5,0,226,38.396460356756954,,28.27,558,9,spy
2009-10-01,SSVI,0.6847192688022142,5.791634077978378,0.6989247311827957,0,0,0,0,27.671367365999977,,28.27,558,9,spy
2009-10-01,eSSVI,0.47069343673795533,5.397032263469173,0.8781362007168458,0,0,0,0,27.458948173962444,,28.27,558,9,spy
2009-11-02,SVI per slice,0.08255559036779453,0.553287357726312,0.9693053311793215,0,691,0,1362,65.31787666437842,,29.78,619,10,spy
2009-11-02,SVI + penalties,0.1056006262748627,0.6215436549908887,0.9644588045234249,0,18,0,82,29.856095336807858,,29.78,619,10,spy
2009-11-02,SSVI,0.4726508254087518,3.3173381949075376,0.7705977382875606,0,0,0,0,29.683452406572258,,29.78,619,10,spy
2009-11-02,eSSVI,0.31685555824377976,2.1028538804578445,0.9046849757673667,0,0,0,0,29.501138190294025,,29.78,619,10,spy
2009-12-01,SVI per slice,0.1559126224970963,1.2330122846005738,0.9608177172061328,0,296,0,1641,63.49870189102924,,21.92,587,10,spy
2009-12-01,SVI + penalties,0.5680043267993419,3.9795068450798943,0.5706984667802385,0,9,0,372,102.25645089355034,,21.92,587,10,spy
2009-12-01,SSVI,0.6724798715151117,6.673965057816328,0.6814310051107325,0,0,0,0,21.548209607017956,,21.92,587,10,spy
2009-12-01,eSSVI,0.5006984048516475,5.83462696803903,0.8364565587734242,0,0,0,0,21.729780832161662,,21.92,587,10,spy
2010-01-04,SVI per slice,0.14009811154134091,1.443962097971907,0.9298245614035088,0,973,0,1294,26.535552477582097,,20.04,513,9,spy
2010-01-04,SVI + penalties,0.3608520167735659,2.5829127465425565,0.6627680311890838,0,16,0,357,31.289938366321273,,20.04,513,9,spy
2010-01-04,SSVI,0.8696261449746757,8.335967875885924,0.6783625730994152,0,0,0,0,20.098043937757907,,20.04,513,9,spy
2010-01-04,eSSVI,0.5307168750378961,5.582333313631555,0.8109161793372319,0,0,0,0,19.704612770628177,,20.04,513,9,spy
2010-02-01,SVI per slice,0.1241057498844497,1.4859159546277478,0.9539473684210527,0,1272,0,2052,183.3702542620498,,22.59,608,10,spy
2010-02-01,SVI + penalties,0.6584083311944853,3.9188318337834067,0.26644736842105265,0,10,0,686,103.8755924836723,,22.59,608,10,spy
2010-02-01,SSVI,0.47046421026123114,4.902947540808814,0.7960526315789473,0,0,0,0,22.444432705742084,,22.59,608,10,spy
2010-02-01,eSSVI,0.2760654056239807,2.9575096843096285,0.9144736842105263,0,0,0,0,22.230864537238972,,22.59,608,10,spy
2010-03-01,SVI per slice,0.19318468274794573,2.2519929875972955,0.901060070671378,0,638,0,2068,146.92858376483386,,19.26,566,10,spy
2010-03-01,SVI + penalties,0.6318630314886169,2.540997682929999,0.2756183745583039,0,10,0,711,94.09011140325025,,19.26,566,10,spy
2010-03-01,SSVI,0.6582566077245833,8.321871382480145,0.5918727915194346,0,0,0,0,18.8446704275933,,19.26,566,10,spy
2010-03-01,eSSVI,0.5143079788011435,6.936738149129651,0.7862190812720848,0,0,0,0,18.91919586312174,,19.26,566,10,spy
2010-04-01,SVI per slice,0.11224886997945885,1.0075590170257331,0.935374149659864,0,272,0,2003,17.73335854410643,,17.47,588,10,spy
2010-04-01,SVI + penalties,0.14674536602112925,1.065507914535449,0.8928571428571429,0,9,0,261,17.739614719884095,,17.47,588,10,spy
2010-04-01,SSVI,0.7673400532875295,7.804703722637246,0.6122448979591837,0,0,0,0,17.46289150154856,,17.47,588,10,spy
2010-04-01,eSSVI,0.5704276689029987,5.9463788978040055,0.7465986394557823,0,0,0,0,17.191386062576754,,17.47,588,10,spy
2010-05-03,SVI per slice,0.13445124803380798,1.7068944664185959,0.9061032863849765,0,503,0,2038,67.48934113268052,,20.19,639,10,spy
2010-05-03,SVI + penalties,0.34213552241887546,2.8888970500519253,0.5508607198748043,0,9,0,532,64.02364017955777,,20.19,639,10,spy
2010-05-03,SSVI,0.9355935182381913,8.766990781211486,0.37245696400625977,0,0,0,0,20.38878894432669,,20.19,639,10,spy
2010-05-03,eSSVI,0.6683425903421896,6.82004051308977,0.5821596244131455,0,0,0,0,20.03224016377206,,20.19,639,10,spy
2010-06-01,SVI per slice,0.1766172057962805,1.5483479186165328,0.9764705882352941,0,325,0,1412,35.30663667573362,,35.54,680,10,spy
2010-06-01,SVI + penalties,0.1837509033740376,1.5541828402817925,0.9705882352941176,0,44,0,246,35.46079774024547,,35.54,680,10,spy
2010-06-01,SSVI,0.6657952399027773,5.650957048654326,0.6617647058823529,0,0,0,0,35.5461186883678,,35.54,680,10,spy
2010-06-01,eSSVI,0.2453225920461976,3.0024894870156165,0.9558823529411765,0,0,0,0,35.366597421953486,,35.54,680,10,spy
2010-07-01,SVI per slice,0.17734509300931636,2.17256543656118,0.9850187265917603,0,647,0,1671,276.1137940166424,,32.86,534,9,spy
2010-07-01,SVI + penalties,0.31102244921469185,1.536515211488307,0.8895131086142322,0,5,0,137,80.14401138461977,,32.86,534,9,spy
2010-07-01,SSVI,0.6462808540568304,5.383369476540695,0.7546816479400749,0,0,0,0,32.47631753493446,,32.86,534,9,spy
2010-07-01,eSSVI,0.2564959706787468,2.6528058623119577,0.9644194756554307,0,0,0,0,31.958744411372354,,32.86,534,9,spy
2010-08-02,SVI per slice,0.1989386919413754,1.8506542315525953,0.8910034602076125,0,245,0,1604,42.05551566659723,,22.01,578,10,spy
2010-08-02,SVI + penalties,0.31187084613968935,1.4001348989039875,0.6522491349480969,0,7,0,400,87.10818964713712,,22.01,578,10,spy
2010-08-02,SSVI,0.947506060857034,7.4249805962999185,0.5501730103806228,0,0,0,0,21.91071320265077,,22.01,578,10,spy
2010-08-02,eSSVI,0.7694657682329783,6.418020404798375,0.6730103806228374,0,0,0,0,21.641879385076653,,22.01,578,10,spy
2010-09-01,SVI per slice,0.3102332234978022,3.39234533791114,0.8804523424878837,0,1453,0,2088,,,23.89,619,11,spy
2010-09-01,SVI + penalties,0.5634574643187307,6.517303137059283,0.45718901453957994,0,8,0,468,100.87697851706965,,23.89,619,11,spy
2010-09-01,SSVI,0.639729132975918,6.790080130122322,0.7705977382875606,0,0,0,0,23.792556638657814,,23.89,619,11,spy
2010-09-01,eSSVI,0.5227596978038209,6.2605059735078346,0.8546042003231018,0,0,0,0,23.893625232727373,,23.89,619,11,spy
2010-10-01,SVI per slice,0.13868309193977862,0.8839547527042052,0.9568965517241379,0,1744,0,2098,106.62753636439129,,22.5,696,12,spy
2010-10-01,SVI + penalties,0.889134821204852,5.22117371369541,0.23132183908045978,0,20,0,851,100.92295087188043,,22.5,696,12,spy
2010-10-01,SSVI,0.6653921486260731,7.5182270314608886,0.7054597701149425,0,0,0,0,21.94580656010818,,22.5,696,12,spy
2010-10-01,eSSVI,0.4407453519401319,5.9115086274016235,0.8778735632183908,0,0,0,0,21.63896868674435,,22.5,696,12,spy
2010-11-01,SVI per slice,0.18846994015721313,1.6135737543535644,0.8890532544378699,0,1269,0,2277,159.04713582053176,,21.83,676,11,spy
2010-11-01,SVI + penalties,0.2578646708718183,2.116035737050137,0.8328402366863905,0,36,0,324,21.802487541140597,,21.83,676,11,spy
2010-11-01,SSVI,0.5619663251241016,5.632950211047663,0.6449704142011834,0,0,0,0,21.801573791198276,,21.83,676,11,spy
2010-11-01,eSSVI,0.3714977987742104,3.013970873894439,0.8062130177514792,0,0,0,0,21.602763875366534,,21.83,676,11,spy
2010-12-01,SVI per slice,7.442198542189724,47.33107161047648,0.8743718592964824,347,1404,0,1738,20.667074445853125,,21.36,597,10,spy
2010-12-01,SVI + penalties,0.5683421494906353,2.8813294363727455,0.304857621440536,0,10,0,493,134.89021759576914,,21.36,597,10,spy
2010-12-01,SSVI,0.6668705585683204,5.448877039716598,0.48576214405360135,0,0,0,0,20.781211461517973,,21.36,597,10,spy
2010-12-01,eSSVI,0.4709683413904997,4.625691743292403,0.7001675041876047,0,0,0,0,20.741812516433615,,21.36,597,10,spy
2011-01-03,SVI per slice,0.1471809261536033,2.0857605221065945,0.8672,0,805,0,2441,59.26246771265122,,17.61,625,11,spy
2011-01-03,SVI + penalties,0.18889030079216268,2.45456025673787,0.8288,0,57,0,270,17.305953028475077,,17.61,625,11,spy
2011-01-03,SSVI,0.6994486644351229,5.3537049710082,0.4096,0,0,0,0,17.330196430520953,,17.61,625,11,spy
2011-01-03,eSSVI,0.5181457683187479,4.494346102539976,0.544,0,0,0,0,17.010097341071454,,17.61,625,11,spy
2011-02-01,SVI per slice,0.15220354727010352,0.8396983199981667,0.8260162601626017,0,613,0,3005,97.65147846680486,,17.63,615,11,spy
2011-02-01,SVI + penalties,0.22371169193306037,1.5004886866589795,0.808130081300813,0,59,0,283,17.86610242076346,,17.63,615,11,spy
2011-02-01,SSVI,1.1169854656712386,7.312526420608995,0.208130081300813,0,0,0,0,18.085736809573923,,17.63,615,11,spy
2011-02-01,eSSVI,0.9050959881691087,6.171121170375943,0.32682926829268294,0,0,0,0,17.48782541349419,,17.63,615,11,spy
2011-03-01,SVI per slice,7.264241965692275,40.47762572995469,0.8409506398537477,320,2652,302,2743,,,21.01,547,11,spy
2011-03-01,SVI + penalties,0.2074462817570732,1.1270025817417624,0.7276051188299817,0,9,0,292,21.20303925025414,,21.01,547,11,spy
2011-03-01,SSVI,0.47469684781147575,4.745755195595757,0.7239488117001828,0,0,0,0,20.596973435807705,,21.01,547,11,spy
2011-03-01,eSSVI,0.44628274465108786,4.647669174338725,0.8208409506398537,0,0,0,0,20.600126704167774,,21.01,547,11,spy
2011-04-01,SVI per slice,0.1493259074498039,1.169573134328633,0.8778979907264297,0,1304,0,3503,37.13201728654138,,17.4,647,13,spy
2011-04-01,SVI + penalties,0.2622396290851058,1.6615122037633268,0.6213292117465224,0,27,0,687,45.26676730301568,,17.4,647,13,spy
2011-04-01,SSVI,0.9027651499423404,7.5834342765073,0.4853168469860896,0,0,0,0,17.23586082324582,,17.4,647,13,spy
2011-04-01,eSSVI,0.691063321563434,5.41880927603896,0.6398763523956723,0,0,0,0,16.869040453437417,,17.4,647,13,spy
2011-05-02,SVI per slice,0.18923498514905204,2.1778073278830465,0.8582317073170732,0,1645,0,2708,43.34199866204262,,15.99,656,12,spy
2011-05-02,SVI + penalties,0.2694675352909679,2.11229327081654,0.6280487804878049,0,32,0,474,16.438143074649567,,15.99,656,12,spy
2011-05-02,SSVI,0.8371247225963395,7.493892388939383,0.3902439024390244,0,0,0,0,16.330917978523,,15.99,656,12,spy
2011-05-02,eSSVI,0.6599140505375954,5.7997454386669975,0.5807926829268293,0,0,0,0,15.959582023670565,,15.99,656,12,spy
2011-06-01,SVI per slice,0.25104008402381994,2.218366752549805,0.8935779816513761,0,2068,0,3213,234.9574844632043,,18.3,545,11,spy
2011-06-01,SVI + penalties,0.30675091204911353,2.7506352947444412,0.8807339449541285,0,42,0,208,18.33918465065572,,18.3,545,11,spy
2011-06-01,SSVI,0.5002469795182196,4.022263816222566,0.6880733944954128,0,0,0,0,18.182723106435706,,18.3,545,11,spy
2011-06-01,eSSVI,0.37179218221964005,3.1385476375075436,0.8678899082568807,0,0,0,0,18.164078547636404,,18.3,545,11,spy
2011-07-01,SVI per slice,0.18858693190134856,1.8658565571151697,0.8679525222551929,0,1764,0,1866,61.641257684483854,,15.87,674,13,spy
2011-07-01,SVI + penalties,0.7157551935691305,2.7291118389159266,0.2922848664688427,0,20,0,911,68.19627739385696,,15.87,674,13,spy
2011-07-01,SSVI,0.774359655423918,5.7823893908790005,0.5445103857566765,0,0,0,0,16.11363062674491,,15.87,674,13,spy
2011-07-01,eSSVI,0.5183121104572203,4.578789459524579,0.7418397626112759,0,0,0,0,15.711585241872294,,15.87,674,13,spy
2011-08-01,SVI per slice,0.2349512048453861,1.9463404500296544,0.9002732240437158,0,1773,0,2213,241.23864211195593,,23.66,732,12,spy
2011-08-01,SVI + penalties,0.46922449597295746,2.200849287377607,0.51775956284153,0,10,0,702,90.89637683713319,,23.66,732,12,spy
2011-08-01,SSVI,0.499168494827751,3.8889677633781954,0.7718579234972678,0,0,0,0,23.710996741815933,,23.66,732,12,spy
2011-08-01,eSSVI,0.3546867459365361,3.0939578472177267,0.8538251366120219,0,0,0,0,23.55814047082563,,23.66,732,12,spy
2011-09-01,SVI per slice,8.871609239263343,61.820405836741664,0.8863328822733424,523,1300,348,2308,,,31.82,739,12,spy
2011-09-01,SVI + penalties,0.30777234687336125,3.510507935210072,0.9228687415426252,0,60,0,209,32.41979211721493,,31.82,739,12,spy
2011-09-01,SSVI,0.6001148780873891,3.246540298568734,0.7090663058186739,0,0,0,0,32.43114242213776,,31.82,739,12,spy
2011-09-01,eSSVI,0.3704918572330043,2.7908911903038347,0.8362652232746955,0,0,0,0,32.30375194630115,,31.82,739,12,spy
2011-10-03,SVI per slice,0.11094299779679823,1.0962818564143717,0.9947159841479525,0,0,0,596,44.50726230813301,,45.45,757,11,spy
2011-10-03,SVI + penalties,0.10978250792008262,1.0962821313369897,0.9947159841479525,0,0,0,37,44.50726223437305,,45.45,757,11,spy
2011-10-03,SSVI,0.9819697487295567,7.1380919211754215,0.6367239101717305,0,0,0,0,45.32916818720088,,45.45,757,11,spy
2011-10-03,eSSVI,0.24819504326834635,3.1438141736106653,0.9260237780713342,0,0,0,0,44.58959486548044,,45.45,757,11,spy
2011-11-01,SVI per slice,0.15622683324197598,1.0597115135506985,0.9714673913043478,0,647,0,1705,114.50603841474864,,34.77,736,11,spy
2011-11-01,SVI + penalties,0.1993787437294977,1.1589180500482466,0.9470108695652174,0,9,0,315,68.46028309715413,,34.77,736,11,spy
2011-11-01,SSVI,0.8500672036770804,6.773242531636514,0.7540760869565217,0,0,0,0,34.71747667749121,,34.77,736,11,spy
2011-11-01,eSSVI,0.7647466979843267,6.7416937193426785,0.7948369565217391,0,0,0,0,34.48280857455367,,34.77,736,11,spy
2011-12-01,SVI per slice,0.3910701461945983,5.28610976700255,0.8810240963855421,0,847,0,2117,28.987270947245726,,27.41,664,11,spy
2011-12-01,SVI + penalties,0.40202088505099376,5.286096986527555,0.875,0,20,0,96,26.74610795563359,,27.41,664,11,spy
2011-12-01,SSVI,0.6817928919587504,6.186913922703063,0.5225903614457831,0,0,0,0,26.80472532101652,,27.41,664,11,spy
2011-12-01,eSSVI,0.3930641038341441,4.003984644911174,0.8569277108433735,0,0,0,0,26.756745147953314,,27.41,664,11,spy
2012-01-03,SVI per slice,0.1938838884613394,1.8599550855369629,0.8623978201634878,0,978,0,1756,80.26568013206972,,22.97,734,11,spy
2012-01-03,SVI + penalties,0.2612003629920583,1.8662294691502268,0.6471389645776566,0,10,0,606,56.712473032700984,,22.97,734,11,spy
2012-01-03,SSVI,0.6679761808461994,4.508514386787088,0.5490463215258855,0,0,0,0,22.765211114767084,,22.97,734,11,spy
2012-01-03,eSSVI,0.5186647070517166,5.215793074468039,0.7329700272479565,0,0,0,0,22.376538876698167,,22.97,734,11,spy
2012-02-01,SVI per slice,0.19266851398840595,1.3511544744398807,0.8239247311827957,0,1206,0,2641,94.08116908421216,,18.55,744,12,spy
2012-02-01,SVI + penalties,0.4369782963300814,2.310333168914944,0.3400537634408602,0,10,41,1049,53.218436441149905,,18.55,744,12,spy
2012-02-01,SSVI,0.9131486797177615,6.9943543817976686,0.3333333333333333,0,0,0,0,18.805613083870025,,18.55,744,12,spy
2012-02-01,eSSVI,0.7295222587572706,7.283850660271512,0.553763440860215,0,0,0,0,18.317592243343444,,18.55,744,12,spy
2012-03-01,SVI per slice,0.21192774944586873,2.1096925562866686,0.8300751879699249,0,1145,0,2983,71.2250674032382,,17.26,665,12,spy
2012-03-01,SVI + penalties,0.6825821300557119,3.3933635557829636,0.23007518796992482,0,12,143,1174,107.43262061435995,,17.26,665,12,spy
2012-03-01,SSVI,1.0975953366459863,7.31735560522554,0.3067669172932331,0,0,0,0,16.74149335926485,,17.26,665,12,spy
2012-03-01,eSSVI,0.9003403888594355,7.34659265078334,0.3368421052631579,0,0,0,0,16.64858747762901,,17.26,665,12,spy
2012-04-02,SVI per slice,0.14032186765497826,1.1919611861204937,0.8253094910591472,0,2119,0,2735,97.57850506893064,,15.64,727,12,spy
2012-04-02,SVI + penalties,0.20531405490355598,1.5340458943916335,0.7799174690508941,0,119,0,567,15.451488197277346,,15.64,727,12,spy
2012-04-02,SSVI,0.5929984420023084,4.898457364766823,0.4195323246217332,0,0,0,0,15.386074499414182,,15.64,727,12,spy
2012-04-02,eSSVI,0.4774804487336043,5.021477636522137,0.42778541953232463,0,0,0,0,15.179205759135108,,15.64,727,12,spy
2012-05-01,SVI per slice,0.20184171659503244,2.1586956741034227,0.8390804597701149,0,2452,0,3263,93.00264101133756,,16.6,783,12,spy
2012-05-01,SVI + penalties,0.3996770572019368,1.6919693601480212,0.36909323116219667,0,11,0,1084,63.85641975684688,,16.6,783,12,spy
2012-05-01,SSVI,0.5424500578805999,3.790890990591304,0.42911877394636017,0,0,0,0,16.597121064146886,,16.6,783,12,spy
2012-05-01,eSSVI,0.35733376376212767,3.230188739378165,0.6615581098339719,0,0,0,0,16.31286725298651,,16.6,783,12,spy
2012-06-01,SVI per slice,0.6215683942843903,7.626398634681192,0.866421568627451,0,1018,604,2836,51.254459381869374,,26.66,816,13,spy
2012-06-01,SVI + penalties,0.8690130987437688,11.120444130502833,0.8762254901960784,0,18,300,128,26.724267215336546,,26.66,816,13,spy
2012-06-01,SSVI,1.178742523716678,10.649841780452995,0.32965686274509803,0,0,0,0,26.966213310716192,,26.66,816,13,spy
2012-06-01,eSSVI,0.9094094255210227,11.271932360588933,0.8149509803921569,0,0,0,0,26.672100360958428,,26.66,816,13,spy
2012-07-02,SVI per slice,0.2353754126376987,1.8860839411002583,0.7692307692307693,0,1331,0,2185,17.214792154661712,,16.8,767,12,spy
2012-07-02,SVI + penalties,0.2335362338079937,1.1315249012135153,0.6101694915254238,0,30,0,572,20.448534370837816,,16.8,767,12,spy
2012-07-02,SSVI,0.6545541631407107,4.778099535937103,0.4511082138200782,0,0,0,0,16.505685944424975,,16.8,767,12,spy
2012-07-02,eSSVI,0.5475783098486466,4.725577277302645,0.6179921773142112,0,0,0,0,16.385314295444473,,16.8,767,12,spy
2012-08-01,SVI per slice,0.21065057757144728,1.481060795101935,0.8121059268600253,0,1895,0,2107,109.70891485022545,,18.96,793,12,spy
2012-08-01,SVI + penalties,0.23831430734482134,1.7947046920250065,0.8058007566204287,0,60,0,166,18.995805816776144,,18.96,793,12,spy
2012-08-01,SSVI,0.6330479963152247,5.0581810925081,0.4514501891551072,0,0,0,0,19.232551451241683,,18.96,793,12,spy
2012-08-01,eSSVI,0.369042504493104,3.1871812730351836,0.7313997477931904,0,0,0,0,18.790537472229936,,18.96,793,12,spy
2012-09-04,SVI per slice,5.547306638810085,38.89109929284708,0.7311385459533608,295,2784,287,3357,,,17.98,729,11,spy
2012-09-04,SVI + penalties,0.5848012409644785,2.259286970242064,0.20713305898491083,0,10,0,978,99.9034691355014,,17.98,729,11,spy
2012-09-04,SSVI,0.5851271146878803,5.0168854149123305,0.448559670781893,0,0,0,0,17.905995251917773,,17.98,729,11,spy
2012-09-04,eSSVI,0.4901316362088788,4.345056435813271,0.5925925925925926,0,0,0,0,17.79908747935568,,17.98,729,11,spy
2012-10-01,SVI per slice,0.18042172039101959,1.2802899929673595,0.7509778357235984,0,1897,0,2473,58.45169543180695,,16.32,767,11,spy
2012-10-01,SVI + penalties,0.21300547027921565,1.4312357052852165,0.7040417209908736,0,56,0,60,16.09130951604753,,16.32,767,11,spy
2012-10-01,SSVI,0.7264244408036272,5.1088784509363325,0.3285528031290743,0,0,0,0,16.306091294636577,,16.32,767,11,spy
2012-10-01,eSSVI,0.5624769253280825,4.252478322628594,0.5267275097783573,0,0,0,0,15.812413612362228,,16.32,767,11,spy
2012-11-01,SVI per slice,3.3513321617637537,24.91755721523002,0.6460176991150443,106,2961,85,3439,123.13739121488956,,16.69,791,12,spy
2012-11-01,SVI + penalties,0.4187327699660712,2.05505140271042,0.33754740834386854,0,10,0,1111,118.49626648196036,,16.69,791,12,spy
2012-11-01,SSVI,0.8235788323999584,4.761227709384586,0.3147914032869785,0,0,0,0,16.89425580307566,,16.69,791,12,spy
2012-11-01,eSSVI,0.5529007491259645,4.263287417027795,0.5183312262958281,0,0,0,0,16.515084092452224,,16.69,791,12,spy
2012-12-03,SVI per slice,6.640811112518325,35.933889381662745,0.6987087517934003,462,3464,217,3538,,,16.64,697,12,spy
2012-12-03,SVI + penalties,0.5111832500817968,1.9415101665972294,0.27259684361549497,0,7,114,1048,139.48053615236995,,16.64,697,12,spy
2012-12-03,SSVI,0.5577854724516556,4.066401572712181,0.47058823529411764,0,0,0,0,16.695969498952447,,16.64,697,12,spy
2012-12-03,eSSVI,0.4508036541715473,3.528824143956122,0.6197991391678622,0,0,0,0,16.539409298678212,,16.64,697,12,spy
2013-01-02,SVI per slice,0.17396181150053516,1.2328310807177723,0.8081180811808119,0,2621,1,3801,15.10840406369611,,14.68,813,14,spy
2013-01-02,SVI + penalties,0.6915457248871784,3.7379895429224206,0.23247232472324722,0,263,157,1524,67.23545325151771,,14.68,813,14,spy
2013-01-02,SSVI,0.7206749053284395,6.339767938908758,0.43419434194341944,0,0,0,0,14.172783517540621,,14.68,813,14,spy
2013-01-02,eSSVI,0.5103925093571499,4.588392192523038,0.6137761377613776,0,0,0,0,14.19272976715611,,14.68,813,14,spy
2013-02-01,SVI per slice,4.3080557527905325,31.246285811415465,0.7694204685573366,343,4056,181,5348,,,12.9,811,15,spy
2013-02-01,SVI + penalties,0.5998475923639759,6.118821151638684,0.32552404438964244,0,487,0,1546,29.674761928008696,,12.9,811,15,spy
2013-02-01,SSVI,0.4971780144118138,4.084577903331807,0.4241676942046856,0,0,0,0,12.44851437513859,,12.9,811,15,spy
2013-02-01,eSSVI,0.37830311669805,3.65528345193076,0.6202219482120839,0,0,0,0,12.395630202560284,,12.9,811,15,spy
2013-03-01,SVI per slice,4.4889124207999025,31.665617719783995,0.7738896366083445,232,3850,104,3999,,14.78632488735762,15.36,743,14,spy
2013-03-01,SVI + penalties,0.8624045069876956,3.070024260296483,0.1655450874831763,0,13,107,1500,107.41076527058262,14.78632488735762,15.36,743,14,spy
2013-03-01,SSVI,0.712323013977786,6.161610453921668,0.4104979811574697,0,0,0,0,15.008884685657117,14.78632488735762,15.36,743,14,spy
2013-03-01,eSSVI,0.466261731048035,4.152661011761366,0.676985195154778,0,0,0,0,14.993745189858457,14.78632488735762,15.36,743,14,spy
2013-04-01,SVI per slice,5.2959069485850465,33.90700602953965,0.6765053128689492,574,4601,280,5001,,13.404581669528536,13.58,847,15,spy
2013-04-01,SVI + penalties,0.4715105474071136,1.769377897209834,0.24439197166469895,0,14,0,1364,75.32803079400358,13.404581669528536,13.58,847,15,spy
2013-04-01,SSVI,0.43155236789973866,4.484459010808611,0.5419126328217237,0,0,0,0,13.479580541050618,13.404581669528536,13.58,847,15,spy
2013-04-01,eSSVI,0.3602609366501614,3.87278652134988,0.6056670602125147,0,0,0,0,13.45873199136214,13.404581669528536,13.58,847,15,spy
2013-05-01,SVI per slice,3.9841270811139617,25.713441831678175,0.6780660377358491,383,4504,171,4542,,,14.49,848,15,spy
2013-05-01,SVI + penalties,0.20799449670176484,2.261149497769682,0.722877358490566,0,76,0,400,14.46957308103859,,14.49,848,15,spy
2013-05-01,SSVI,0.42373193054409075,3.566179188353469,0.43160377358490565,0,0,0,0,14.33047105332538,,14.49,848,15,spy
2013-05-01,eSSVI,0.33193900583892577,3.2864099864798044,0.6049528301886793,0,0,0,0,14.305925307288927,,14.49,848,15,spy
2013-06-03,SVI per slice,5.88776008666411,39.189222520881884,0.6539923954372624,289,3376,160,3822,111.45055480076986,15.905697268574992,16.28,789,13,spy
2013-06-03,SVI + penalties,0.32298840093812314,1.66010865844924,0.4879594423320659,0,9,0,696,104.7921327886236,15.905697268574992,16.28,789,13,spy
2013-06-03,SSVI,0.4074791596482575,3.781259217346866,0.4524714828897338,0,0,0,0,16.228868920299558,15.905697268574992,16.28,789,13,spy
2013-06-03,eSSVI,0.35137990304442623,3.313601122481585,0.514575411913815,0,0,0,0,16.223716530152902,15.905697268574992,16.28,789,13,spy
2013-07-01,SVI per slice,5.34089495937469,31.77916524138173,0.7209580838323353,390,4481,148,4805,223.71446286250364,16.393684013189596,16.37,835,15,spy
2013-07-01,SVI + penalties,3.264100084749172,26.45415629140902,0.4359281437125748,148,511,0,803,99.38193237162109,16.393684013189596,16.37,835,15,spy
2013-07-01,SSVI,0.35578224729005375,2.976646628173543,0.4622754491017964,0,0,0,0,16.310663134961896,16.393684013189596,16.37,835,15,spy
2013-07-01,eSSVI,0.24938530370337283,2.6145773144323705,0.6203592814371257,0,0,0,0,16.278248934521677,16.393684013189596,16.37,835,15,spy
2013-08-01,SVI per slice,2.7087428794068287,20.74978438923745,0.66548463356974,182,3981,182,4240,,12.778055148388813,12.94,846,16,spy
2013-08-01,SVI + penalties,0.19195515332230234,1.6190783130552,0.6312056737588653,0,122,0,612,12.859035528398879,12.778055148388813,12.94,846,16,spy
2013-08-01,SSVI,0.5049615106108258,3.9833768067118136,0.37706855791962174,0,0,0,0,12.704391348366972,12.778055148388813,12.94,846,16,spy
2013-08-01,eSSVI,0.3617739827105526,2.892553462444758,0.49763593380614657,0,0,0,0,12.720985698585071,12.778055148388813,12.94,846,16,spy
2013-09-03,SVI per slice,0.25040801030598864,1.5966932631492847,0.6031553398058253,0,2741,2,4753,67.16999045903833,16.63062573595509,16.61,824,14,spy
2013-09-03,SVI + penalties,0.33286710312148104,1.6058827548188006,0.4696601941747573,0,19,0,695,69.41379318651583,16.63062573595509,16.61,824,14,spy
2013-09-03,SSVI,0.3650304637185873,2.2297743593394093,0.42354368932038833,0,0,0,0,16.944665543992333,16.63062573595509,16.61,824,14,spy
2013-09-03,eSSVI,0.33357291721230464,2.2755415602152884,0.4975728155339806,0,0,0,0,16.930600506647185,16.63062573595509,16.61,824,14,spy
2013-10-01,SVI per slice,0.15318358561890066,0.6943433933299992,0.7558139534883721,0,2711,0,2981,123.63013877147506,15.576079948254955,15.54,860,14,spy
2013-10-01,SVI + penalties,0.6216792131662734,2.6421035127095442,0.24302325581395348,0,13,0,1469,98.84882847931536,15.576079948254955,15.54,860,14,spy
2013-10-01,SSVI,0.6922604639030022,5.544489278433012,0.41511627906976745,0,0,0,0,15.445771830112395,15.576079948254955,15.54,860,14,spy
2013-10-01,eSSVI,0.5283175638319219,4.78757759835019,0.5337209302325582,0,0,0,0,15.457251200522437,15.576079948254955,15.54,860,14,spy
2013-11-01,SVI per slice,0.1683529997358921,0.787658763380543,0.7485311398354877,0,1878,0,3712,14.55893125216983,11.929705913883803,13.28,851,15,spy
2013-11-01,SVI + penalties,0.21167355900774026,0.9650600485305999,0.6474735605170387,0,81,0,728,12.817889618060638,11.929705913883803,13.28,851,15,spy
2013-11-01,SSVI,1.096419928953357,7.706205503479479,0.2056404230317274,0,0,0,0,12.227115395940215,11.929705913883803,13.28,851,15,spy
2013-11-01,eSSVI,0.8804037933135355,6.276688006524667,0.3372502937720329,0,0,0,0,12.136444564351747,11.929705913883803,13.28,851,15,spy
2013-12-02,SVI per slice,0.21926973401438254,1.4152410868625676,0.6397163120567376,0,2118,0,4274,73.61106619791629,13.240132327210253,14.23,705,13,spy
2013-12-02,SVI + penalties,0.6505044305335437,3.8769036994677015,0.251063829787234,0,42,0,1138,56.28480005291693,13.240132327210253,14.23,705,13,spy
2013-12-02,SSVI,1.136913654232457,8.482033826311802,0.14609929078014183,0,0,0,0,13.705558330065676,13.240132327210253,14.23,705,13,spy
2013-12-02,eSSVI,0.8073180234942259,5.76174693870331,0.28794326241134754,0,0,0,0,13.667638228625039,13.240132327210253,14.23,705,13,spy
2014-01-02,SVI per slice,0.14835675969591428,0.9425209141985136,0.7419689119170985,0,1137,254,3971,23.469652345913406,13.820052071964126,14.23,965,16,spy
2014-01-02,SVI + penalties,0.2561948534380531,1.9568829789724531,0.5844559585492228,0,63,0,936,14.514606176612297,13.820052071964126,14.23,965,16,spy
2014-01-02,SSVI,1.256205151804617,9.98082057111948,0.1544041450777202,0,0,0,0,14.126194432223821,13.820052071964126,14.23,965,16,spy
2014-01-02,eSSVI,1.0080535471872347,9.399743657814252,0.26424870466321243,0,0,0,0,14.125810389613985,13.820052071964126,14.23,965,16,spy
2014-02-03,SVI per slice,0.22905967258221213,1.7083787486388113,0.742,0,1374,0,3039,41.6477579304239,,21.44,1000,14,spy
2014-02-03,SVI + penalties,0.2878110432745411,2.0447202552364594,0.687,0,87,0,340,21.209976294526783,,21.44,1000,14,spy
2014-02-03,SSVI,0.9964178176552371,6.468582805734507,0.243,0,0,0,0,21.306321149642322,,21.44,1000,14,spy
2014-02-03,eSSVI,0.7387977199845633,4.974958708163313,0.507,0,0,0,0,21.01223752309064,,21.44,1000,14,spy
2014-03-03,SVI per slice,0.20349768657952494,1.0809777289447653,0.6348884381338742,0,2178,5,4080,87.74988015155088,14.726349180362453,16.0,986,16,spy
2014-03-03,SVI + penalties,0.539496276178953,2.0727157827511777,0.22515212981744423,0,78,0,2158,71.48920278575335,14.726349180362453,16.0,986,16,spy
2014-03-03,SSVI,0.9813769701100983,7.144136883145347,0.20486815415821502,0,0,0,0,15.87852909579322,14.726349180362453,16.0,986,16,spy
2014-03-03,eSSVI,0.8115824947990284,6.046215583789011,0.4117647058823529,0,0,0,0,15.835818718401118,14.726349180362453,16.0,986,16,spy
2014-04-01,SVI per slice,4.728783031696336,22.726666753378126,0.5355355355355356,343,4808,163,4235,,12.527607364676005,13.1,999,17,spy
2014-04-01,SVI + penalties,0.566217505832164,2.6830411011743966,0.1961961961961962,0,15,117,2247,74.18542676150452,12.527607364676005,13.1,999,17,spy
2014-04-01,SSVI,0.5888717710591046,5.376486084713717,0.21121121121121122,0,0,0,0,12.662232323117678,12.527607364676005,13.1,999,17,spy
2014-04-01,eSSVI,0.4699809934734174,4.862391663675508,0.45845845845845845,0,0,0,0,12.637030997664858,12.527607364676005,13.1,999,17,spy
2014-05-01,SVI per slice,9.367344751190085,31.373966728194603,0.46168768186226966,1662,6962,1548,7540,,12.090370060816001,13.25,1031,18,spy
2014-05-01,SVI + penalties,0.4030646548271323,1.9943278795356678,0.27449078564500484,0,14,23,1733,43.50530258957534,12.090370060816001,13.25,1031,18,spy
2014-05-01,SSVI,0.5321650778048254,4.197608753859755,0.33656644034917554,0,0,0,0,12.395768449226763,12.090370060816001,13.25,1031,18,spy
2014-05-01,eSSVI,0.4330997015297701,4.207594660988889,0.5208535402521823,0,0,0,0,12.325597070667758,12.090370060816001,13.25,1031,18,spy
2014-06-02,SVI per slice,0.23560622874125528,1.2160327949676322,0.5773672055427251,0,2478,29,5045,11.405427681792231,11.382784462278416,11.58,866,16,spy
2014-06-02,SVI + penalties,0.4497060037537184,2.1173812874072553,0.24826789838337182,0,37,21,1707,17.681129632373878,11.382784462278416,11.58,866,16,spy
2014-06-02,SSVI,0.8008815911249051,7.220497826781486,0.312933025404157,0,0,0,0,11.413579382807171,11.382784462278416,11.58,866,16,spy
2014-06-02,eSSVI,0.6584081669116848,6.338623203999283,0.407621247113164,0,0,0,0,11.421573057836008,11.382784462278416,11.58,866,16,spy
2014-07-01,SVI per slice,5.1852085026622285,25.810865069267873,0.6993087557603687,529,4618,474,6167,16.722786895401132,9.845983146258336,11.15,868,17,spy
2014-07-01,SVI + penalties,0.8667136006942994,3.807996113945042,0.21428571428571427,0,15,190,2559,49.45354325609724,9.845983146258336,11.15,868,17,spy
2014-07-01,SSVI,0.8998991483379734,6.3519459547975385,0.25921658986175117,0,0,0,0,10.384705741836473,9.845983146258336,11.15,868,17,spy
2014-07-01,eSSVI,0.5874329111221193,4.7210219406910445,0.5230414746543779,0,0,0,0,10.624679030441191,9.845983146258336,11.15,868,17,spy
2014-08-01,SVI per slice,0.17906229418704875,1.4385236132255064,0.7485970819304153,0,2688,0,2936,163.28341014652915,15.578362521575597,17.03,891,18,spy
2014-08-01,SVI + penalties,0.808016450698781,4.293454903992272,0.24579124579124578,0,12,119,1826,106.28270871460231,15.578362521575597,17.03,891,18,spy
2014-08-01,SSVI,1.028759103014346,10.397740068526529,0.4612794612794613,0,0,0,0,16.497617740716393,15.578362521575597,17.03,891,18,spy
2014-08-01,eSSVI,0.6820311546162708,7.484703702762824,0.5196408529741863,0,0,0,0,16.75777348939193,15.578362521575597,17.03,891,18,spy
2014-09-02,SVI per slice,0.20691770607164944,1.5986102001848843,0.720708446866485,0,4891,3,4684,,11.773289192211053,12.25,734,16,spy
2014-09-02,SVI + penalties,0.4551793259184689,2.56452953424266,0.279291553133515,0,92,0,1530,66.37483362134897,11.773289192211053,12.25,734,16,spy
2014-09-02,SSVI,0.752083505850072,8.35384138427473,0.28065395095367845,0,0,0,0,11.962780528052335,11.773289192211053,12.25,734,16,spy
2014-09-02,eSSVI,0.6482523719675078,7.38783190235694,0.44550408719346046,0,0,0,0,11.938613548417731,11.773289192211053,12.25,734,16,spy
2014-10-01,SVI per slice,9.347836925546376,40.01744662275176,0.6028602860286029,1089,3996,245,4326,16.655002122888295,,16.71,909,16,spy
2014-10-01,SVI + penalties,0.8596438506712637,5.735808284216459,0.24752475247524752,0,35,10,1751,61.518950881174675,,16.71,909,16,spy
2014-10-01,SSVI,0.6195089668734785,5.208788156116384,0.5753575357535754,0,0,0,0,16.578930540162613,,16.71,909,16,spy
2014-10-01,eSSVI,0.5570890907360332,5.345923687878318,0.671067106710671,0,0,0,0,16.57683314764528,,16.71,909,16,spy
2014-11-03,SVI per slice,0.28002451837538056,3.4005048849866992,0.6504381694255112,0,3625,10,3776,145.75029920488097,14.596427217081473,14.73,1027,15,spy
2014-11-03,SVI + penalties,0.33665612417667345,4.5412454024091495,0.5978578383641675,0,114,0,331,14.679321609052831,14.596427217081473,14.73,1027,15,spy
2014-11-03,SSVI,0.8029915478235344,6.963918263003449,0.24148003894839337,0,0,0,0,14.515196788636311,14.596427217081473,14.73,1027,15,spy
2014-11-03,eSSVI,0.6636176119833179,6.1799690700614915,0.45666991236611487,0,0,0,0,14.520087401975596,14.596427217081473,14.73,1027,15,spy
2014-12-01,SVI per slice,6.66076724992553,43.284421998952446,0.5802083333333333,542,3998,337,5051,,14.854538823728852,14.16,960,15,spy
2014-12-01,SVI + penalties,0.8422325233815843,3.1328069128772897,0.140625,0,14,36,1851,106.00138863509558,14.854538823728852,14.16,960,15,spy
2014-12-01,SSVI,0.8477218356146567,7.812748596344898,0.26145833333333335,0,0,0,0,14.448717352437205,14.854538823728852,14.16,960,15,spy
2014-12-01,eSSVI,0.7330902438289896,7.937248772083327,0.45729166666666665,0,0,0,0,14.384807779785472,14.854538823728852,14.16,960,15,spy
2015-01-02,SVI per slice,5.72855428583747,42.87673688663467,0.8060021436227224,567,4453,255,3313,,17.403890364722056,17.79,933,16,spy
2015-01-02,SVI + penalties,0.6032891093960255,3.5719401553638286,0.5091103965702036,0,52,0,1431,91.22713438253027,17.403890364722056,17.79,933,16,spy
2015-01-02,SSVI,0.9470349102223198,8.791522523873386,0.6055734190782422,0,0,0,0,17.29004882193606,17.403890364722056,17.79,933,16,spy
2015-01-02,eSSVI,0.8665583788946863,8.562730207343405,0.7513397642015005,0,0,0,0,17.12860663633539,17.403890364722056,17.79,933,16,spy
2015-02-02,SVI per slice,4.416293646525622,38.74813045493549,0.6908914728682171,339,4554,327,3688,105.53735138339992,19.100401257180028,19.43,1032,16,spy
2015-02-02,SVI + penalties,0.3095826527874888,2.0878064701603054,0.5058139534883721,0,535,26,1163,78.6204112947668,19.100401257180028,19.43,1032,16,spy
2015-02-02,SSVI,0.7895305917594522,6.4874385125081595,0.45155038759689925,0,0,0,0,19.281869545721733,19.100401257180028,19.43,1032,16,spy
2015-02-02,eSSVI,0.7373291216780589,7.910387444888645,0.6191860465116279,0,0,0,0,19.083996365249075,19.100401257180028,19.43,1032,16,spy
2015-03-02,SVI per slice,8.319759599963426,38.365650605166415,0.4192477876106195,622,5496,446,5076,,12.910654706849895,13.04,904,14,spy
2015-03-02,SVI + penalties,0.6067136820863547,4.473254560711748,0.26991150442477874,0,111,0,1159,12.880380186891882,12.910654706849895,13.04,904,14,spy
2015-03-02,SSVI,1.0830212129238075,6.3737757027087945,0.2179203539823009,0,0,0,0,12.800356377701627,12.910654706849895,13.04,904,14,spy
2015-03-02,eSSVI,0.9869850737881445,6.091979305391043,0.23119469026548672,0,0,0,0,12.801255482114755,12.910654706849895,13.04,904,14,spy
2015-04-01,SVI per slice,0.40114515677996304,4.158037694545907,0.6723585912486659,0,2486,6,3539,14.988297756878627,,15.11,937,16,spy
2015-04-01,SVI + penalties,0.7728721167335965,2.9011210096888727,0.15795090715048027,0,18,6,1946,75.69716924322714,,15.11,937,16,spy
2015-04-01,SSVI,0.8424092113508912,6.287643981418423,0.33938100320170755,0,0,0,0,15.081288032298387,,15.11,937,16,spy
2015-04-01,eSSVI,0.7454140836717409,7.349179595130911,0.5314834578441836,0,0,0,0,14.997689443423887,,15.11,937,16,spy
2015-05-01,SVI per slice,10.295302692523881,40.75523241803117,0.4805194805194805,2212,7298,1303,4393,,12.53029032082492,12.7,1001,17,spy
2015-05-01,SVI + penalties,0.37154037359784275,2.2007765149879677,0.34265734265734266,0,966,0,1152,13.01832797042419,12.53029032082492,12.7,1001,17,spy
2015-05-01,SSVI,0.7145423016436936,5.927522059015178,0.36063936063936064,0,0,0,0,12.529762760317217,12.53029032082492,12.7,1001,17,spy
2015-05-01,eSSVI,0.662861325215987,5.675283643894363,0.5684315684315684,0,0,0,0,12.497612224792283,12.53029032082492,12.7,1001,17,spy
2015-06-01,SVI per slice,6.903398193111747,38.99995296504028,0.4845360824742268,448,2415,173,4304,13.987843994384304,13.931268484793554,13.97,873,15,spy
2015-06-01,SVI + penalties,0.47798833693882037,4.334259509809046,0.4765177548682703,0,56,0,431,14.100147871840557,13.931268484793554,13.97,873,15,spy
2015-06-01,SSVI,0.5713324155377274,4.393255597947493,0.30126002290950743,0,0,0,0,14.00840738867258,13.931268484793554,13.97,873,15,spy
2015-06-01,eSSVI,0.5225233223016018,4.284772027895423,0.36769759450171824,0,0,0,0,14.00214108495933,13.931268484793554,13.97,873,15,spy
2015-07-01,SVI per slice,6.054279413310231,37.99456428079266,0.6715899218071243,462,3745,260,4397,15.915254830177156,,16.09,1151,16,spy
2015-07-01,SVI + penalties,1.2370330809872745,9.553050055004297,0.365768896611642,0,1742,193,1979,,,16.09,1151,16,spy
2015-07-01,SSVI,0.7144829180182429,7.365278826846172,0.5082536924413553,0,0,0,0,15.858506520719212,,16.09,1151,16,spy
2015-07-01,eSSVI,0.6731926246260308,7.720041621908569,0.6107732406602954,0,0,0,0,15.849242856238902,,16.09,1151,16,spy
2015-08-03,SVI per slice,4.183917056115682,28.588495889525927,0.6384279475982533,206,2212,155,3715,17.48524184075471,12.477326481165257,12.56,1145,16,spy
2015-08-03,SVI + penalties,0.31048300040414106,3.7336720599829007,0.5947598253275109,0,57,0,806,12.448743989318404,12.477326481165257,12.56,1145,16,spy
2015-08-03,SSVI,0.4880473472069078,4.186823086587449,0.33973799126637555,0,0,0,0,12.399038031864523,12.477326481165257,12.56,1145,16,spy
2015-08-03,eSSVI,0.3596678261878149,3.6612304642473505,0.43580786026200874,0,0,0,0,12.366226780949349,12.477326481165257,12.56,1145,16,spy
2015-09-01,SVI per slice,9.965440229334622,77.99781597828257,0.7113740959894806,614,3159,706,3918,295.20699803117884,31.084685907354654,31.4,1521,15,spy
2015-09-01,SVI + penalties,0.5542781344113243,4.496468762003339,0.45956607495069035,0,12,0,947,140.91584622614303,31.084685907354654,31.4,1521,15,spy
2015-09-01,SSVI,1.4504165324791272,14.849388334418324,0.42932281393819854,0,0,0,0,30.80764166345468,31.084685907354654,31.4,1521,15,spy
2015-09-01,eSSVI,1.3719105435727683,16.28802101802912,0.6147271531886916,0,0,0,0,30.811269195284712,31.084685907354654,31.4,1521,15,spy
2015-10-01,SVI per slice,0.326917931934034,2.4803080320540682,0.6049848942598187,0,3631,0,4572,,22.275872568283777,22.55,1324,15,spy
2015-10-01,SVI + penalties,0.5044654927591207,6.398382883556053,0.4259818731117825,0,1307,0,1134,,22.275872568283777,22.55,1324,15,spy
2015-10-01,SSVI,1.6484647432268418,12.767769183197231,0.22734138972809667,0,0,0,0,22.25383998707177,22.275872568283777,22.55,1324,15,spy
2015-10-01,eSSVI,1.5570628354643499,16.341858811935005,0.48942598187311176,0,0,0,0,22.15505051615455,22.275872568283777,22.55,1324,15,spy
2015-11-02,SVI per slice,11.379303872188753,40.135327509561314,0.40311986863711,1296,5695,685,4313,,13.8918098668166,14.15,1218,14,spy
2015-11-02,SVI + penalties,5.160402080064865,33.52457487609256,0.10591133004926108,189,458,34,1658,72.52067302080478,13.8918098668166,14.15,1218,14,spy
2015-11-02,SSVI,1.1290713346145773,11.212825771864782,0.17980295566502463,0,0,0,0,13.748471492479068,13.8918098668166,14.15,1218,14,spy
2015-11-02,eSSVI,0.9615772544822909,10.489220830769696,0.27586206896551724,0,0,0,0,13.838062666801887,13.8918098668166,14.15,1218,14,spy
2015-12-01,SVI per slice,11.93275551742093,40.91803813240738,0.40993788819875776,1400,5481,518,3523,,,14.67,966,12,spy
2015-12-01,SVI + penalties,0.6302347023666891,3.2378317983311256,0.14596273291925466,0,12,0,1309,74.65470635734299,,14.67,966,12,spy
2015-12-01,SSVI,1.0097974133767804,8.31593101481528,0.2981366459627329,0,0,0,0,14.757796555486186,,14.67,966,12,spy
2015-12-01,eSSVI,0.9361227052961295,7.870072859838095,0.3281573498964803,0,0,0,0,14.627669099240922,,14.67,966,12,spy
2016-01-04,SVI per slice,5.075173072780511,53.55132023992893,0.6238003838771593,447,3078,454,4421,,19.734326972665592,20.7,1042,14,spy
2016-01-04,SVI + penalties,2.3884978616058796,16.64385990643005,0.3310940499040307,0,468,31,1967,90.59453578003765,19.734326972665592,20.7,1042,14,spy
2016-01-04,SSVI,1.749195464996646,12.2735990437291,0.2533589251439539,0,0,0,0,20.458117864267262,19.734326972665592,20.7,1042,14,spy
2016-01-04,eSSVI,1.7519484407746457,14.288338134344759,0.43474088291746643,0,0,0,0,20.10477592234467,19.734326972665592,20.7,1042,14,spy
2016-02-01,SVI per slice,6.4210839718084225,47.30862895624793,0.5516372795969773,470,4201,507,3058,,19.915337039604132,19.98,1191,14,spy
2016-02-01,SVI + penalties,0.5274965803773138,2.817099618561997,0.3266162888329135,0,452,0,801,23.106853212527874,19.915337039604132,19.98,1191,14,spy
2016-02-01,SSVI,1.350821513444926,10.22339770857958,0.17800167926112512,0,0,0,0,19.733926741522644,19.915337039604132,19.98,1191,14,spy
2016-02-01,eSSVI,1.206046816588103,10.96316292447232,0.4282115869017632,0,0,0,0,19.622749956450157,19.915337039604132,19.98,1191,14,spy
2016-03-01,SVI per slice,5.659030852872348,33.196774001176735,0.42957042957042957,184,3730,145,2920,259.9261733042424,17.57171357012567,17.7,1001,14,spy
2016-03-01,SVI + penalties,0.5763871073201647,2.73266686500494,0.2007992007992008,0,10,0,1322,120.56234926669799,17.57171357012567,17.7,1001,14,spy
2016-03-01,SSVI,1.0611057414651426,6.067867747725381,0.1888111888111888,0,0,0,0,17.469900388773343,17.57171357012567,17.7,1001,14,spy
2016-03-01,eSSVI,0.8707955078518126,5.402984846508407,0.2677322677322677,0,0,0,0,17.429312395090356,17.57171357012567,17.7,1001,14,spy
2016-04-01,SVI per slice,3.211344022244872,25.628323922112493,0.5026223776223776,240,4590,237,5138,,13.037676802298556,13.1,1144,17,spy
2016-04-01,SVI + penalties,0.5227363531199373,1.7297759695635906,0.2194055944055944,0,59,64,1811,54.46151065031082,13.037676802298556,13.1,1144,17,spy
2016-04-01,SSVI,1.0405276909912535,5.690330381226899,0.1354895104895105,0,0,0,0,13.005735053784173,13.037676802298556,13.1,1144,17,spy
2016-04-01,eSSVI,0.9117829164263264,5.480075290554931,0.32342657342657344,0,0,0,0,12.971984662740601,13.037676802298556,13.1,1144,17,spy
2016-05-02,SVI per slice,5.500238277472689,38.23100586720717,0.40957886044591246,330,3918,289,4159,,14.314265801980461,14.68,1211,16,spy
2016-05-02,SVI + penalties,0.5652786835376409,2.3910878365653865,0.16184971098265896,0,65,81,1678,62.7020741315542,14.314265801980461,14.68,1211,16,spy
2016-05-02,SSVI,0.8551512949490911,5.67997762281241,0.13790255986787778,0,0,0,0,14.603670746272318,14.314265801980461,14.68,1211,16,spy
2016-05-02,eSSVI,0.7650166858078796,5.227072671246713,0.2741535920726672,0,0,0,0,14.431749239204223,14.314265801980461,14.68,1211,16,spy
2016-06-01,SVI per slice,8.332598015136252,36.93760412771448,0.31536388140161725,551,4389,280,4959,29.06832024084257,14.105715237737456,14.2,1113,15,spy
2016-06-01,SVI + penalties,0.5896107976395187,2.269165182318697,0.1725067385444744,0,20,70,1877,87.78345555879737,14.105715237737456,14.2,1113,15,spy
2016-06-01,SSVI,1.1256630431168042,6.721798082765806,0.11590296495956873,0,0,0,0,14.082156699776524,14.105715237737456,14.2,1113,15,spy
2016-06-01,eSSVI,0.9955994748075743,6.131311934785577,0.23000898472596587,0,0,0,0,14.120564675064495,14.105715237737456,14.2,1113,15,spy
2016-07-01,SVI per slice,6.067278961353799,39.90738167686519,0.4139194139194139,873,5497,863,4365,118.65113271835415,14.520098717784,14.77,1365,18,spy
2016-07-01,SVI + penalties,0.6086590669062336,2.770331014708527,0.16263736263736264,0,219,20,2251,67.42855841395784,14.520098717784,14.77,1365,18,spy
2016-07-01,SSVI,1.3095719805296289,9.640635521370717,0.12967032967032968,0,0,0,0,14.425124020962146,14.520098717784,14.77,1365,18,spy
2016-07-01,eSSVI,1.1775910787205275,9.026455700677671,0.31648351648351647,0,0,0,0,14.358288367058575,14.520098717784,14.77,1365,18,spy
2016-08-01,SVI per slice,4.203282031299273,29.96284557555276,0.32537788385043753,169,4308,77,4847,13.96257979051275,12.376072635727471,12.44,1257,16,spy
2016-08-01,SVI + penalties,0.6014938984920729,2.6331196915245965,0.13842482100238662,0,14,3,2153,66.38140358065841,12.376072635727471,12.44,1257,16,spy
2016-08-01,SSVI,0.9409253496879403,6.078057974082768,0.11296738265712013,0,0,0,0,12.279476819105557,12.376072635727471,12.44,1257,16,spy
2016-08-01,eSSVI,0.7904055681897791,5.7337249777055455,0.2060461416070008,0,0,0,0,12.22169668870577,12.376072635727471,12.44,1257,16,spy
2016-09-01,SVI per slice,0.48051418052122985,3.478468303884447,0.41119221411192214,0,2576,0,5720,218.4865005742625,13.300873200105217,13.48,1233,19,spy
2016-09-01,SVI + penalties,1.3590266216228073,5.824140914838488,0.10218978102189781,0,13,241,3603,85.93896202373588,13.300873200105217,13.48,1233,19,spy
2016-09-01,SSVI,0.7581837485231679,4.8227306447448655,0.14436334144363341,0,0,0,0,13.52220214551496,13.300873200105217,13.48,1233,19,spy
2016-09-01,eSSVI,0.6913507329495818,4.632751013137748,0.23195458231954583,0,0,0,0,13.439118903444733,13.300873200105217,13.48,1233,19,spy
2016-10-03,SVI per slice,7.860298953794553,41.32655797528419,0.5317779565567177,1163,4073,793,5218,13.179170225488054,13.211512239799122,13.57,1243,19,spy
2016-10-03,SVI + penalties,0.9120538058795362,3.8007484587556317,0.10136765888978279,0,28,130,3003,77.73127994213664,13.211512239799122,13.57,1243,19,spy
2016-10-03,SSVI,0.6083453873313738,4.836330046750331,0.20514883346741755,0,0,0,0,13.177411078891515,13.211512239799122,13.57,1243,19,spy
2016-10-03,eSSVI,0.49393927171652646,4.621745203517036,0.3032984714400644,0,0,0,0,13.174633949389388,13.211512239799122,13.57,1243,19,spy
2016-11-01,SVI per slice,0.4431781192477425,3.9411957840437273,0.48371104815864024,0,3322,82,4406,18.9677540804702,17.679036938026034,18.56,1412,20,spy
2016-11-01,SVI + penalties,0.6714592243769136,3.205887397356011,0.13243626062322947,0,540,293,2543,20.51751749964687,17.679036938026034,18.56,1412,20,spy
2016-11-01,SSVI,1.0979965196040522,9.6855987280832,0.1395184135977337,0,0,0,0,17.96331334657956,17.679036938026034,18.56,1412,20,spy
2016-11-01,eSSVI,1.0671727516484988,12.344304744162187,0.25708215297450426,0,0,0,0,17.817510621103928,17.679036938026034,18.56,1412,20,spy
2016-12-01,SVI per slice,9.763422405134774,42.01116405718272,0.27967359050445106,674,4368,272,4583,118.97013270924954,14.028189543350084,14.07,1348,17,spy
2016-12-01,SVI + penalties,1.2142415462094527,5.509668906976131,0.09940652818991098,0,14,142,3049,90.93255483648562,14.028189543350084,14.07,1348,17,spy
2016-12-01,SSVI,1.0818398534904492,7.557314450449814,0.10237388724035608,0,0,0,0,14.3473859901885,14.028189543350084,14.07,1348,17,spy
2016-12-01,eSSVI,0.9621225059990974,6.891751254755785,0.14540059347181009,0,0,0,0,14.185360848861025,14.028189543350084,14.07,1348,17,spy
2017-01-03,SVI per slice,0.2931084322262688,3.901502224560388,0.4127866574009729,0,3598,46,6364,13.017258479358231,12.377211952276589,12.85,1439,20,spy
2017-01-03,SVI + penalties,0.7388422906360961,3.2186849238317174,0.1063238359972203,0,20,118,3108,83.12790969517081,12.377211952276589,12.85,1439,20,spy
2017-01-03,SSVI,0.9815896531384011,6.7159317223561334,0.13134120917303682,0,0,0,0,12.583664798641255,12.377211952276589,12.85,1439,20,spy
2017-01-03,eSSVI,0.7835844222714405,6.595702547612353,0.21334259902710215,0,0,0,0,12.565273822585766,12.377211952276589,12.85,1439,20,spy
2017-02-01,SVI per slice,0.2258705031627113,1.7024262822480707,0.5565326633165829,0,3947,39,5784,11.796110691351371,11.304072013286195,11.81,1592,21,spy
2017-02-01,SVI + penalties,0.2909302703324197,2.359704871893448,0.44660804020100503,0,159,0,432,11.727324554836246,11.304072013286195,11.81,1592,21,spy
2017-02-01,SSVI,1.5207887847600077,10.273369431819802,0.08040201005025126,0,0,0,0,11.592348455306697,11.304072013286195,11.81,1592,21,spy
2017-02-01,eSSVI,1.1997445267093119,8.75646824740272,0.1978643216080402,0,0,0,0,11.48958873984246,11.304072013286195,11.81,1592,21,spy
2017-03-01,SVI per slice,0.2491723060196555,1.616681324576061,0.5046082949308756,0,2320,82,4839,17.177586667152088,,12.54,1302,17,spy
2017-03-01,SVI + penalties,0.5881981020041785,3.606167083540024,0.271889400921659,0,23,140,1824,57.20371968739091,,12.54,1302,17,spy
2017-03-01,SSVI,1.5863247178610935,9.207055416247062,0.06835637480798772,0,0,0,0,13.629359024298516,,12.54,1302,17,spy
2017-03-01,eSSVI,1.324670560800593,7.955241239684535,0.17127496159754224,0,0,0,0,13.082850051400744,,12.54,1302,17,spy
2017-04-03,SVI per slice,0.18880759280791318,1.4333939228417025,0.5473071324599709,0,4415,28,5004,55.31007382462004,11.911744967369273,12.38,1374,20,spy
2017-04-03,SVI + penalties,0.3054718031801173,2.2698289576782713,0.363901018922853,0,167,8,1424,12.140665387934549,11.911744967369273,12.38,1374,20,spy
2017-04-03,SSVI,1.4170636215286456,7.758519415682041,0.08879184861717612,0,0,0,0,11.828044749398808,11.911744967369273,12.38,1374,20,spy
2017-04-03,eSSVI,1.1559293627143146,7.41036595345233,0.1950509461426492,0,0,0,0,11.86716239910474,11.911744967369273,12.38,1374,20,spy
2017-05-01,SVI per slice,2.708320487678203,31.939888545649985,0.5185449358059915,149,4592,30,4735,60.407458216150935,,10.11,1402,17,spy
2017-05-01,SVI + penalties,2.734981071653167,31.939888545649985,0.20613409415121256,149,530,5,2324,16.835622934005954,,10.11,1402,17,spy
2017-05-01,SSVI,1.5517861928966128,10.15693052393446,0.06776034236804565,0,0,0,0,10.762093582955158,,10.11,1402,17,spy
2017-05-01,eSSVI,1.2616284739420482,9.241791812153522,0.1433666191155492,0,0,0,0,10.305004944951216,,10.11,1402,17,spy
2017-06-01,SVI per slice,5.433158365740987,33.038335236150225,0.3847980997624703,326,6288,219,5637,113.59447797269561,,9.89,1263,17,spy
2017-06-01,SVI + penalties,0.7189119288859648,2.63214157376727,0.10688836104513064,0,15,71,3007,39.82361608102654,,9.89,1263,17,spy
2017-06-01,SSVI,1.2190800128589199,6.673333833884476,0.08392715756136183,0,0,0,0,10.812914829395659,,9.89,1263,17,spy
2017-06-01,eSSVI,0.9416035527347426,5.574379441243566,0.20665083135391923,0,0,0,0,10.335117467851333,,9.89,1263,17,spy
2017-08-01,SVI per slice,2.791377894410187,30.34129062591896,0.46107784431137727,376,6507,328,6139,12.276167779002863,9.751361861907968,10.09,1336,22,spy
2017-08-01,SVI + penalties,0.33023623539790403,3.318274416892658,0.3929640718562874,0,200,3,963,9.848741058481849,9.751361861907968,10.09,1336,22,spy
2017-08-01,SSVI,1.471882477257418,9.709868856842235,0.09655688622754491,0,0,0,0,10.088043486438808,9.751361861907968,10.09,1336,22,spy
2017-08-01,eSSVI,1.0969851365251777,7.793667770408047,0.2252994011976048,0,0,0,0,9.86762789569992,9.751361861907968,10.09,1336,22,spy
2017-09-01,SVI per slice,8.06645085926965,36.104988875831914,0.42525399129172714,1281,7053,1030,5236,,10.019206185993387,10.13,1378,20,spy
2017-09-01,SVI + penalties,0.9579445891556579,3.260321340942962,0.06894049346879536,0,19,83,4052,36.14842498160803,10.019206185993387,10.13,1378,20,spy
2017-09-01,SSVI,1.3131908758899014,7.7438574086858,0.15892597968069666,0,0,0,0,10.473585211957127,10.019206185993387,10.13,1378,20,spy
2017-09-01,eSSVI,1.0119470704155298,6.385610588630058,0.3178519593613933,0,0,0,0,10.142106339745895,10.019206185993387,10.13,1378,20,spy
2017-10-02,SVI per slice,0.2859676968272295,3.7176560123320934,0.5478320715760495,0,3833,81,5754,9.225978684514176,9.360450743136688,9.45,1453,21,spy
2017-10-02,SVI + penalties,0.3533896523990299,4.65536728391005,0.5024088093599449,0,135,16,866,9.312496191053393,9.360450743136688,9.45,1453,21,spy
2017-10-02,SSVI,1.6380410613715666,9.50085344340682,0.15003441156228492,0,0,0,0,9.839369568037531,9.360450743136688,9.45,1453,21,spy
2017-10-02,eSSVI,1.3378765583327932,8.60504298556018,0.276668960770819,0,0,0,0,9.47678237431282,9.360450743136688,9.45,1453,21,spy
2017-11-01,SVI per slice,2.6092210342663344,27.348977936015622,0.5335844318895167,113,4929,70,6309,10.221364062986298,9.884540852822546,10.2,1593,21,spy
2017-11-01,SVI + penalties,2.705560917397843,27.348977936015622,0.0847457627118644,113,337,122,3528,39.94292499236635,9.884540852822546,10.2,1593,21,spy
2017-11-01,SSVI,1.0576149041679113,7.137121420825398,0.17263025737602009,0,0,0,0,10.222473599923692,9.884540852822546,10.2,1593,21,spy
2017-11-01,eSSVI,0.7671025943835629,5.806622008027295,0.22347771500313873,0,0,0,0,10.022021813267518,9.884540852822546,10.2,1593,21,spy
2017-12-01,SVI per slice,8.766128871027362,39.10234623926394,0.5807829181494661,1759,8352,1146,6158,54.291422205148166,11.355996746325117,11.43,1405,19,spy
2017-12-01,SVI + penalties,0.4276218756065176,3.6296629498785316,0.6362989323843417,0,209,23,973,11.273994781519242,11.355996746325117,11.43,1405,19,spy
2017-12-01,SSVI,1.3186286117696764,8.599315398734303,0.3701067615658363,0,0,0,0,11.768319651198688,11.355996746325117,11.43,1405,19,spy
2017-12-01,eSSVI,1.0891996660064291,7.546749311334466,0.4697508896797153,0,0,0,0,11.491120601377322,11.355996746325117,11.43,1405,19,spy
2018-02-01,SVI per slice,0.20265175096995147,1.2522813144282219,0.6166068682726806,0,3718,38,6289,72.80202546924622,13.152586737266578,13.47,1951,22,spy
2018-02-01,SVI + penalties,0.43491394475434936,1.9958783616370157,0.21629933367503845,0,101,725,2987,59.36943574002338,13.152586737266578,13.47,1951,22,spy
2018-02-01,SSVI,1.1156287942510503,7.861157482014891,0.168118913377755,0,0,0,0,13.37311597032356,13.152586737266578,13.47,1951,22,spy
2018-02-01,eSSVI,0.9876670552546282,8.200850008815868,0.30138390568939005,0,0,0,0,13.298504821132937,13.152586737266578,13.47,1951,22,spy
2018-03-01,SVI per slice,3.5226143422608303,50.24709682022891,0.7253717472118959,573,4101,899,8153,37.85712133654642,20.592103659851347,22.47,2152,24,spy
2018-03-01,SVI + penalties,0.9057688104664505,3.997132087950633,0.25511152416356875,0,17,482,2846,162.83348442263446,20.592103659851347,22.47,2152,24,spy
2018-03-01,SSVI,3.0988746963749114,22.951794780069402,0.3777881040892193,0,0,0,0,21.832257790982307,20.592103659851347,22.47,2152,24,spy
2018-03-01,eSSVI,2.524888456951848,19.285667134448246,0.5032527881040892,0,0,0,0,21.822956276504048,20.592103659851347,22.47,2152,24,spy
2018-04-02,SVI per slice,0.32344969616218044,3.325296521864468,0.6026587887740029,0,1714,99,6989,27.281212139242463,22.49992866384362,23.62,2031,25,spy
2018-04-02,SVI + penalties,0.6630461825541026,10.849609320741482,0.30379123584441164,0,368,58,1533,31.833675706252507,22.49992866384362,23.62,2031,25,spy
2018-04-02,SSVI,2.0174669053957817,21.351479174881018,0.11816838995568685,0,0,0,0,22.43884016374172,22.49992866384362,23.62,2031,25,spy
2018-04-02,eSSVI,2.028499226405444,23.944837083321914,0.3032988675529296,0,0,0,0,22.43724610666992,22.49992866384362,23.62,2031,25,spy
2018-05-01,SVI per slice,1.9503857854097775,20.95778729126728,0.5030444964871195,172,3281,310,8550,15.509836645580332,15.370103204220301,15.49,2135,25,spy
2018-05-01,SVI + penalties,0.37652755305707747,2.5973615402148265,0.3180327868852459,0,79,3,1927,23.617339652736767,15.370103204220301,15.49,2135,25,spy
2018-05-01,SSVI,2.225632239238999,17.639186138539344,0.08384074941451991,0,0,0,0,14.871326951857466,15.370103204220301,15.49,2135,25,spy
2018-05-01,eSSVI,2.1306500914166118,16.964193778736725,0.1864168618266979,0,0,0,0,14.86742252782085,15.370103204220301,15.49,2135,25,spy
2018-06-01,SVI per slice,4.46559554152513,33.870190608198556,0.38786565547128926,817,8434,993,8309,79.93252408644206,12.95374264921879,13.46,1846,24,spy
2018-06-01,SVI + penalties,0.5314787546696808,2.23239639522219,0.23185265438786565,0,47,146,2819,65.18549647768435,12.95374264921879,13.46,1846,24,spy
2018-06-01,SSVI,2.3583035656841678,16.48890407076816,0.09479956663055254,0,0,0,0,14.280873575060472,12.95374264921879,13.46,1846,24,spy
2018-06-01,eSSVI,1.8701402996417142,13.64643928526471,0.18309859154929578,0,0,0,0,14.284500625117424,12.95374264921879,13.46,1846,24,spy
2018-07-02,SVI per slice,0.34935407495811505,4.916131762493126,0.38553561718325174,0,4604,122,7328,49.076551090937286,15.47870849814314,15.6,1839,25,spy
2018-07-02,SVI + penalties,0.6241235537518813,4.860535767649388,0.17455138662316477,0,60,18,2871,98.55898833125248,15.47870849814314,15.6,1839,25,spy
2018-07-02,SSVI,2.2366689539729268,21.3415905610404,0.10984230560087004,0,0,0,0,14.947257034206254,15.47870849814314,15.6,1839,25,spy
2018-07-02,eSSVI,2.0065399058908846,20.322821913770504,0.19249592169657423,0,0,0,0,14.767318358927664,15.47870849814314,15.6,1839,25,spy
2018-08-01,SVI per slice,4.725293304209153,41.806678669042846,0.34913793103448276,434,6994,617,8380,63.07090231739893,13.197708084383871,13.15,1856,25,spy
2018-08-01,SVI + penalties,0.5276081577456581,2.0463753890431424,0.1654094827586207,0,25,49,2971,56.333778345741095,13.197708084383871,13.15,1856,25,spy
2018-08-01,SSVI,2.7702684390604673,19.431647984673518,0.10668103448275862,0,0,0,0,13.320042597835371,13.197708084383871,13.15,1856,25,spy
2018-08-01,eSSVI,2.1808350521689257,16.672899328732683,0.1713362068965517,0,0,0,0,13.320428879000742,13.197708084383871,13.15,1856,25,spy
2018-09-04,SVI per slice,0.29910324201775224,2.5352088051734167,0.4260541220893644,0,4390,161,6081,61.707095824084114,12.243840634940728,13.16,1589,22,spy
2018-09-04,SVI + penalties,0.4770402671860867,4.265468064567546,0.3209565764631844,0,323,2,994,13.070629389771401,12.243840634940728,13.16,1589,22,spy
2018-09-04,SSVI,2.6353196785639863,15.31639614100812,0.06544996853366897,0,0,0,0,13.314219708859168,12.243840634940728,13.16,1589,22,spy
2018-09-04,eSSVI,2.0673332542928087,12.548543043190897,0.11957205789804909,0,0,0,0,13.223653373837635,12.243840634940728,13.16,1589,22,spy
2018-10-01,SVI per slice,0.2588811324118464,2.794511237360103,0.4888017917133259,0,3788,134,8022,12.70896620269907,11.778577198495574,12.0,1786,24,spy
2018-10-01,SVI + penalties,0.8779628739252938,8.12241698233088,0.0929451287793953,0,22,156,3759,54.083680607337094,11.778577198495574,12.0,1786,24,spy
2018-10-01,SSVI,2.077891284352102,12.855259454738277,0.0856662933930571,0,0,0,0,12.376409284005911,11.778577198495574,12.0,1786,24,spy
2018-10-01,eSSVI,1.6039894549447158,10.976253254531215,0.13213885778275475,0,0,0,0,12.042693819105828,11.778577198495574,12.0,1786,24,spy
2018-11-01,SVI per slice,8.98433299994368,54.271087754556234,0.43355325164938735,583,4222,426,7405,69.62969931644396,19.158044314464178,19.34,2122,24,spy
2018-11-01,SVI + penalties,0.5383523873713744,3.3997138502342095,0.23798303487276154,0,23,154,2271,146.87776924774528,19.158044314464178,19.34,2122,24,spy
2018-11-01,SSVI,1.2628718005353963,12.967408721369234,0.19132893496701225,0,0,0,0,18.878674772379142,19.158044314464178,19.34,2122,24,spy
2018-11-01,eSSVI,1.2265869880030726,12.653741931119544,0.28086710650329877,0,0,0,0,18.90264617141993,19.158044314464178,19.34,2122,24,spy
2018-12-03,SVI per slice,0.376949453417168,2.2103363015832267,0.3973187081048141,0,2001,124,7155,17.257704207994056,15.99454328048567,16.44,1641,22,spy
2018-12-03,SVI + penalties,0.5191955762923198,2.902969405447711,0.23095673369896405,0,66,164,1762,81.57062124223194,15.99454328048567,16.44,1641,22,spy
2018-12-03,SSVI,1.6099031951925846,9.664904776343036,0.09993906154783669,0,0,0,0,16.34487923034277,15.99454328048567,16.44,1641,22,spy
2018-12-03,eSSVI,1.497175575289488,9.475139022904095,0.1450335161486898,0,0,0,0,16.458045655466638,15.99454328048567,16.44,1641,22,spy
2019-01-02,SVI per slice,7.3098907128537745,46.14678156211633,0.46932515337423314,512,3708,442,6639,27.050555362248087,23.190431188041533,23.22,1956,23,spy
2019-01-02,SVI + penalties,0.7430038571742742,8.647415721480044,0.3016359918200409,0,19,142,1416,197.56457037515574,23.190431188041533,23.22,1956,23,spy
2019-01-02,SSVI,1.5746027605210018,17.005606822004893,0.19120654396728015,0,0,0,0,22.87204987324205,23.190431188041533,23.22,1956,23,spy
2019-01-02,eSSVI,1.4701332204287603,16.198377533106967,0.2331288343558282,0,0,0,0,22.83196299122467,23.190431188041533,23.22,1956,23,spy
2019-02-01,SVI per slice,0.2261997709711996,2.6374058962532754,0.6347909658817876,0,2777,98,6887,53.29005013761071,15.414213544455535,16.14,2081,26,spy
2019-02-01,SVI + penalties,0.5959479293103515,7.521698822850648,0.312349831811629,0,44,355,3287,111.57929873178665,15.414213544455535,16.14,2081,26,spy
2019-02-01,SSVI,1.3515711220807767,12.115275487319439,0.08217203267659778,0,0,0,0,15.441471393498565,15.414213544455535,16.14,2081,26,spy
2019-02-01,eSSVI,1.207903091741421,11.140860183243568,0.11484863046612205,0,0,0,0,15.425156122882946,15.414213544455535,16.14,2081,26,spy
2019-03-01,SVI per slice,4.770763616015114,37.83103680114537,0.35894495412844035,238,6153,375,8316,64.28265709910863,13.06943407379607,13.57,1744,24,spy
2019-03-01,SVI + penalties,0.8520059752059765,7.983055448867985,0.08944954128440367,0,20,248,3797,82.11288544344545,13.06943407379607,13.57,1744,24,spy
2019-03-01,SSVI,1.204056964426625,11.344048957367187,0.09690366972477064,0,0,0,0,13.68346369717173,13.06943407379607,13.57,1744,24,spy
2019-03-01,eSSVI,1.010588367300575,10.556690043474475,0.1404816513761468,0,0,0,0,13.522863719370518,13.06943407379607,13.57,1744,24,spy
2019-04-01,SVI per slice,0.24393568241516428,1.8332862799732452,0.3494992092778071,0,2747,80,7364,36.84188433070157,13.25392902867507,13.4,1897,26,spy
2019-04-01,SVI + penalties,0.5701649990078638,8.49137263217082,0.17395888244596733,0,189,47,3192,87.96306978436152,13.25392902867507,13.4,1897,26,spy
2019-04-01,SSVI,1.331879728954912,12.663707913816896,0.07116499736425935,0,0,0,0,12.741505144350649,13.25392902867507,13.4,1897,26,spy
2019-04-01,eSSVI,1.223333681338885,11.893805770949323,0.09488666315234581,0,0,0,0,12.84443239999821,13.25392902867507,13.4,1897,26,spy
2019-05-01,SVI per slice,0.1904088917879911,1.8722046452127494,0.512221041445271,0,4046,53,6567,16.76802197981767,14.495093433366776,14.8,1882,25,spy
2019-05-01,SVI + penalties,0.24290345912055736,3.0070513355346717,0.371413390010627,0,139,41,784,14.799977362361755,14.495093433366776,14.8,1882,25,spy
2019-05-01,SSVI,0.9178524820349825,7.276076185642233,0.0844845908607864,0,0,0,0,14.603518626082849,14.495093433366776,14.8,1882,25,spy
2019-05-01,eSSVI,0.7562336715770857,6.111108737633131,0.09776833156216791,0,0,0,0,14.590944843558315,14.495093433366776,14.8,1882,25,spy
2019-06-03,SVI per slice,0.38321422305939035,3.892725504900285,0.29284903518728717,0,2061,201,6077,19.098693300009234,18.879679393080004,18.86,1762,23,spy
2019-06-03,SVI + penalties,3.2470764701394614,21.147129742316807,0.12088535754824063,0,921,982,2710,19.957059784896845,18.879679393080004,18.86,1762,23,spy
2019-06-03,SSVI,0.9916443496800915,10.06411390571314,0.1322360953461975,0,0,0,0,19.21338167298941,18.879679393080004,18.86,1762,23,spy
2019-06-03,eSSVI,0.9760872064541629,11.118692362489835,0.12372304199772985,0,0,0,0,19.154770157897165,18.879679393080004,18.86,1762,23,spy
2019-07-01,SVI per slice,3.1831166459924245,32.361636754044675,0.3569431500465983,170,5207,295,8392,14.272364441067879,13.63048528262549,14.06,2146,25,spy
2019-07-01,SVI + penalties,0.7200569421419094,3.7094606990456835,0.11136999068033551,0,95,192,3403,97.91156413259063,13.63048528262549,14.06,2146,25,spy
2019-07-01,SSVI,0.8337014400658639,6.451583795054244,0.08667287977632805,0,0,0,0,13.58070565802815,13.63048528262549,14.06,2146,25,spy
2019-07-01,eSSVI,0.7092045732754401,5.945671561856958,0.1244175209692451,0,0,0,0,13.67989019576455,13.63048528262549,14.06,2146,25,spy
2019-08-01,SVI per slice,6.168074544190975,44.14953831065729,0.43821510297482835,296,3801,138,7611,17.727861071347842,17.279005714000327,17.87,1748,25,spy
2019-08-01,SVI + penalties,0.9930267955023214,4.527987377458459,0.09267734553775744,0,23,265,2835,115.84321275258786,17.279005714000327,17.87,1748,25,spy
2019-08-01,SSVI,0.5685039957725336,5.418923553528315,0.17848970251716248,0,0,0,0,17.434429164430227,17.279005714000327,17.87,1748,25,spy
2019-08-01,eSSVI,0.5181936701883572,5.3366977331880285,0.16647597254004576,0,0,0,0,17.501628944033797,17.279005714000327,17.87,1748,25,spy
2019-10-01,SVI per slice,0.603729157307188,5.136751039016302,0.15988857938718662,0,985,22,4342,18.256889011753543,17.927643924042957,18.56,1795,25,spy
2019-10-01,SVI + penalties,0.6398625680321087,5.729637230645484,0.14373259052924792,0,21,0,967,18.27698315620655,17.927643924042957,18.56,1795,25,spy
2019-10-01,SSVI,0.8103524200787783,5.780791499460792,0.07520891364902507,0,0,0,0,18.24455814545575,17.927643924042957,18.56,1795,25,spy
2019-10-01,eSSVI,0.7866539807848967,5.5428805035076465,0.0701949860724234,0,0,0,0,18.34466814932886,17.927643924042957,18.56,1795,25,spy
2019-11-01,SVI per slice,0.31646301007873556,3.2551553801986097,0.29688325409403066,0,2603,57,7447,11.985330696354183,11.841057222415822,12.3,1893,26,spy
2019-11-01,SVI + penalties,0.8425257213566348,4.501158402484714,0.11357633386159535,0,93,210,3710,71.13249973153633,11.841057222415822,12.3,1893,26,spy
2019-11-01,SSVI,0.8926077065991463,5.5370566326409465,0.06497622820919176,0,0,0,0,11.973519541426663,11.841057222415822,12.3,1893,26,spy
2019-11-01,eSSVI,0.7016571291378355,5.168350329783955,0.12414157422081352,0,0,0,0,11.929337114361013,11.841057222415822,12.3,1893,26,spy
2019-12-02,SVI per slice,2.7260086506732253,35.46624999421183,0.200990099009901,155,3030,80,5858,14.926876393823546,14.870418921301551,14.91,2020,25,spy
2019-12-02,SVI + penalties,1.5210938947616959,6.489569985464739,0.05742574257425743,0,20,664,4656,104.37212126304472,14.870418921301551,14.91,2020,25,spy
2019-12-02,SSVI,0.6388642947901793,4.2663535944371835,0.11188118811881188,0,0,0,0,14.968281194456786,14.870418921301551,14.91,2020,25,spy
2019-12-02,eSSVI,0.5555476051835835,3.687623393662509,0.09455445544554456,0,0,0,0,14.876476459072302,14.870418921301551,14.91,2020,25,spy
2020-01-02,SVI per slice,4.739432709334728,38.30662966441021,0.22519083969465647,803,4749,797,8578,12.524189963379278,12.234075092498923,12.47,2358,27,spy
2020-01-02,SVI + penalties,0.35048518324241507,3.458480571908823,0.1628498727735369,0,155,0,2164,12.325151731848086,12.234075092498923,12.47,2358,27,spy
2020-01-02,SSVI,0.9544903819001263,7.904839021523874,0.07718405428329092,0,0,0,0,12.336814540669401,12.234075092498923,12.47,2358,27,spy
2020-01-02,eSSVI,0.7615813792186154,6.950938849690375,0.09457167090754877,0,0,0,0,12.253625570475274,12.234075092498923,12.47,2358,27,spy
2020-02-03,SVI per slice,0.41694153392039063,4.8698521351697615,0.2852830188679245,0,3803,283,7706,17.78941020694556,17.545379177384675,17.97,2650,28,spy
2020-02-03,SVI + penalties,0.658946489854636,2.366616412651354,0.08264150943396227,0,2881,395,2720,19.22228341956988,17.545379177384675,17.97,2650,28,spy
2020-02-03,SSVI,1.0838141630855358,9.354568282827525,0.09547169811320755,0,0,0,0,17.896165142426387,17.545379177384675,17.97,2650,28,spy
2020-02-03,eSSVI,0.9868453546323773,10.094104616322824,0.11132075471698114,0,0,0,0,17.828920868638914,17.545379177384675,17.97,2650,28,spy
2020-03-02,SVI per slice,1.1973593148693655,15.501886161836742,0.32132352941176473,4,2206,634,5279,31.41567393461858,31.439306610786204,33.42,2720,26,spy
2020-03-02,SVI + penalties,1.1906163993492573,15.32649918994149,0.29816176470588235,0,0,303,1788,31.421736617518185,31.439306610786204,33.42,2720,26,spy
2020-03-02,SSVI,1.4253254304204024,15.061120718500366,0.13345588235294117,0,0,0,0,31.33258946273621,31.439306610786204,33.42,2720,26,spy
2020-03-02,eSSVI,1.2195294338861806,13.834900932923544,0.14522058823529413,0,0,0,0,31.63542315230942,31.439306610786204,33.42,2720,26,spy
2020-04-01,SVI per slice,1.1026546855895114,12.113510881875511,0.4986072423398329,0,0,152,2325,57.471595363032826,56.693902161665555,57.06,3590,27,spy
2020-04-01,SVI + penalties,1.1032491977678214,12.11362106743703,0.4991643454038997,0,0,0,347,57.47235090824504,56.693902161665555,57.06,3590,27,spy
2020-04-01,SSVI,2.925913480205927,17.03343544836695,0.11643454038997214,0,0,0,0,57.137046971363084,56.693902161665555,57.06,3590,27,spy
2020-04-01,eSSVI,2.1650286195420807,11.78597985926006,0.30612813370473535,0,0,0,0,58.05524602817314,56.693902161665555,57.06,3590,27,spy
2020-05-01,SVI per slice,1.1913987511946578,16.88589798879201,0.3560755568085706,0,1758,472,5584,35.96257961549332,36.01864337403309,37.19,3547,28,spy
2020-05-01,SVI + penalties,10.345453597847843,143.77477613794127,0.09106287003101213,132,4472,3021,5233,,36.01864337403309,37.19,3547,28,spy
2020-05-01,SSVI,2.3049089906574576,21.904252791783296,0.09923879334649,0,0,0,0,35.791629777763966,36.01864337403309,37.19,3547,28,spy
2020-05-01,eSSVI,2.219890873716434,25.1515196549155,0.15280518748237948,0,0,0,0,35.978597205406324,36.01864337403309,37.19,3547,28,spy
2020-06-01,SVI per slice,0.6883620463871046,7.015486264430848,0.3511607405230679,0,2697,259,4677,126.34193919081072,28.15146336803308,28.23,3403,26,spy
2020-06-01,SVI + penalties,1.2463306441251116,13.917079652478254,0.10255656773435204,0,176,202,3300,167.81759754423777,28.15146336803308,28.23,3403,26,spy
2020-06-01,SSVI,1.8428229172245534,15.1784276096811,0.10431971789597413,0,0,0,0,28.356392700480647,28.15146336803308,28.23,3403,26,spy
2020-06-01,eSSVI,1.6263748626548458,16.66190397413514,0.137819570966794,0,0,0,0,28.341833799373955,28.15146336803308,28.23,3403,26,spy
2020-07-01,SVI per slice,0.5902910345765977,3.768078632805577,0.3909796893667861,0,0,182,4766,93.89130681620264,28.192572016301266,28.62,3348,26,spy
2020-07-01,SVI + penalties,2.0565093668444763,27.119404976990964,0.18130227001194743,0,11,423,2637,214.1411312526333,28.192572016301266,28.62,3348,26,spy
2020-07-01,SSVI,2.4712007113360435,23.59838100757764,0.1027479091995221,0,0,0,0,28.23196507217754,28.192572016301266,28.62,3348,26,spy
2020-07-01,eSSVI,2.2517446427861962,23.700956323827683,0.15352449223416964,0,0,0,0,28.160733354216973,28.192572016301266,28.62,3348,26,spy
2020-08-03,SVI per slice,0.48187338417123043,4.265046672150374,0.2202211690363349,0,87,36,4931,95.60614785443975,23.939602370590872,24.28,3165,25,spy
2020-08-03,SVI + penalties,1.2172006796022998,21.250228004177977,0.1080568720379147,0,14,83,2420,192.60449952423073,23.939602370590872,24.28,3165,25,spy
2020-08-03,SSVI,1.9742042027576616,16.748333379158666,0.05687203791469194,0,0,0,0,24.42663919920301,23.939602370590872,24.28,3165,25,spy
2020-08-03,eSSVI,1.8615503600920724,17.57814243245187,0.07867298578199051,0,0,0,0,24.318993429896675,23.939602370590872,24.28,3165,25,spy
2020-09-01,SVI per slice,0.30175121160605906,2.878526167352824,0.4639625585023401,0,1777,35,6428,26.01592344813103,25.793059115934447,26.12,3205,25,spy
2020-09-01,SVI + penalties,0.35383654657527924,3.1286867654184536,0.4299531981279251,0,201,0,1228,25.98666570611418,25.793059115934447,26.12,3205,25,spy
2020-09-01,SSVI,1.9179186268359343,11.638933484119319,0.1391575663026521,0,0,0,0,26.706649381848322,25.793059115934447,26.12,3205,25,spy
2020-09-01,eSSVI,1.4022802138243509,10.97420964247926,0.29672386895475816,0,0,0,0,26.049254117306038,25.793059115934447,26.12,3205,25,spy
2020-10-01,SVI per slice,0.7157903592934357,6.800921475663568,0.30750531753266486,0,893,179,4453,26.007408814957927,26.00051290419308,26.7,3291,27,spy
2020-10-01,SVI + penalties,1.9327275795268766,43.61182795374487,0.19051959890610756,0,21,180,2253,141.66656457059787,26.00051290419308,26.7,3291,27,spy
2020-10-01,SSVI,1.5185551153629064,11.744396012441305,0.07748404740200547,0,0,0,0,26.11295663375331,26.00051290419308,26.7,3291,27,spy
2020-10-01,eSSVI,1.1356419072320478,10.578913088481489,0.16681859617137648,0,0,0,0,25.97229855836767,26.00051290419308,26.7,3291,27,spy
2020-11-02,SVI per slice,1.112405723662029,11.684406013563242,0.3045267489711934,0,2080,892,5580,212.49104635424663,35.917631831522186,37.13,3645,26,spy
2020-11-02,SVI + penalties,3.8226305663718403,36.85244167692612,0.10041152263374485,44,438,931,2933,247.0776961914018,35.917631831522186,37.13,3645,26,spy
2020-11-02,SSVI,1.9283401235195927,17.665389469294034,0.10150891632373114,0,0,0,0,36.08685736374566,35.917631831522186,37.13,3645,26,spy
2020-11-02,eSSVI,1.9831152939562886,20.429121723614863,0.10205761316872428,0,0,0,0,36.07651132653805,35.917631831522186,37.13,3645,26,spy
2020-12-01,SVI per slice,0.32665558977021025,2.155233370061649,0.2996018579960186,0,2081,201,5711,78.04385151393053,21.04094337643689,20.77,3014,24,spy
2020-12-01,SVI + penalties,1.4352834643125112,16.31393741773276,0.15759787657597876,0,94,355,3026,165.06229683789792,21.04094337643689,20.77,3014,24,spy
2020-12-01,SSVI,2.081118324934752,14.175814682582033,0.07166556071665561,0,0,0,0,21.712576952918408,21.04094337643689,20.77,3014,24,spy
2020-12-01,eSSVI,1.9140769599490868,16.062516284011473,0.09455872594558726,0,0,0,0,21.497233905467734,21.04094337643689,20.77,3014,24,spy
2021-01-04,SVI per slice,0.5625586705488443,4.972759036485508,0.215962441314554,0,2522,294,5721,146.80936185583698,25.666778604040374,26.97,3195,25,spy
2021-01-04,SVI + penalties,1.3273173998492835,17.936442942732278,0.12926447574334898,0,66,212,2825,169.3775946798297,25.666778604040374,26.97,3195,25,spy
2021-01-04,SSVI,2.3195495523952516,16.828774154332205,0.07636932707355243,0,0,0,0,25.998757277510485,25.666778604040374,26.97,3195,25,spy
2021-01-04,eSSVI,2.0891104683591686,15.865875329658651,0.09796557120500783,0,0,0,0,25.969391654625042,25.666778604040374,26.97,3195,25,spy
2021-02-01,SVI per slice,0.7617407570389746,10.339289577283683,0.27153284671532846,0,3672,403,5727,247.35962507924097,29.184488526726067,30.24,3425,26,spy
2021-02-01,SVI + penalties,3.1257992643543178,36.059809759120434,0.12,31,190,316,2663,178.98305108419325,29.184488526726067,30.24,3425,26,spy
2021-02-01,SSVI,1.8274732370101476,20.89174182214587,0.10014598540145986,0,0,0,0,28.899556411310822,29.184488526726067,30.24,3425,26,spy
2021-02-01,eSSVI,1.7267205962866155,20.982417819948452,0.12671532846715328,0,0,0,0,29.081260388027218,29.184488526726067,30.24,3425,26,spy
2021-03-01,SVI per slice,0.449699081685405,3.959062802652491,0.37697072072072074,0,4264,384,6784,132.5888740853796,22.955517113292753,23.35,3552,27,spy
2021-03-01,SVI + penalties,1.3706664420884818,15.669264942901215,0.18046171171171171,0,246,406,2757,107.72670130506596,22.955517113292753,23.35,3552,27,spy
2021-03-01,SSVI,2.186154838100473,15.61908584438797,0.15343468468468469,0,0,0,0,24.233417248556663,22.955517113292753,23.35,3552,27,spy
2021-03-01,eSSVI,1.6722407241982447,14.08087181307841,0.22606981981981983,0,0,0,0,23.303763826106238,22.955517113292753,23.35,3552,27,spy
2021-04-01,SVI per slice,0.33239266505198006,3.029667525921742,0.4104180491041805,0,4116,123,6870,48.24538192174671,17.294102027639802,17.33,3014,30,spy
2021-04-01,SVI + penalties,0.5993089212451356,8.175076289843227,0.20504313205043131,0,265,147,2192,17.33389556439726,17.294102027639802,17.33,3014,30,spy
2021-04-01,SSVI,1.6938102675753477,13.652140405415325,0.14299933642999335,0,0,0,0,17.927037793983445,17.294102027639802,17.33,3014,30,spy
2021-04-01,eSSVI,1.3637665701075887,11.415054470722596,0.22694094226940942,0,0,0,0,17.50568153824338,17.294102027639802,17.33,3014,30,spy
2021-05-03,SVI per slice,0.24235853754156853,2.5292501631032693,0.3518129269574356,0,3652,25,5381,19.412351607117046,17.48889917692193,18.31,3806,28,spy
2021-05-03,SVI + penalties,0.7100471974717361,12.83696121479345,0.16368891224382554,0,110,93,3151,94.3821098930415,17.48889917692193,18.31,3806,28,spy
2021-05-03,SSVI,1.6543939735530362,13.896818476741391,0.1839201261166579,0,0,0,0,18.03781474020792,17.48889917692193,18.31,3806,28,spy
2021-05-03,eSSVI,1.3483783093724508,12.383286511721925,0.22359432475039412,0,0,0,0,17.9723110424942,17.48889917692193,18.31,3806,28,spy
2021-06-01,SVI per slice,0.3542489025709599,3.8087009803946636,0.2588268792710706,0,3013,111,5170,125.82716298884917,17.92296342169599,17.9,3512,26,spy
2021-06-01,SVI + penalties,1.461561067975483,20.36997334572955,0.12585421412300685,0,102,581,4053,95.54366475166873,17.92296342169599,17.9,3512,26,spy
2021-06-01,SSVI,2.3803251137712986,15.525390742868117,0.125,0,0,0,0,19.165562335371185,17.92296342169599,17.9,3512,26,spy
2021-06-01,eSSVI,1.8763608082263135,13.684581634649062,0.19760820045558086,0,0,0,0,18.369909534494607,17.92296342169599,17.9,3512,26,spy
2021-07-01,SVI per slice,0.3312937477285036,3.615251602720504,0.27566807313642755,0,5177,66,7933,70.18783823456056,15.315935810611142,15.48,3555,27,spy
2021-07-01,SVI + penalties,0.724316713612391,12.897479630493766,0.15780590717299578,0,272,104,1807,15.3246424829343,15.315935810611142,15.48,3555,27,spy
2021-07-01,SSVI,2.30669806969629,16.98007903446475,0.13361462728551335,0,0,0,0,16.14399053189672,15.315935810611142,15.48,3555,27,spy
2021-07-01,eSSVI,1.7934937971003193,14.693906999695372,0.19634317862165965,0,0,0,0,15.712556127132093,15.315935810611142,15.48,3555,27,spy
2021-08-02,SVI per slice,0.45369579197765947,3.9228838038780744,0.21971985718209283,0,4695,184,7372,146.5772197890511,18.88987416510207,19.46,3641,26,spy
2021-08-02,SVI + penalties,1.1477096636036235,16.972057080186474,0.07772589947816534,0,575,201,3410,126.10571631175735,18.88987416510207,19.46,3641,26,spy
2021-08-02,SSVI,1.9639074586860337,14.726322094914318,0.09804998626750892,0,0,0,0,19.682859404959707,18.88987416510207,19.46,3641,26,spy
2021-08-02,eSSVI,1.4956261455483462,13.93580504792135,0.1282614666300467,0,0,0,0,19.35728593864812,18.88987416510207,19.46,3641,26,spy
2021-09-01,SVI per slice,8.18839957329723,61.74109426367671,0.31064730792498485,433,6472,437,7237,17.82789895658821,16.124681792467083,16.11,3306,25,spy
2021-09-01,SVI + penalties,0.46214767774864746,4.7722498555532455,0.2543859649122807,0,285,0,866,16.17518290714127,16.124681792467083,16.11,3306,25,spy
2021-09-01,SSVI,2.3807167773648095,13.772827237056978,0.08469449485783424,0,0,0,0,17.615708482813364,16.124681792467083,16.11,3306,25,spy
2021-09-01,eSSVI,1.6850370751998733,12.525752301403164,0.16878402903811252,0,0,0,0,16.859653957388794,16.124681792467083,16.11,3306,25,spy
2021-10-01,SVI per slice,0.7019512630012414,6.096838885612121,0.2720200055570992,0,3163,462,5972,169.8997903687329,20.612486209088654,21.1,3599,26,spy
2021-10-01,SVI + penalties,0.9814611275871398,16.566864619034387,0.13198110586273964,0,154,254,3031,159.9000930239481,20.612486209088654,21.1,3599,26,spy
2021-10-01,SSVI,1.8046157288118692,13.334824878993967,0.11030841900527924,0,0,0,0,20.908809098338832,20.612486209088654,21.1,3599,26,spy
2021-10-01,eSSVI,1.7714461279568166,14.268757214537843,0.16254515143095305,0,0,0,0,20.892454873874538,20.612486209088654,21.1,3599,26,spy
2021-11-01,SVI per slice,0.3010058183542859,2.098201152740997,0.34188998589562763,0,3719,116,6169,109.85641982101306,15.91422395049944,16.41,3545,26,spy
2021-11-01,SVI + penalties,0.6720264776418741,11.8099783086417,0.12834978843441466,0,118,17,3876,94.67468314184079,15.91422395049944,16.41,3545,26,spy
2021-11-01,SSVI,1.9716144327005056,12.515606455119388,0.07249647390691115,0,0,0,0,16.836313616003597,15.91422395049944,16.41,3545,26,spy
2021-11-01,eSSVI,1.5498329966203939,10.482769111315449,0.1918194640338505,0,0,0,0,16.467572631796262,15.91422395049944,16.41,3545,26,spy
2021-12-01,SVI per slice,0.6495558429229916,3.4778717057741964,0.3548387096774194,0,1527,111,5424,147.28778386518104,31.392037161431485,31.12,3503,24,spy
2021-12-01,SVI + penalties,0.9189339053756426,19.655870218245823,0.2760491007707679,0,20,44,2827,220.74783821201808,31.392037161431485,31.12,3503,24,spy
2021-12-01,SSVI,2.6492052077407733,20.22195551652799,0.2923208678275764,0,0,0,0,31.230587807481314,31.392037161431485,31.12,3503,24,spy
2021-12-01,eSSVI,2.127849955217154,18.45210391572093,0.3008849557522124,0,0,0,0,30.805459370384163,31.392037161431485,31.12,3503,24,spy
2022-01-03,SVI per slice,0.3073724937163808,2.479761154679716,0.31777777777777777,0,3446,62,6691,20.422929176889703,15.311988593436352,16.6,3150,25,spy
2022-01-03,SVI + penalties,0.8685358792858531,16.106895070074213,0.20063492063492064,0,211,79,2391,16.01185209638772,15.311988593436352,16.6,3150,25,spy
2022-01-03,SSVI,2.0507575491819616,13.69899965833411,0.12476190476190477,0,0,0,0,15.894729479395972,15.311988593436352,16.6,3150,25,spy
2022-01-03,eSSVI,1.6749780509457488,12.160048846251309,0.17333333333333334,0,0,0,0,15.773998740404387,15.311988593436352,16.6,3150,25,spy
2022-02-01,SVI per slice,0.32020005534839624,3.1810573587357283,0.3302034428794992,0,3914,78,6769,76.07133842521425,21.642034772431042,21.96,3195,26,spy
2022-02-01,SVI + penalties,0.9583380424519033,19.489086306821807,0.19154929577464788,0,261,76,2400,21.863248490449173,21.642034772431042,21.96,3195,26,spy
2022-02-01,SSVI,1.1251385987974039,9.324115318516068,0.10923317683881065,0,0,0,0,21.93507481034978,21.642034772431042,21.96,3195,26,spy
2022-02-01,eSSVI,0.9601253228683752,9.153418241277866,0.17715179968701095,0,0,0,0,21.80910297721438,21.642034772431042,21.96,3195,26,spy
2022-03-01,SVI per slice,0.6675414123788092,4.170637192193971,0.33799237611181704,0,2628,461,6558,199.30909984282732,32.16815000206987,33.32,3148,26,spy
2022-03-01,SVI + penalties,1.190746495063597,28.30860008762449,0.2150571791613723,0,21,321,2801,229.63545281783908,32.16815000206987,33.32,3148,26,spy
2022-03-01,SSVI,1.2112313705755877,10.30560473508082,0.18106734434561628,0,0,0,0,32.409366534988116,32.16815000206987,33.32,3148,26,spy
2022-03-01,eSSVI,1.1111810827031496,10.266713921391869,0.24396442185514614,0,0,0,0,32.377988082923714,32.16815000206987,33.32,3148,26,spy
2022-04-01,SVI per slice,0.34312908816785775,1.592738514996822,0.4175609756097561,9,783,76,5091,37.999901061851084,18.805290733568754,19.63,3075,27,spy
2022-04-01,SVI + penalties,0.5538603619923732,7.995754607069208,0.3027642276422764,9,58,3,1790,101.5368973129535,18.805290733568754,19.63,3075,27,spy
2022-04-01,SSVI,2.518517355930567,16.24710939864926,0.19154471544715448,0,0,0,0,19.44328158269694,18.805290733568754,19.63,3075,27,spy
2022-04-01,eSSVI,2.301862681037555,14.956912230246077,0.22634146341463415,0,0,0,0,19.216459918657023,18.805290733568754,19.63,3075,27,spy
2022-05-02,SVI per slice,0.3964937867615222,2.4665214012753847,0.2792607802874743,0,40,240,4562,34.70900174668988,30.52835519230406,32.34,2922,25,spy
2022-05-02,SVI + penalties,4.825214258767592,47.73025147392479,0.16255989048596853,0,85,328,1756,226.86642220131486,30.52835519230406,32.34,2922,25,spy
2022-05-02,SSVI,1.5097684268320557,8.285338101743566,0.1399726214921287,0,0,0,0,31.43378984009567,30.52835519230406,32.34,2922,25,spy
2022-05-02,eSSVI,1.1293508020625527,7.732198379395905,0.16427104722792607,0,0,0,0,31.407250032927823,30.52835519230406,32.34,2922,25,spy
2022-06-01,SVI per slice,0.747503669298026,5.925249899173443,0.24371120548840247,44,411,428,6201,25.87960785478262,25.689638660381455,25.69,3061,26,spy
2022-06-01,SVI + penalties,1.6140613835630473,18.116471384312955,0.09506697157791572,0,181,269,3603,256.4922480332497,25.689638660381455,25.69,3061,26,spy
2022-06-01,SSVI,1.9496746989792202,13.739360793254962,0.06305129042796472,0,0,0,0,25.79628954892247,25.689638660381455,25.69,3061,26,spy
2022-06-01,eSSVI,1.7990294463876553,15.805657534070816,0.13263639333551128,0,0,0,0,25.726175986219356,25.689638660381455,25.69,3061,26,spy
2022-07-01,SVI per slice,0.5522442151800142,3.290641378853709,0.2459123610202747,0,1016,399,6601,26.758972107192598,26.169209603212778,26.7,3058,27,spy
2022-07-01,SVI + penalties,1.0498845152116414,10.783632249089752,0.18737737083060824,0,135,389,2274,285.16949940688113,26.169209603212778,26.7,3058,27,spy
2022-07-01,SSVI,1.5165250939921808,9.669577135098717,0.08240680183126227,0,0,0,0,26.555834520656667,26.169209603212778,26.7,3058,27,spy
2022-07-01,eSSVI,1.3137937147218706,10.44252064893083,0.16677567037279267,0,0,0,0,26.390769314320465,26.169209603212778,26.7,3058,27,spy
2022-08-01,SVI per slice,0.3193062709612675,2.221232146284957,0.3013654096228869,0,242,43,5424,31.857207481896104,22.372009373365355,22.84,3076,25,spy
2022-08-01,SVI + penalties,0.5681354539577896,5.962275407570503,0.247074122236671,0,621,78,1176,23.009940948373657,22.372009373365355,22.84,3076,25,spy
2022-08-01,SSVI,1.5956315362287012,14.183177633732358,0.10955786736020806,0,0,0,0,22.637001405604774,22.372009373365355,22.84,3076,25,spy
2022-08-01,eSSVI,1.4507351729238671,13.330047913135957,0.17815344603381014,0,0,0,0,22.535313498716068,22.372009373365355,22.84,3076,25,spy
2022-09-01,SVI per slice,0.3809511288714964,1.8787297368731026,0.27090836334533813,0,431,54,5631,54.18409101350229,24.973207733510524,25.56,2499,23,spy
2022-09-01,SVI + penalties,0.5289226877177468,4.6576647761481516,0.22128851540616246,0,272,20,794,25.72465698938776,24.973207733510524,25.56,2499,23,spy
2022-09-01,SSVI,1.2014523341164955,11.338407715534283,0.08363345338135254,0,0,0,0,25.145895731719182,24.973207733510524,25.56,2499,23,spy
2022-09-01,eSSVI,1.0221958581235921,10.608537157238928,0.20848339335734295,0,0,0,0,25.056700337544402,24.973207733510524,25.56,2499,23,spy
2022-10-03,SVI per slice,0.44307560539168833,3.2467442781979883,0.2986188876446435,0,916,163,3820,32.3664751615584,29.365319203936163,30.1,2679,24,spy
2022-10-03,SVI + penalties,1.0901269811190126,17.28521279008729,0.2773422918999627,0,4,0,1062,52.645711223960255,29.365319203936163,30.1,2679,24,spy
2022-10-03,SSVI,1.5892369202162075,14.432175811532066,0.0933184023889511,0,0,0,0,29.87048905039415,29.365319203936163,30.1,2679,24,spy
2022-10-03,eSSVI,1.2847836989798636,14.819335910023801,0.19074281448301605,0,0,0,0,29.826669555265102,29.365319203936163,30.1,2679,24,spy
2022-11-01,SVI per slice,0.472979550513625,3.7687044009056034,0.24174279690794098,0,116,206,5228,25.932811238486842,25.43792362269448,25.81,2846,24,spy
2022-11-01,SVI + penalties,0.7523548705456056,14.143617158536802,0.2231201686577653,0,33,0,1193,280.4715396820779,25.43792362269448,25.81,2846,24,spy
2022-11-01,SSVI,1.7432042221145112,12.002851022540012,0.08854532677442024,0,0,0,0,25.62010224241677,25.43792362269448,25.81,2846,24,spy
2022-11-01,eSSVI,1.4056965772634802,12.845759398298078,0.1577652846099789,0,0,0,0,25.517903378394063,25.43792362269448,25.81,2846,24,spy
2022-12-01,SVI per slice,0.46212657756665904,2.8634913676232943,0.27889908256880735,28,417,17,4036,20.2965637413335,20.116107339468055,19.84,2180,20,spy
2022-12-01,SVI + penalties,0.7679225513745687,8.660607697095188,0.2536697247706422,11,35,10,1287,61.997062963412496,20.116107339468055,19.84,2180,20,spy
2022-12-01,SSVI,1.812676761882855,10.261315030510987,0.09036697247706423,0,0,0,0,20.37911981694764,20.116107339468055,19.84,2180,20,spy
2022-12-01,eSSVI,1.6269547887298432,11.033355065429385,0.15045871559633028,0,0,0,0,20.193632610200176,20.116107339468055,19.84,2180,20,spy
2023-01-03,SVI per slice,0.5646921464849741,3.489020732862791,0.27519762845849804,60,781,256,3543,35.81277441707546,22.809668021168715,22.9,2024,18,spy
2023-01-03,SVI + penalties,0.7885655617331254,10.489472648482193,0.23122529644268774,21,28,0,714,68.25253996220928,22.809668021168715,22.9,2024,18,spy
2023-01-03,SSVI,1.6590500665489256,10.943106016145665,0.11857707509881422,0,0,0,0,22.959697191890243,22.809668021168715,22.9,2024,18,spy
2023-01-03,eSSVI,1.4826480668547346,11.22013080242324,0.14772727272727273,0,0,0,0,22.872542391421753,22.809668021168715,22.9,2024,18,spy
2023-02-01,SVI per slice,0.28760759589064083,1.2807495005768499,0.34968017057569295,0,564,39,3489,27.93769391160047,,17.87,2345,22,spy
2023-02-01,SVI + penalties,0.7322679399619368,8.585500850990138,0.2669509594882729,0,307,6,1519,21.29359057565749,,17.87,2345,22,spy
2023-02-01,SSVI,1.6704754895577913,9.459446609783695,0.08955223880597014,0,0,0,0,17.80514054508242,,17.87,2345,22,spy
2023-02-01,eSSVI,1.5793286740332597,10.312352586231421,0.15394456289978678,0,0,0,0,17.730137803878094,,17.87,2345,22,spy
2023-03-01,SVI per slice,0.5075155683382284,2.8824049302019428,0.20226453937210498,16,1384,239,3815,23.472640114759027,20.687920452431566,20.58,1943,21,spy
2023-03-01,SVI + penalties,2.5036052378624776,19.763714477527177,0.14462171899125065,110,330,874,1751,23.55975473331974,20.687920452431566,20.58,1943,21,spy
2023-03-01,SSVI,1.6734480563519185,12.12744409953112,0.07308286155429748,0,0,0,0,20.688110475308665,20.687920452431566,20.58,1943,21,spy
2023-03-01,eSSVI,1.6614554144820346,13.661344790358953,0.07771487390633042,0,0,0,0,20.734311937162197,20.687920452431566,20.58,1943,21,spy
2023-04-03,SVI per slice,0.33388485336769486,2.1929142417487557,0.23424270931326435,0,865,103,4994,22.120684850556604,18.613022065871064,18.55,2126,23,spy
2023-04-03,SVI + penalties,1.0366690105115361,31.526423196235548,0.19567262464722485,0,338,188,1736,27.812782877233595,18.613022065871064,18.55,2126,23,spy
2023-04-03,SSVI,1.5614619787539712,12.674501024959433,0.07102539981185324,0,0,0,0,18.549846381812387,18.613022065871064,18.55,2126,23,spy
2023-04-03,eSSVI,1.4285657095305075,12.564588535527443,0.08889934148635936,0,0,0,0,18.5223809029524,18.613022065871064,18.55,2126,23,spy
2023-05-01,SVI per slice,0.3731017779441937,2.3080153691380056,0.22054915854738708,15,1622,140,6020,92.57307470160254,16.078315071482102,16.08,2258,22,spy
2023-05-01,SVI + penalties,1.3156354516472535,26.201450090539957,0.13994685562444642,6,1510,269,2208,19.21681511567025,16.078315071482102,16.08,2258,22,spy
2023-05-01,SSVI,1.6254725892941455,11.375741296725566,0.046058458813108945,0,0,0,0,16.311061127933762,16.078315071482102,16.08,2258,22,spy
2023-05-01,eSSVI,1.6041461618171284,12.46239527366214,0.06023029229406555,0,0,0,0,16.200315210780097,16.078315071482102,16.08,2258,22,spy
2023-06-01,SVI per slice,0.2868073601272926,1.7734323310392597,0.2843556823585354,0,1110,87,4743,52.19841852743598,15.725267731817302,15.65,2103,22,spy
2023-06-01,SVI + penalties,0.650061934315262,11.214325926044516,0.23395149786019973,0,12,136,2217,108.86079626692396,15.725267731817302,15.65,2103,22,spy
2023-06-01,SSVI,2.519622126288384,18.66889085138461,0.060865430337612936,0,0,0,0,16.347127624620743,15.725267731817302,15.65,2103,22,spy
2023-06-01,eSSVI,2.2041165025957152,17.071246222648973,0.07370423204945316,0,0,0,0,15.817197818989987,15.725267731817302,15.65,2103,22,spy
2023-07-03,SVI per slice,0.22499780877965475,1.5085005995861767,0.722488038277512,0,1939,209,3384,14.166010863823619,13.572219626821234,13.57,2090,22,spy
2023-07-03,SVI + penalties,0.29115962246908594,5.672232618716536,0.6483253588516746,0,113,0,1067,13.678111848928756,13.572219626821234,13.57,2090,22,spy
2023-07-03,SSVI,2.3858277896442126,15.123310165550258,0.23875598086124403,0,0,0,0,13.834893011266274,13.572219626821234,13.57,2090,22,spy
2023-07-03,eSSVI,2.120990999289805,14.174884333488952,0.23253588516746412,0,0,0,0,13.517170992627856,13.572219626821234,13.57,2090,22,spy
2023-08-01,SVI per slice,0.2158412086247904,1.01489162194677,0.38570127504553736,0,2203,233,3110,14.88795455875867,13.932023023909048,13.93,2196,21,spy
2023-08-01,SVI + penalties,0.4388347963481777,9.957823868987214,0.3633879781420765,0,113,134,1169,14.071524783940967,13.932023023909048,13.93,2196,21,spy
2023-08-01,SSVI,2.135859535910514,13.631577821159436,0.07240437158469945,0,0,0,0,14.32506661963867,13.932023023909048,13.93,2196,21,spy
2023-08-01,eSSVI,1.92312278157078,12.844192939367316,0.10063752276867031,0,0,0,0,14.010787946646689,13.932023023909048,13.93,2196,21,spy
2023-09-01,SVI per slice,0.2346095858912447,1.5967782573415523,0.325344212136665,59,1758,225,3821,29.60650775159988,13.198906235696771,13.09,1961,19,spy
2023-09-01,SVI + penalties,0.4442773766680186,7.15534968059397,0.2774094849566548,16,67,50,1595,60.74332216249928,13.198906235696771,13.09,1961,19,spy
2023-09-01,SSVI,2.24460686323383,12.515244694216943,0.06272310045894952,0,0,0,0,13.9801531586138,13.198906235696771,13.09,1961,19,spy
2023-09-01,eSSVI,2.0152488097012817,11.636584874254496,0.07292197858235594,0,0,0,0,13.435453786854254,13.198906235696771,13.09,1961,19,spy
2023-10-02,SVI per slice,0.35323667724559293,1.8275506194327606,0.29080675422138835,0,968,371,3917,18.223296340092503,17.27841955619427,17.61,2132,21,spy
2023-10-02,SVI + penalties,0.41022113091959983,4.229380303167696,0.26407129455909945,0,137,0,848,18.226274836852536,17.27841955619427,17.61,2132,21,spy
2023-10-02,SSVI,1.6344182783240295,12.735898255991685,0.12382739212007504,0,0,0,0,17.731106170435375,17.27841955619427,17.61,2132,21,spy
2023-10-02,eSSVI,1.5945620279051165,13.048748018271677,0.16322701688555347,0,0,0,0,17.684477733274797,17.27841955619427,17.61,2132,21,spy
2023-11-01,SVI per slice,0.3801975555205358,2.3905153262560486,0.3142857142857143,48,272,434,4084,20.855089089744116,16.849460212349722,16.87,2135,20,spy
2023-11-01,SVI + penalties,1.8692834524098634,24.324091667949844,0.2505854800936768,11,259,397,1998,76.67385194902228,16.849460212349722,16.87,2135,20,spy
2023-11-01,SSVI,2.021234756375857,17.125076548069977,0.10960187353629977,0,0,0,0,17.183737316683764,16.849460212349722,16.87,2135,20,spy
2023-11-01,eSSVI,1.997344731656344,17.3116853882491,0.14613583138173303,0,0,0,0,17.126691044540664,16.849460212349722,16.87,2135,20,spy
2023-12-01,SVI per slice,0.2315094187184214,1.8855732461473762,0.36374948154292824,0,883,149,4904,12.823785786517183,12.844174685274224,12.63,2411,23,spy
2023-12-01,SVI + penalties,0.36185270901478594,2.9938587776804857,0.2994608046453754,0,200,0,1304,12.946551044415944,12.844174685274224,12.63,2411,23,spy
2023-12-01,SSVI,2.044765210975784,11.77795244746056,0.052675238490253004,0,0,0,0,13.763056412452071,12.844174685274224,12.63,2411,23,spy
2023-12-01,eSSVI,1.9163701021782757,11.651778172256538,0.055993363749481544,0,0,0,0,13.119638284825431,12.844174685274224,12.63,2411,23,spy
2024-01-02,SVI per slice,0.199670726817184,0.9816570172724415,0.34291754756871035,59,443,227,3602,13.524608152848018,13.041794680528326,13.2,2365,23,spy
2024-01-02,SVI + penalties,0.32584334731022857,6.060235926679757,0.2900634249471459,21,115,13,1188,13.710747153500623,13.041794680528326,13.2,2365,23,spy
2024-01-02,SSVI,1.9116043223037145,12.53101647765496,0.07019027484143764,0,0,0,0,13.167449269134998,13.041794680528326,13.2,2365,23,spy
2024-01-02,eSSVI,1.8265877761262805,13.299975617900117,0.09048625792811839,0,0,0,0,13.170003472431748,13.041794680528326,13.2,2365,23,spy
2024-02-01,SVI per slice,0.17941592185147426,3.3678054681625436,0.5749128919860628,122,1362,79,4906,14.09315611140485,13.814995190022788,13.88,2870,28,spy
2024-02-01,SVI + penalties,0.20700540189709646,3.4098178870396847,0.5449477351916376,39,107,0,1160,14.093156214449293,13.814995190022788,13.88,2870,28,spy
2024-02-01,SSVI,2.629573696440662,23.60350365354701,0.08397212543554007,0,0,0,0,14.960481148638088,13.814995190022788,13.88,2870,28,spy
2024-02-01,eSSVI,2.3716561206809192,22.14061377041806,0.07142857142857142,0,0,0,0,14.590893690803197,13.814995190022788,13.88,2870,28,spy
2024-03-01,SVI per slice,0.17373490835106806,1.7193533803654737,0.48740888005301525,35,653,30,4145,13.252855666459187,13.240596210972324,13.11,3018,25,spy
2024-03-01,SVI + penalties,0.18520812653966448,1.66810733420919,0.45593108018555334,14,123,0,1107,13.281502958917818,13.240596210972324,13.11,3018,25,spy
2024-03-01,SSVI,2.472312519634056,16.07994964280744,0.030483764082173626,0,0,0,0,14.217216015554351,13.240596210972324,13.11,3018,25,spy
2024-03-01,eSSVI,2.2334336256758243,14.735096887977944,0.02485089463220676,0,0,0,0,13.766891965437585,13.240596210972324,13.11,3018,25,spy
2024-04-01,SVI per slice,0.15202580897436527,1.929654553348925,0.5571533923303835,0,1725,152,5942,13.437091785299637,13.229231450320079,13.65,2712,26,spy
2024-04-01,SVI + penalties,0.2247441741074138,2.4444113699539916,0.4174041297935103,0,150,0,1669,13.440318156842936,13.229231450320079,13.65,2712,26,spy
2024-04-01,SSVI,2.0958008372108634,18.248020279117632,0.030973451327433628,0,0,0,0,13.94749510273418,13.229231450320079,13.65,2712,26,spy
2024-04-01,eSSVI,1.9752547869467574,17.57196525438368,0.04129793510324484,0,0,0,0,13.624871345824848,13.229231450320079,13.65,2712,26,spy
2024-05-01,SVI per slice,1.5566527050639198,22.764069480564213,0.2986111111111111,142,2539,325,5285,15.461095179177192,,15.39,2448,24,spy
2024-05-01,SVI + penalties,0.577813899506652,9.826797219781714,0.25857843137254904,0,514,9,1593,18.55379776417206,,15.39,2448,24,spy
2024-05-01,SSVI,1.9671393574357618,18.299660217026176,0.04820261437908497,0,0,0,0,15.383367262947603,,15.39,2448,24,spy
2024-05-01,eSSVI,2.1806646497340822,22.81938476522294,0.09272875816993464,0,0,0,0,16.18283619852534,,15.39,2448,24,spy
2024-06-03,SVI per slice,0.2545167118071199,2.518358810892407,0.3455328310010764,72,2369,186,6360,25.695436865200833,12.938718771121902,13.11,2787,26,spy
2024-06-03,SVI + penalties,0.4145698499948331,4.845040119078567,0.2149264442052386,20,68,750,2357,29.93491832612526,12.938718771121902,13.11,2787,26,spy
2024-06-03,SSVI,1.990038656977573,14.58177117621679,0.03767491926803014,0,0,0,0,13.38253429953623,12.938718771121902,13.11,2787,26,spy
2024-06-03,eSSVI,1.9736657158163546,15.71802495532041,0.042339433082167206,0,0,0,0,13.732660778181355,12.938718771121902,13.11,2787,26,spy
2024-07-01,SVI per slice,0.19389517296903472,1.4709220343517515,0.32484298674110257,63,2205,285,6449,13.290889568967835,12.05893175777913,12.22,2866,28,spy
2024-07-01,SVI + penalties,0.4206985890391865,6.5059569042992065,0.2826238660153524,24,64,594,1958,13.980303829883173,12.05893175777913,12.22,2866,28,spy
2024-07-01,SSVI,1.9459699904499066,17.2962743153671,0.04082344731332868,0,0,0,0,12.713314856250774,12.05893175777913,12.22,2866,28,spy
2024-07-01,eSSVI,1.798821436106906,16.156713841380892,0.04431263084438242,0,0,0,0,12.239162062083873,12.05893175777913,12.22,2866,28,spy
2024-08-01,SVI per slice,0.24833487203392643,2.6473305189852248,0.28631784205394867,0,878,220,6644,18.70617691004266,18.600705359953757,18.59,3077,26,spy
2024-08-01,SVI + penalties,3.815108317420209,30.74176968764245,0.0961975950601235,422,206,2798,4809,168.62883944959617,18.600705359953757,18.59,3077,26,spy
2024-08-01,SSVI,1.9115216633200007,17.944585806247872,0.054273643158921026,0,0,0,0,18.494199988639217,18.600705359953757,18.59,3077,26,spy
2024-08-01,eSSVI,1.905039753268929,20.183697190295558,0.06337341566460838,0,0,0,0,18.83418158996507,18.600705359953757,18.59,3077,26,spy
2024-09-03,SVI per slice,0.2876083943763148,2.7125051431640568,0.2205029013539652,0,2506,507,6262,31.10559370102996,19.82630700991193,20.72,3102,26,spy
2024-09-03,SVI + penalties,1.2435450213341328,15.699663397806388,0.16634429400386846,0,8,861,3166,138.81365634860208,19.82630700991193,20.72,3102,26,spy
2024-09-03,SSVI,3.391600340698204,25.866854044792596,0.03707285622179239,0,0,0,0,21.36389491547328,19.82630700991193,20.72,3102,26,spy
2024-09-03,eSSVI,2.712261541634723,22.29974062922756,0.04223081882656351,0,0,0,0,20.71717188649287,19.82630700991193,20.72,3102,26,spy
2024-10-01,SVI per slice,0.3047070921496645,2.317459512815881,0.2361887026691496,14,2681,405,5680,33.85229925499327,18.365903690378424,19.26,3222,26,spy
2024-10-01,SVI + penalties,0.6065744906404378,6.968503185655811,0.16821849782743636,8,998,133,2228,69.33572793947528,18.365903690378424,19.26,3222,26,spy
2024-10-01,SSVI,3.7239406150730305,27.433853171592926,0.06207324643078833,0,0,0,0,19.48651276310133,18.365903690378424,19.26,3222,26,spy
2024-10-01,eSSVI,3.145777523095128,24.389679498008476,0.06021104903786468,0,0,0,0,18.771273849124537,18.365903690378424,19.26,3222,26,spy
2024-11-01,SVI per slice,0.42647442101902105,3.968106606514479,0.13666561214805442,2,2884,487,4329,33.71864933834844,21.43537413184932,21.88,3161,24,spy
2024-11-01,SVI + penalties,0.703642848830479,8.729425674281638,0.11357165453970262,0,1799,122,2261,57.31415105963745,21.43537413184932,21.88,3161,24,spy
2024-11-01,SSVI,2.549460874696881,21.756892205005684,0.04365707054729516,0,0,0,0,22.399364539164637,21.43537413184932,21.88,3161,24,spy
2024-11-01,eSSVI,2.7713184416312786,23.6326085086924,0.04840240430243594,0,0,0,0,22.612391376684293,21.43537413184932,21.88,3161,24,spy
2024-12-02,SVI per slice,0.1640341129766836,1.2761214230267437,0.3452305748578648,127,2923,68,5368,13.532971345113474,13.380495976307389,13.34,3166,27,spy
2024-12-02,SVI + penalties,0.8840513634902909,9.718274696608125,0.15003158559696778,32,28,862,3315,30.326093235486475,13.380495976307389,13.34,3166,27,spy
2024-12-02,SSVI,3.077898387282867,20.853602285847494,0.025268477574226154,0,0,0,0,16.213052356151923,13.380495976307389,13.34,3166,27,spy
2024-12-02,eSSVI,2.665590847881327,18.956689442802034,0.027163613392293114,0,0,0,0,15.339849746418032,13.380495976307389,13.34,3166,27,spy
2025-01-02,SVI per slice,0.33203492048106126,2.46448976683801,0.14841849148418493,0,1357,556,7251,19.538637950217126,17.48178406282175,17.93,2877,25,spy
2025-01-02,SVI + penalties,0.5563084832793059,6.146934450855435,0.12095933263816476,0,323,236,2532,21.71651882407287,17.48178406282175,17.93,2877,25,spy
2025-01-02,SSVI,2.3986102547706944,20.788464368174807,0.054570733402850194,0,0,0,0,18.393400798902952,17.48178406282175,17.93,2877,25,spy
2025-01-02,eSSVI,3.2174249278053337,28.617141180102944,0.047619047619047616,0,0,0,0,19.80464310295656,17.48178406282175,17.93,2877,25,spy
2025-02-03,SVI per slice,0.31542001617328175,2.433002228251946,0.12748344370860928,64,3035,358,5605,19.277271852847548,18.086063223165798,18.62,3020,25,spy
2025-02-03,SVI + penalties,0.434325580179871,4.275227220914838,0.11754966887417219,19,2055,232,2338,19.741214412308498,18.086063223165798,18.62,3020,25,spy
2025-02-03,SSVI,2.5396751641785387,22.36970688211667,0.033443708609271525,0,0,0,0,19.998936914536177,18.086063223165798,18.62,3020,25,spy
2025-02-03,eSSVI,2.5297850328886997,21.785507012593918,0.030132450331125826,0,0,0,0,19.551396950168613,18.086063223165798,18.62,3020,25,spy
2025-03-03,SVI per slice,0.3880461310811657,3.477420390550673,0.14544279250161604,0,1733,488,6222,30.66306418205525,21.864881313717593,22.78,3094,25,spy
2025-03-03,SVI + penalties,1.5934338013817075,29.34121334244898,0.09340659340659341,0,1874,314,3124,30.203894200674387,21.864881313717593,22.78,3094,25,spy
2025-03-03,SSVI,2.0045733824024268,15.10009022388148,0.04945054945054945,0,0,0,0,22.75948038565317,21.864881313717593,22.78,3094,25,spy
2025-03-03,eSSVI,2.1477729700793255,20.185390337462096,0.04880413703943116,0,0,0,0,22.973916872592262,21.864881313717593,22.78,3094,25,spy
2025-04-01,SVI per slice,0.5234888694422827,3.1822523903198174,0.12931798051372898,0,2182,1209,6489,33.15850379256078,21.08862285136788,21.77,3387,26,spy
2025-04-01,SVI + penalties,1.9501496346016667,40.89925624040587,0.07676409802184825,0,1733,582,3588,121.46601511541336,21.08862285136788,21.77,3387,26,spy
2025-04-01,SSVI,2.161805456534964,19.505515722293566,0.04074402125775022,0,0,0,0,22.007882144211216,21.08862285136788,21.77,3387,26,spy
2025-04-01,eSSVI,2.248485473814943,19.39770903234448,0.03513433717153824,0,0,0,0,21.977229784517665,21.08862285136788,21.77,3387,26,spy
2025-05-01,SVI per slice,0.5878614292574736,4.8342308928688595,0.1635598316295851,0,1345,721,5863,105.4220379287315,24.31225255936654,24.6,3326,25,spy
2025-05-01,SVI + penalties,1.08162664506007,14.774637017725409,0.1163559831629585,0,15,560,2982,186.630965037017,24.31225255936654,24.6,3326,25,spy
2025-05-01,SSVI,2.1175371648651056,19.08653447804265,0.06253758268190018,0,0,0,0,24.850520839339797,24.31225255936654,24.6,3326,25,spy
2025-05-01,eSSVI,2.014904469191193,18.31163343758667,0.07306073361395068,0,0,0,0,24.693661617959396,24.31225255936654,24.6,3326,25,spy
2025-06-02,SVI per slice,0.3515216774412568,2.102838066910845,0.10473313192346426,2,2186,18,5906,51.19611894957531,18.142086968896596,18.36,2979,25,spy
2025-06-02,SVI + penalties,0.6175212145788584,7.335413883574707,0.08895602551191675,0,929,400,2455,126.50366457847582,18.142086968896596,18.36,2979,25,spy
2025-06-02,SSVI,1.967508174414873,18.59403998515392,0.03289694528365223,0,0,0,0,18.805340168663765,18.142086968896596,18.36,2979,25,spy
2025-06-02,eSSVI,2.0535684882239433,20.82160762131412,0.05370929842228936,0,0,0,0,19.012934934413117,18.142086968896596,18.36,2979,25,spy
2025-07-01,SVI per slice,0.24696937424792334,1.5118593545935255,0.18126064735945485,0,982,167,4399,22.317618026116985,16.69111129006145,16.83,2935,26,spy
2025-07-01,SVI + penalties,0.3344907338659138,2.7279634777224255,0.1686541737649063,0,393,87,1475,30.16797256860156,16.69111129006145,16.83,2935,26,spy
2025-07-01,SSVI,2.2383974430141023,15.908095863411752,0.034412265758091996,0,0,0,0,16.93295558507099,16.69111129006145,16.83,2935,26,spy
2025-07-01,eSSVI,2.0291085159005506,14.91714102319891,0.025212947189097105,0,0,0,0,16.53516328821832,16.69111129006145,16.83,2935,26,spy
2025-08-01,SVI per slice,0.3190867007188435,2.161959973414461,0.15458457464415756,0,1173,207,4137,32.0231271004028,20.137994090918706,20.38,3021,24,spy
2025-08-01,SVI + penalties,0.5954018421495849,6.483896024952582,0.1297583581595498,0,242,148,2251,70.1355843081554,20.137994090918706,20.38,3021,24,spy
2025-08-01,SSVI,3.126377248387971,21.160651870486667,0.03475670307845084,0,0,0,0,21.578467878009157,20.137994090918706,20.38,3021,24,spy
2025-08-01,eSSVI,2.5670638739715446,18.62061051511249,0.04270109235352532,0,0,0,0,21.077434905841027,20.137994090918706,20.38,3021,24,spy
2025-09-02,SVI per slice,0.3004882546897068,2.0749387439564893,0.13927676333691372,0,2810,225,6343,81.65409476328406,16.99505382805919,17.17,2793,25,spy
2025-09-02,SVI + penalties,0.9948182755131278,7.541704206699218,0.1016827783745077,0,1441,518,3610,105.9491118965585,16.99505382805919,17.17,2793,25,spy
2025-09-02,SSVI,2.6160842258108583,22.7321446048513,0.03293949158610813,0,0,0,0,18.47657792385059,16.99505382805919,17.17,2793,25,spy
2025-09-02,eSSVI,2.105109036310787,19.7725939358949,0.029717150017901896,0,0,0,0,17.940107469459026,16.99505382805919,17.17,2793,25,spy
2025-10-01,SVI per slice,0.19295224890178317,2.0044284439548865,0.274884437596302,0,3653,140,6084,21.201021634338048,,16.29,3245,24,spy
2025-10-01,SVI + penalties,0.3693456502212802,3.406625759456447,0.18305084745762712,0,245,0,1510,16.322892350425818,,16.29,3245,24,spy
2025-10-01,SSVI,2.0447800375966185,14.624622552564448,0.04067796610169491,0,0,0,0,17.62363863570995,,16.29,3245,24,spy
2025-10-01,eSSVI,1.6740572894738368,12.81367715222781,0.03913713405238829,0,0,0,0,16.777449786330177,,16.29,3245,24,spy
2025-11-03,SVI per slice,0.2236351700700761,2.461395254841392,0.19216605289588215,0,1294,82,5192,46.37628169803085,17.034218602268194,17.17,2987,23,spy
2025-11-03,SVI + penalties,0.33723734116196574,2.9827995519010386,0.14496149983260798,0,56,0,1345,126.37663452237129,17.034218602268194,17.17,2987,23,spy
2025-11-03,SSVI,2.2452473476876995,18.7273258608735,0.036156678942082354,0,0,0,0,17.485961980888145,17.034218602268194,17.17,2987,23,spy
2025-11-03,eSSVI,2.087609858885202,17.530014670922213,0.038834951456310676,0,0,0,0,17.337664852461636,17.034218602268194,17.17,2987,23,spy
2025-12-01,SVI per slice,0.33277251456172396,2.8185271424543856,0.13631669535283994,0,1456,160,6756,46.486733300086044,17.386185595365845,17.24,2905,23,spy
2025-12-01,SVI + penalties,0.504298613555919,4.367738492250347,0.09982788296041308,0,28,125,1959,131.50930453324528,17.386185595365845,17.24,2905,23,spy
2025-12-01,SSVI,2.389835276658078,19.66218025692473,0.027538726333907058,0,0,0,0,18.073311965549216,17.386185595365845,17.24,2905,23,spy
2025-12-01,eSSVI,2.1215997689249457,17.74211426858234,0.029259896729776247,0,0,0,0,17.459920227691867,17.386185595365845,17.24,2905,23,spy
