date,vix,spx
1990-01-02,17.2400,359.6900
1990-01-03,18.1900,358.7600
1990-01-04,19.2200,355.6700
1990-01-05,20.1100,352.2000
1990-01-08,20.2600,353.7900
1990-01-09,22.2000,349.6200
1990-01-10,22.4400,347.3100
1990-01-11,20.0500,348.5300
1990-01-12,24.6400,339.9300
1990-01-15,26.3400,337.0000
1990-01-16,24.1800,340.7500
1990-01-17,24.1600,337.4000
1990-01-18,24.3400,338.1900
1990-01-19,22.5000,339.1500
1990-01-22,26.7000,330.3800
1990-01-23,24.7200,331.6100
1990-01-24,25.3900,330.2600
1990-01-25,25.6300,326.0800
1990-01-26,26.2800,325.8000
1990-01-29,26.4400,325.2000
1990-01-30,27.2500,322.9800
1990-01-31,25.3600,329.0800
1990-02-01,24.8700,328.7900
1990-02-02,24.3200,330.9200
1990-02-05,24.5400,331.8500
1990-02-06,24.6900,329.6600
1990-02-07,24.2900,333.7500
1990-02-08,23.7700,332.9600
1990-02-09,23.6900,333.6200
1990-02-12,24.3800,330.0800
1990-02-13,23.7600,331.0200
1990-02-14,22.0500,332.0100
1990-02-15,19.7100,334.8900
1990-02-16,20.7800,332.7200
1990-02-20,22.7800,327.9900
1990-02-21,23.8900,327.6700
1990-02-22,22.5400,325.7000
1990-02-23,23.6900,324.1500
1990-02-26,23.5600,328.6700
1990-02-27,22.6900,330.2600
1990-02-28,21.9900,331.8900
1990-03-01,21.9000,332.7400
1990-03-02,21.3400,335.5400
1990-03-05,22.0300,333.7400
1990-03-06,20.5500,337.9300
1990-03-07,19.1000,336.9500
1990-03-08,19.7400,340.2700
1990-03-09,20.3000,337.9300
1990-03-12,20.0700,338.6700
1990-03-13,21.0500,336.0000
1990-03-14,19.6500,336.8700
1990-03-15,18.8100,338.0700
1990-03-16,17.6200,341.9100
1990-03-19,18.2900,343.5300
1990-03-20,19.0600,341.5700
1990-03-21,20.1000,339.7400
1990-03-22,22.7400,335.6900
1990-03-23,20.4600,337.2200
1990-03-26,19.5900,337.6300
1990-03-27,21.0100,341.5000
1990-03-28,19.7700,342.0000
1990-03-29,18.4600,340.7900
1990-03-30,19.7300,339.9400
1990-04-02,22.8400,338.7000
1990-04-03,20.4400,343.6400
1990-04-04,22.0300,341.0900
1990-04-05,21.2100,340.7300
1990-04-06,21.7600,340.0800
1990-04-09,22.3000,341.3700
1990-04-10,21.6900,342.0700
1990-04-11,17.7300,341.9200
1990-04-12,19.8000,344.3400
1990-04-16,20.7500,344.7400
1990-04-17,20.3800,344.6800
1990-04-18,22.6700,340.7200
1990-04-19,22.4600,338.0900
1990-04-20,23.3300,335.1200
1990-04-23,24.1600,331.0500
1990-04-24,21.7000,330.3600
1990-04-25,20.8600,332.0300
1990-04-26,20.2500,332.9200
1990-04-27,22.1900,329.1100
1990-04-30,19.5200,330.8000
1990-05-01,18.4300,332.2500
1990-05-02,19.3200,334.4800
1990-05-03,17.8100,335.5700
1990-05-04,17.2800,338.3900
1990-05-07,17.6500,340.5300
1990-05-08,18.4900,342.0100
1990-05-09,18.6400,342.8600
1990-05-10,18.5900,343.8200
1990-05-11,19.8100,352.0000
1990-05-14,20.1400,354.7500
1990-05-15,19.4900,354.2800
1990-05-16,17.7100,354.0000
1990-05-17,17.2700,354.4700
1990-05-18,17.2000,354.6400
1990-05-21,16.7200,358.0000
1990-05-22,17.8400,358.4300
1990-05-23,17.1800,359.2900
1990-05-24,17.7000,358.4100
1990-05-25,17.3200,354.5800
1990-05-29,18.7500,360.6500
1990-05-30,17.4400,360.8600
1990-05-31,17.3700,361.2300
1990-06-01,17.0900,363.1600
1990-06-04,18.3900,367.4000
1990-06-05,18.9700,366.6400
1990-06-06,17.4200,364.9600
1990-06-07,16.8800,363.1500
1990-06-08,17.5800,358.7100
1990-06-11,16.3400,361.6300
1990-06-12,16.6000,366.2500
1990-06-13,17.3800,364.9000
1990-06-14,17.4000,362.9000
1990-06-15,15.9000,362.9100
1990-06-18,17.7100,356.8800
1990-06-19,15.2300,358.4700
1990-06-20,15.2700,359.1000
1990-06-21,14.7200,360.4700
1990-06-22,19.3600,355.4300
1990-06-25,17.0600,352.3100
1990-06-26,16.2900,352.0600
1990-06-27,16.0000,355.1400
1990-06-28,16.1800,357.6300
1990-06-29,15.5000,358.0200
1990-07-02,16.2600,359.5400
1990-07-03,16.1100,360.1600
1990-07-05,17.2500,355.6800
1990-07-06,16.4100,358.4200
1990-07-09,16.6600,359.5200
1990-07-10,16.9200,356.4900
1990-07-11,16.6800,361.2300
1990-07-12,17.0600,365.4400
1990-07-13,17.0900,367.3100
1990-07-16,16.7500,368.9500
1990-07-17,16.6600,367.5200
1990-07-18,18.9000,364.2200
1990-07-19,18.5600,365.3200
1990-07-20,15.6300,361.6100
1990-07-23,23.6800,355.3100
1990-07-24,21.7900,355.7900
1990-07-25,20.1900,357.0900
1990-07-26,20.2600,355.9100
1990-07-27,21.1200,353.4400
1990-07-30,21.1600,355.5500
1990-07-31,21.1100,356.1500
1990-08-01,21.6400,355.5200
1990-08-02,20.4300,351.4800
1990-08-03,28.7400,344.8600
1990-08-06,35.9100,334.4300
1990-08-07,32.7500,334.8300
1990-08-08,28.2700,338.3500
1990-08-09,24.3900,339.9400
1990-08-10,25.7500,335.5200
1990-08-13,25.7400,338.8400
1990-08-14,24.1800,339.3900
1990-08-15,23.3100,340.0600
1990-08-16,27.1600,332.3900
1990-08-17,27.5300,327.8300
1990-08-20,26.4600,328.5100
1990-08-21,28.9000,321.8600
1990-08-22,30.5500,316.5500
1990-08-23,36.4700,307.0600
1990-08-24,33.9300,311.5100
1990-08-27,29.6300,321.4400
1990-08-28,29.1200,321.3400
1990-08-29,27.3800,324.1900
1990-08-30,29.8900,318.7100
1990-08-31,29.9000,322.5600
1990-09-04,29.5800,323.0900
1990-09-05,28.5200,324.3900
1990-09-06,30.1900,320.4600
1990-09-07,28.7300,323.4000
1990-09-10,29.3400,321.6300
1990-09-11,28.3800,321.0400
1990-09-12,28.1200,322.5400
1990-09-13,29.3300,318.6500
1990-09-14,30.5600,316.8300
1990-09-17,29.5500,317.7700
1990-09-18,28.8200,318.6000
1990-09-19,27.8800,316.6000
1990-09-20,28.6600,311.4800
1990-09-21,30.0400,311.3200
1990-09-24,30.5600,304.5900
1990-09-25,28.8100,308.2600
1990-09-26,28.1900,305.0600
1990-09-27,28.6700,300.9700
1990-09-28,29.1100,306.0500
1990-10-01,28.0600,314.9400
1990-10-02,27.2800,315.2100
1990-10-03,27.9000,311.4000
1990-10-04,27.5100,312.6900
1990-10-05,27.8500,311.5000
1990-10-08,28.0400,313.4800
1990-10-09,30.7100,305.1000
1990-10-10,31.1900,300.3900
1990-10-11,33.9800,295.4600
1990-10-12,31.9400,300.0300
1990-10-15,31.6400,303.2300
1990-10-16,31.4500,298.9200
1990-10-17,31.3700,298.7600
1990-10-18,29.6000,305.7400
1990-10-19,27.8600,312.4800
1990-10-22,27.2700,314.7600
1990-10-23,27.5700,312.3600
1990-10-24,28.2800,312.6000
1990-10-25,29.0400,310.1700
1990-10-26,30.7500,304.7100
1990-10-29,31.5400,301.8800
1990-10-30,30.5200,304.0600
1990-10-31,30.0400,304.0000
1990-11-01,30.2500,307.0200
1990-11-02,30.0300,311.8500
1990-11-05,29.8500,314.5900
1990-11-06,29.1100,311.6200
1990-11-07,30.8700,306.0100
1990-11-08,30.7900,307.6100
1990-11-09,26.9600,313.7400
1990-11-12,25.6000,319.4800
1990-11-13,24.5800,317.6700
1990-11-14,22.8900,320.4000
1990-11-15,22.5700,317.0200
1990-11-16,21.3400,317.1200
1990-11-19,20.9500,319.3400
1990-11-20,20.0900,315.3100
1990-11-21,21.0900,316.0300
1990-11-23,20.9800,315.1000
1990-11-26,22.7600,316.5100
1990-11-27,22.8600,318.1000
1990-11-28,22.9600,317.9500
1990-11-29,23.9100,316.4200
1990-11-30,22.1600,322.2200
1990-12-03,22.2900,324.1000
1990-12-04,22.0300,326.3500
1990-12-05,20.9400,329.9200
1990-12-06,22.6200,329.0700
1990-12-07,22.5900,327.7500
1990-12-10,23.5800,328.8900
1990-12-11,23.7500,326.4400
1990-12-12,21.2800,330.1900
1990-12-13,23.0500,329.3400
1990-12-14,23.8500,326.8200
1990-12-17,24.8500,326.0200
1990-12-18,23.1100,330.0500
1990-12-19,23.0800,330.2000
1990-12-20,23.1300,330.1200
1990-12-21,22.6600,331.7500
1990-12-24,24.0300,329.9000
1990-12-26,24.1800,330.8500
1990-12-27,24.8100,328.2900
1990-12-28,25.0500,328.7200
1990-12-31,26.3800,330.2200
1991-01-02,26.6200,326.4500
1991-01-03,27.9300,321.9100
1991-01-04,27.1900,321.0000
1991-01-07,28.9500,315.4400
1991-01-08,30.3800,314.9000
1991-01-09,33.3000,311.4900
1991-01-10,31.3300,314.5300
1991-01-11,32.6300,315.2300
1991-01-14,36.2000,312.4900
1991-01-15,36.1600,313.7300
1991-01-16,33.2000,316.1700
1991-01-17,27.4500,327.9700
1991-01-18,25.3900,332.2300
1991-01-21,24.3300,331.0600
1991-01-22,24.9000,328.3100
1991-01-23,23.9200,330.2100
1991-01-24,22.8600,334.7800
1991-01-25,22.2000,336.0700
1991-01-28,23.0500,336.0300
1991-01-29,23.1700,335.8400
1991-01-30,21.3700,340.9100
1991-01-31,20.9100,343.9300
1991-02-01,21.0400,343.0500
1991-02-04,21.8600,348.3400
1991-02-05,21.4600,351.2600
1991-02-06,22.6800,358.0700
1991-02-07,23.6000,356.5200
1991-02-08,23.3800,359.3500
1991-02-11,22.5600,368.5800
1991-02-12,22.2600,365.5000
1991-02-13,20.8600,369.0200
1991-02-14,21.4800,364.2200
1991-02-15,19.5700,369.0600
1991-02-19,19.8400,369.3900
1991-02-20,22.2600,365.1400
1991-02-21,20.7800,364.9700
1991-02-22,21.0100,365.6500
1991-02-25,22.8600,367.2600
1991-02-26,20.3800,362.8100
1991-02-27,21.2600,367.7400
1991-02-28,21.2300,367.0700
1991-03-01,21.2300,370.4700
1991-03-04,20.8600,369.3300
1991-03-05,20.4500,376.7200
1991-03-06,20.5500,376.1700
1991-03-07,21.0500,375.9100
1991-03-08,20.8100,374.9500
1991-03-11,20.8800,372.9600
1991-03-12,18.8200,370.0300
1991-03-13,16.0900,374.5700
1991-03-14,14.9400,373.5000
1991-03-15,14.9000,373.5900
1991-03-18,15.7900,372.1100
1991-03-19,16.1100,366.5900
1991-03-20,16.0400,367.9200
1991-03-21,16.8600,366.5800
1991-03-22,16.4900,367.4800
1991-03-25,16.7600,369.8300
1991-03-26,16.3100,376.3000
1991-03-27,16.5500,375.3500
1991-03-28,16.8800,375.2200
1991-04-01,17.4200,371.3000
1991-04-02,17.4000,379.5000
1991-04-03,17.6100,378.9400
1991-04-04,18.0100,379.7700
1991-04-05,17.6300,375.3600
1991-04-08,17.4100,378.6600
1991-04-09,20.1200,373.5600
1991-04-10,19.7300,373.1500
1991-04-11,17.2400,377.6300
1991-04-12,18.4500,380.4000
1991-04-15,16.5000,381.1900
1991-04-16,15.8200,387.6200
1991-04-17,15.4700,390.4500
1991-04-18,16.2600,388.4600
1991-04-19,15.6800,384.2000
1991-04-22,16.7800,380.9500
1991-04-23,17.0200,381.7600
1991-04-24,16.7200,382.7600
1991-04-25,17.1500,379.2500
1991-04-26,17.2700,379.0200
1991-04-29,18.2700,373.6600
1991-04-30,18.2400,375.3400
1991-05-01,17.7700,380.2900
1991-05-02,17.5200,380.5200
1991-05-03,17.2400,380.8000
1991-05-06,17.9200,380.0800
1991-05-07,17.4600,377.3200
1991-05-08,17.7800,378.5100
1991-05-09,17.1700,383.2500
1991-05-10,17.5400,375.7400
1991-05-13,17.6600,376.7600
1991-05-14,18.0000,371.6200
1991-05-15,18.3800,368.5700
1991-05-16,17.2400,372.1900
1991-05-17,16.6400,372.3900
1991-05-20,17.1000,372.2800
1991-05-21,16.0700,375.3500
1991-05-22,16.1600,376.1900
1991-05-23,16.1100,374.9600
1991-05-24,15.2300,377.4900
1991-05-28,15.6700,381.9400
1991-05-29,15.9000,382.7900
1991-05-30,16.0200,386.9600
1991-05-31,15.9300,389.8300
1991-06-03,16.8700,388.0600
1991-06-04,16.1700,387.7400
1991-06-05,16.4000,385.0900
1991-06-06,16.9300,383.6300
1991-06-07,16.9800,379.4300
1991-06-10,17.4700,378.5700
1991-06-11,17.3200,381.0500
1991-06-12,17.7200,376.6500
1991-06-13,16.9900,377.6300
1991-06-14,15.9800,382.2900
1991-06-17,15.5000,380.1300
1991-06-18,16.1400,378.5900
1991-06-19,17.4400,375.0900
1991-06-20,16.7500,375.4200
1991-06-21,16.5100,377.7500
1991-06-24,18.2800,370.9400
1991-06-25,17.8500,370.6500
1991-06-26,17.9800,371.5900
1991-06-27,17.8700,374.4000
1991-06-28,19.5500,371.1600
1991-07-01,18.6400,377.9200
1991-07-02,17.6300,377.4700
1991-07-03,19.4700,373.3300
1991-07-05,18.3500,374.0800
1991-07-08,20.2900,377.9400
1991-07-09,19.7600,376.1100
1991-07-10,19.1900,375.7400
1991-07-11,17.3900,376.9700
1991-07-12,18.2900,380.2500
1991-07-15,17.7800,382.3900
1991-07-16,17.4900,381.5400
1991-07-17,17.5200,381.1800
1991-07-18,15.7700,385.3700
1991-07-19,15.5000,384.2200
1991-07-22,16.9000,382.8800
1991-07-23,16.5800,379.4200
1991-07-24,16.4100,378.6400
1991-07-25,15.7400,380.9600
1991-07-26,15.4500,380.9300
1991-07-29,15.6700,383.1500
1991-07-30,15.4700,386.6900
1991-07-31,15.1800,387.8100
1991-08-01,15.4700,387.1200
1991-08-02,15.2600,387.1800
1991-08-05,15.9200,385.0600
1991-08-06,15.5400,390.6200
1991-08-07,15.5600,390.5600
1991-08-08,15.9800,389.3200
1991-08-09,15.4500,387.1200
1991-08-12,15.2600,388.0200
1991-08-13,14.7300,389.6200
1991-08-14,15.0900,389.9000
1991-08-15,15.1900,389.3300
1991-08-16,16.0100,385.5800
1991-08-19,21.1900,376.4700
1991-08-20,18.8600,379.4300
1991-08-21,15.6200,390.5900
1991-08-22,14.5900,391.3300
1991-08-23,14.4100,394.1700
1991-08-26,14.8100,393.8500
1991-08-27,15.4600,393.0600
1991-08-28,15.3100,396.6400
1991-08-29,14.8200,396.4700
1991-08-30,14.4600,395.4300
1991-09-03,16.5700,392.1500
1991-09-04,17.1800,389.9700
1991-09-05,17.3100,389.1400
1991-09-06,16.7600,389.1000
1991-09-09,17.7300,388.5700
1991-09-10,18.2200,384.5600
1991-09-11,17.9600,385.0900
1991-09-12,16.2100,387.3400
1991-09-13,17.8800,383.5900
1991-09-16,17.8200,385.7800
1991-09-17,17.6800,385.5000
1991-09-18,17.5600,386.9400
1991-09-19,17.5600,387.5600
1991-09-20,17.0800,387.9200
1991-09-23,16.3800,385.9200
1991-09-24,16.0400,387.7100
1991-09-25,15.6800,386.8800
1991-09-26,15.3500,386.4900
1991-09-27,16.3100,385.9000
1991-09-30,15.8500,387.8600
1991-10-01,14.8100,389.2000
1991-10-02,15.8100,388.2600
1991-10-03,17.0400,384.4700
1991-10-04,15.6300,381.2500
1991-10-07,18.5800,379.5000
1991-10-08,17.8100,380.6700
1991-10-09,18.5400,376.8000
1991-10-10,17.8000,380.5500
1991-10-11,17.6000,381.4500
1991-10-14,16.7100,386.4700
1991-10-15,16.2200,391.0100
1991-10-16,14.8500,392.8000
1991-10-17,16.3200,391.9200
1991-10-18,15.8700,392.5000
1991-10-21,16.6600,390.0200
1991-10-22,16.5500,387.8300
1991-10-23,16.2600,387.9400
1991-10-24,15.6200,385.0700
1991-10-25,15.7500,384.2000
1991-10-28,15.4500,389.5200
1991-10-29,15.5500,391.4800
1991-10-30,15.4600,392.9600
1991-10-31,15.4800,392.4500
1991-11-01,15.6000,391.3200
1991-11-04,16.3500,390.2800
1991-11-05,16.4800,388.7100
1991-11-06,16.4700,389.9700
1991-11-07,15.9700,393.7200
1991-11-08,15.4300,392.8900
1991-11-11,14.8900,393.1200
1991-11-12,14.0400,396.7400
1991-11-13,13.9500,397.4100
1991-11-14,13.9600,397.1500
1991-11-15,21.1800,382.6200
1991-11-18,18.2800,385.2400
1991-11-19,20.3400,379.4200
1991-11-20,20.4000,378.5300
1991-11-21,19.1100,380.0600
1991-11-22,21.2000,376.1400
1991-11-25,21.9200,375.3400
1991-11-26,19.8000,377.9600
1991-11-27,19.8400,376.5500
1991-11-29,20.2600,375.2200
1991-12-02,20.1800,381.4000
1991-12-03,19.7000,380.9600
1991-12-04,19.5400,380.0700
1991-12-05,20.1900,377.3900
1991-12-06,19.0400,379.1000
1991-12-09,19.7400,378.2600
1991-12-10,19.8900,377.9000
1991-12-11,20.5700,377.7000
1991-12-12,19.0800,381.5500
1991-12-13,17.8800,384.4700
1991-12-16,17.6200,384.4600
1991-12-17,18.1200,382.7400
1991-12-18,17.7800,383.4800
1991-12-19,17.9600,382.5200
1991-12-20,17.6500,387.0400
1991-12-23,16.6100,396.8200
1991-12-24,15.6700,399.3300
1991-12-26,15.4400,404.8400
1991-12-27,15.7000,406.4600
1991-12-30,17.6300,415.1400
1991-12-31,19.3100,417.0900
1992-01-02,18.9500,417.2600
1992-01-03,18.7500,419.3400
1992-01-06,18.9600,417.9600
1992-01-07,19.2300,417.4000
1992-01-08,18.7200,418.1000
1992-01-09,18.9600,417.6100
1992-01-10,18.4500,415.1000
1992-01-13,18.0100,414.3400
1992-01-14,17.0100,420.4400
1992-01-15,17.3900,420.7700
1992-01-16,17.6400,418.2100
1992-01-17,16.3200,418.8600
1992-01-20,16.4200,416.3600
1992-01-21,17.9200,412.6400
1992-01-22,16.7500,418.1300
1992-01-23,16.4600,414.9600
1992-01-24,16.2400,415.4800
1992-01-27,16.6700,414.9900
1992-01-28,17.6700,414.9600
1992-01-29,17.6200,410.3400
1992-01-30,17.4900,411.6200
1992-01-31,17.4000,408.7800
1992-02-03,18.2000,409.5300
1992-02-04,17.9600,413.8500
1992-02-05,18.2200,413.8400
1992-02-06,18.7900,413.8200
1992-02-07,18.5100,411.0900
1992-02-10,18.5600,413.7700
1992-02-11,17.7000,413.7600
1992-02-12,17.3700,417.1300
1992-02-13,17.4500,413.6900
1992-02-14,17.0300,412.4800
1992-02-18,18.2200,407.3800
1992-02-19,17.1600,408.2600
1992-02-20,16.7200,413.9000
1992-02-21,16.8700,411.4300
1992-02-24,17.1300,412.2700
1992-02-25,16.3500,410.4500
1992-02-26,16.6400,415.3500
1992-02-27,16.5100,413.8600
1992-02-28,16.6800,412.7000
1992-03-02,16.8800,412.4500
1992-03-03,17.2600,412.8500
1992-03-04,17.8900,409.3300
1992-03-05,18.4700,406.5100
1992-03-06,19.7500,404.4400
1992-03-09,19.6800,405.2100
1992-03-10,18.6800,406.8900
1992-03-11,19.7900,404.0300
1992-03-12,19.7200,403.8900
1992-03-13,18.3500,405.8400
1992-03-16,18.4600,406.3900
1992-03-17,16.7900,409.5800
1992-03-18,16.6900,409.1500
1992-03-19,16.5200,409.8000
1992-03-20,16.8200,411.3000
1992-03-23,16.7300,409.9100
1992-03-24,16.3200,408.8800
1992-03-25,16.1900,407.5200
1992-03-26,16.2900,407.8600
1992-03-27,16.0200,403.5000
1992-03-30,15.9700,403.0000
1992-03-31,16.1800,403.6900
1992-04-01,16.4800,404.2300
1992-04-02,17.0600,400.5000
1992-04-03,16.7200,401.5500
1992-04-06,16.7200,405.5900
1992-04-07,18.8100,398.0600
1992-04-08,20.1500,394.5000
1992-04-09,17.8900,400.6400
1992-04-10,16.8500,404.2900
1992-04-13,16.9900,406.0800
1992-04-14,15.9800,412.3900
1992-04-15,15.1500,416.2800
1992-04-16,14.8500,416.0400
1992-04-20,15.9300,410.1800
1992-04-21,16.5300,410.2600
1992-04-22,15.9600,409.8100
1992-04-23,15.8300,411.6000
1992-04-24,15.7100,409.0200
1992-04-27,16.4900,408.4500
1992-04-28,16.2400,409.1100
1992-04-29,15.9500,412.0200
1992-04-30,15.5300,414.9500
1992-05-01,16.6100,412.5300
1992-05-04,16.9200,416.9100
1992-05-05,16.6600,416.8400
1992-05-06,16.8100,416.7900
1992-05-07,16.5400,415.8500
1992-05-08,15.6500,416.0500
1992-05-11,15.1700,418.4900
1992-05-12,15.6800,416.2900
1992-05-13,15.1900,416.4500
1992-05-14,15.4900,413.1400
1992-05-15,14.8200,410.0900
1992-05-18,14.6200,412.8100
1992-05-19,13.5700,416.3700
1992-05-20,13.6200,415.3900
1992-05-21,13.9200,412.6000
1992-05-22,13.7300,414.0200
1992-05-26,14.9200,411.4100
1992-05-27,13.9900,412.1700
1992-05-28,13.7700,416.7400
1992-05-29,13.8600,415.3500
1992-06-01,14.4300,417.3000
1992-06-02,14.5700,413.5000
1992-06-03,14.3500,414.5900
1992-06-04,13.6600,413.2600
1992-06-05,14.6500,413.4800
1992-06-08,15.1900,413.3600
1992-06-09,15.9700,410.0600
1992-06-10,16.6200,407.2500
1992-06-11,16.2900,409.0500
1992-06-12,14.9500,409.7600
1992-06-15,14.7600,410.2900
1992-06-16,15.2200,408.3200
1992-06-17,18.0800,402.2600
1992-06-18,18.2000,400.9600
1992-06-19,16.3100,403.6700
1992-06-22,16.6600,403.4000
1992-06-23,14.5300,404.0400
1992-06-24,14.4000,403.8400
1992-06-25,14.4000,403.1200
1992-06-26,14.6700,403.4500
1992-06-29,13.2100,408.9400
1992-06-30,13.3500,408.1400
1992-07-01,13.3400,412.8800
1992-07-02,13.8800,411.7700
1992-07-06,14.8700,413.8400
1992-07-07,15.8300,409.1600
1992-07-08,15.5300,410.2800
1992-07-09,14.6000,414.2300
1992-07-10,13.7000,414.6200
1992-07-13,14.0100,414.8700
1992-07-14,13.5000,417.6800
1992-07-15,12.5200,417.1000
1992-07-16,12.2700,417.5400
1992-07-17,12.6000,415.6200
1992-07-20,12.6600,413.7500
1992-07-21,12.6000,413.7600
1992-07-22,13.5700,410.9300
1992-07-23,13.3300,412.0800
1992-07-24,13.3700,411.6000
1992-07-27,13.9000,411.5400
1992-07-28,13.0500,417.5200
1992-07-29,13.4400,422.2300
1992-07-30,13.5000,423.9200
1992-07-31,13.1700,424.2100
1992-08-03,13.8300,425.0900
1992-08-04,13.5800,424.3600
1992-08-05,13.8200,422.1900
1992-08-06,14.2300,420.5900
1992-08-07,13.9400,418.8800
1992-08-10,14.5100,419.4200
1992-08-11,15.0900,418.9000
1992-08-12,14.8800,417.7800
1992-08-13,15.3400,417.7300
1992-08-14,14.6600,419.9100
1992-08-17,14.6100,420.7400
1992-08-18,13.8400,421.3400
1992-08-19,14.3500,418.1900
1992-08-20,14.4800,418.2600
1992-08-21,15.0100,414.8500
1992-08-24,16.1900,410.7200
1992-08-25,15.6200,411.6100
1992-08-26,14.5000,413.5100
1992-08-27,13.6600,413.5300
1992-08-28,13.1400,414.8400
1992-08-31,13.5800,414.0300
1992-09-01,13.4000,416.0700
1992-09-02,12.7300,417.9800
1992-09-03,12.8800,417.9800
1992-09-04,12.9800,417.0800
1992-09-08,13.6500,414.4400
1992-09-09,13.3600,416.3600
1992-09-10,12.9200,419.9500
1992-09-11,12.4700,419.5800
1992-09-14,13.0000,425.2700
1992-09-15,13.6300,419.7700
1992-09-16,14.7200,419.9200
1992-09-17,14.3100,419.9300
1992-09-18,13.7400,422.9300
1992-09-21,13.4500,422.1400
1992-09-22,13.8800,417.1400
1992-09-23,13.8300,417.4400
1992-09-24,13.4400,418.4700
1992-09-25,14.8000,414.3500
1992-09-28,15.1900,416.6200
1992-09-29,14.9700,416.8000
1992-09-30,14.2800,417.8000
1992-10-01,16.3100,416.2900
1992-10-02,17.7900,410.4700
1992-10-05,20.0100,407.5700
1992-10-06,19.9500,407.1800
1992-10-07,21.0200,404.2500
1992-10-08,19.2600,407.7500
1992-10-09,20.5100,402.6600
1992-10-12,19.4900,407.4400
1992-10-13,17.9000,409.3000
1992-10-14,18.4200,409.3700
1992-10-15,17.1100,409.6000
1992-10-16,17.0100,411.7300
1992-10-19,17.3100,414.9800
1992-10-20,16.8700,415.4800
1992-10-21,16.6200,415.6700
1992-10-22,15.8400,414.9000
1992-10-23,16.4600,414.1000
1992-10-26,16.3200,418.1600
1992-10-27,16.2400,418.4900
1992-10-28,15.9500,420.1300
1992-10-29,15.4700,420.8600
1992-10-30,16.1500,418.6800
1992-11-02,16.6700,422.7500
1992-11-03,17.3300,419.9200
1992-11-04,16.2800,417.1100
1992-11-05,15.3800,418.3400
1992-11-06,14.6900,417.5800
1992-11-09,14.2300,418.5900
1992-11-10,14.3700,418.6200
1992-11-11,13.9900,422.2000
1992-11-12,14.3700,422.8700
1992-11-13,14.6100,422.4300
1992-11-16,14.8600,420.6800
1992-11-17,15.0100,419.2700
1992-11-18,14.5500,422.8500
1992-11-19,14.3300,423.6100
1992-11-20,13.6700,426.6500
1992-11-23,13.4000,425.1200
1992-11-24,12.6600,427.5900
1992-11-25,12.5000,429.1900
1992-11-27,12.5800,430.1600
1992-11-30,13.0100,431.3500
1992-12-01,12.8000,430.7800
1992-12-02,12.5600,429.8900
1992-12-03,12.0300,429.9100
1992-12-04,11.8100,432.0600
1992-12-07,12.0000,435.3100
1992-12-08,11.7300,436.9900
1992-12-09,12.5800,435.6500
1992-12-10,12.7500,434.6400
1992-12-11,12.3400,433.7300
1992-12-14,12.6600,432.8400
1992-12-15,12.4100,432.5700
1992-12-16,12.5800,431.5200
1992-12-17,12.1400,435.4300
1992-12-18,11.6600,441.2800
1992-12-21,11.6500,440.7000
1992-12-22,11.7500,440.3100
1992-12-23,11.5100,439.0300
1992-12-24,11.5700,439.7700
1992-12-28,12.2200,439.1500
1992-12-29,12.2900,437.9800
1992-12-30,12.6000,438.8200
1992-12-31,12.5700,435.7100
1993-01-04,13.3600,435.3800
1993-01-05,13.3500,434.3400
1993-01-06,13.3700,434.5200
1993-01-07,14.7200,430.7300
1993-01-08,13.7700,429.0500
1993-01-11,12.8600,430.9500
1993-01-12,12.7800,431.0400
1993-01-13,12.4200,433.0300
1993-01-14,11.9900,435.9400
1993-01-15,11.5700,437.1500
1993-01-18,11.4900,436.8400
1993-01-19,12.0600,435.1300
1993-01-20,12.1500,433.3700
1993-01-21,11.6900,435.4900
1993-01-22,11.3000,436.1100
1993-01-25,11.3800,440.0100
1993-01-26,11.4500,439.9500
1993-01-27,12.0100,438.1100
1993-01-28,12.0400,438.6600
1993-01-29,12.4200,438.7800
1993-02-01,12.3300,442.5200
1993-02-02,12.2500,442.5500
1993-02-03,12.1200,447.2000
1993-02-04,12.2900,449.5600
1993-02-05,12.9000,448.9300
1993-02-08,13.2200,447.8500
1993-02-09,13.4800,445.3300
1993-02-10,13.4300,446.2300
1993-02-11,12.6900,447.6600
1993-02-12,12.3800,444.5800
1993-02-16,15.7600,433.9100
1993-02-17,15.9000,433.3000
1993-02-18,15.5600,431.9000
1993-02-19,15.0200,434.2200
1993-02-22,14.7000,435.2400
1993-02-23,15.0400,434.8000
1993-02-24,14.7200,440.8700
1993-02-25,13.7600,442.3400
1993-02-26,13.1600,443.3800
1993-03-01,13.6000,442.0100
1993-03-02,12.4900,447.9000
1993-03-03,13.1300,449.2600
1993-03-04,13.4400,447.3400
1993-03-05,14.0800,446.1100
1993-03-08,16.2200,454.7100
1993-03-09,14.1700,454.4000
1993-03-10,13.9100,456.3300
1993-03-11,14.2600,453.7200
1993-03-12,15.6600,449.8300
1993-03-15,14.7400,451.4300
1993-03-16,14.5100,451.3700
1993-03-17,14.5300,448.3100
1993-03-18,14.1700,451.8900
1993-03-19,13.2300,450.1800
1993-03-22,13.6600,448.8800
1993-03-23,13.0200,448.7600
1993-03-24,12.4400,448.0700
1993-03-25,12.0800,450.8800
1993-03-26,12.2100,447.7800
1993-03-29,12.6300,450.7700
1993-03-30,12.2300,451.9700
1993-03-31,12.5300,451.6700
1993-04-01,13.0200,450.3000
1993-04-02,14.5000,441.3900
1993-04-05,14.1200,442.2900
1993-04-06,14.2400,441.1600
1993-04-07,13.6400,442.7300
1993-04-08,12.8300,441.8400
1993-04-12,11.9300,448.3700
1993-04-13,11.7000,449.2200
1993-04-14,11.7600,448.6600
1993-04-15,10.9600,448.4000
1993-04-16,11.2900,448.9400
1993-04-19,12.0600,447.4600
1993-04-20,11.9400,445.1000
1993-04-21,12.1100,443.6300
1993-04-22,12.6800,439.4600
1993-04-23,13.3600,437.0300
1993-04-26,15.2500,433.5400
1993-04-27,13.9300,438.0100
1993-04-28,13.1200,438.0200
1993-04-29,12.8000,438.8900
1993-04-30,12.4200,440.1900
1993-05-03,12.9000,442.4600
1993-05-04,12.1400,444.0500
1993-05-05,12.3800,444.5200
1993-05-06,13.2200,443.2600
1993-05-07,13.0100,442.3100
1993-05-10,13.7200,442.8000
1993-05-11,13.3500,444.3600
1993-05-12,13.5600,444.8000
1993-05-13,14.7600,439.2300
1993-05-14,14.3900,439.5600
1993-05-17,14.1300,440.3700
1993-05-18,14.1900,440.3200
1993-05-19,14.2900,447.5700
1993-05-20,13.9800,450.5900
1993-05-21,14.5100,445.8400
1993-05-24,14.1000,448.0000
1993-05-25,14.0400,448.8500
1993-05-26,12.8800,453.4400
1993-05-27,13.1000,452.4100
1993-05-28,13.4700,450.1900
1993-06-01,13.6700,453.8300
1993-06-02,13.4800,453.8500
1993-06-03,13.5400,452.4900
1993-06-04,12.8600,450.0600
1993-06-07,14.0700,447.6900
1993-06-08,14.7400,444.7100
1993-06-09,13.9600,445.7800
1993-06-10,13.3100,445.3800
1993-06-11,12.7100,447.2600
1993-06-14,12.3300,447.7100
1993-06-15,11.9900,446.2700
1993-06-16,11.8700,447.4300
1993-06-17,11.6600,448.5400
1993-06-18,12.2400,443.6800
1993-06-21,12.2500,446.2200
1993-06-22,11.6500,445.9300
1993-06-23,12.0400,443.1900
1993-06-24,12.2500,446.6200
1993-06-25,11.2500,447.6000
1993-06-28,11.1100,451.8500
1993-06-29,11.2900,450.6900
1993-06-30,11.2600,450.5300
1993-07-01,11.5100,449.0200
1993-07-02,11.3300,445.8400
1993-07-06,13.8700,441.4300
1993-07-07,13.0500,442.8300
1993-07-08,12.2400,448.6400
1993-07-09,10.8000,448.1100
1993-07-12,10.8500,448.9800
1993-07-13,11.0200,448.0900
1993-07-14,10.7800,450.0800
1993-07-15,10.6000,449.2200
1993-07-16,10.9600,445.7500
1993-07-19,11.4600,446.0300
1993-07-20,11.0500,447.3100
1993-07-21,11.9700,447.1800
1993-07-22,11.6900,444.5100
1993-07-23,11.3200,447.1000
1993-07-26,11.3200,449.0900
1993-07-27,11.3400,448.2400
1993-07-28,11.3700,447.1900
1993-07-29,11.2500,450.2400
1993-07-30,11.7300,448.1300
1993-08-02,11.4700,450.1500
1993-08-03,11.4900,449.2700
1993-08-04,11.7100,448.5400
1993-08-05,12.0300,448.1300
1993-08-06,12.3300,448.6800
1993-08-09,12.3900,450.7200
1993-08-10,12.3100,449.4500
1993-08-11,12.0700,450.4600
1993-08-12,12.3800,448.9600
1993-08-13,12.1900,450.1400
1993-08-16,12.0100,452.3800
1993-08-17,11.5900,453.1300
1993-08-18,11.5200,456.0400
1993-08-19,11.6300,456.4300
1993-08-20,11.6200,456.1600
1993-08-23,12.1500,455.2300
1993-08-24,11.8000,459.7700
1993-08-25,12.1000,460.1300
1993-08-26,12.1400,461.0400
1993-08-27,11.9100,460.5400
1993-08-30,11.7400,461.9000
1993-08-31,11.8500,463.5600
1993-09-01,11.4800,463.1500
1993-09-02,11.8700,461.3000
1993-09-03,11.1600,461.3400
1993-09-07,12.9000,458.5200
1993-09-08,13.2400,456.6500
1993-09-09,12.6700,457.5000
1993-09-10,11.7000,461.7200
1993-09-13,12.1600,462.0600
1993-09-14,13.1500,459.9000
1993-09-15,12.7000,461.6000
1993-09-16,13.3600,459.4300
1993-09-17,13.3900,458.8300
1993-09-20,14.6000,455.0500
1993-09-21,17.3000,452.9500
1993-09-22,13.7500,456.2000
1993-09-23,13.3600,457.7400
1993-09-24,12.4700,457.6300
1993-09-27,12.4900,461.8000
1993-09-28,12.1900,461.5300
1993-09-29,12.6300,460.1100
1993-09-30,12.9900,458.9300
1993-10-01,11.8300,461.2800
1993-10-04,12.8500,461.3400
1993-10-05,12.9700,461.2000
1993-10-06,12.6800,460.7400
1993-10-07,13.1400,459.1800
1993-10-08,12.0400,460.3100
1993-10-11,12.2600,460.8800
1993-10-12,12.4100,461.1200
1993-10-13,11.3800,461.4900
1993-10-14,11.0000,466.8300
1993-10-15,10.8700,469.5000
1993-10-18,11.3300,468.4500
1993-10-19,11.6100,466.2100
1993-10-20,11.3200,466.0700
1993-10-21,11.2000,465.3600
1993-10-22,11.4800,463.2700
1993-10-25,11.8300,464.2000
1993-10-26,11.8300,464.3000
1993-10-27,12.0100,464.6100
1993-10-28,11.8800,467.7300
1993-10-29,11.4600,467.8300
1993-11-01,11.7800,469.1000
1993-11-02,11.7400,468.4400
1993-11-03,13.2600,463.0200
1993-11-04,14.6800,457.4900
1993-11-05,14.9700,459.5700
1993-11-08,14.3100,460.2100
1993-11-09,13.9400,460.3300
1993-11-10,13.7200,463.7200
1993-11-11,13.8800,462.6400
1993-11-12,13.3300,465.3900
1993-11-15,14.4600,463.7500
1993-11-16,15.1100,466.7400
1993-11-17,15.5700,464.8100
1993-11-18,14.6500,463.6200
1993-11-19,15.0300,462.6000
1993-11-22,15.9000,459.1300
1993-11-23,14.2700,461.0300
1993-11-24,13.5100,462.3600
1993-11-26,13.7700,463.0600
1993-11-29,14.1200,461.9000
1993-11-30,13.7600,461.7900
1993-12-01,13.8300,461.8900
1993-12-02,13.5100,463.1100
1993-12-03,12.6900,464.8900
1993-12-06,12.8400,466.4300
1993-12-07,12.4100,466.7600
1993-12-08,12.4600,466.2900
1993-12-09,12.4300,464.1800
1993-12-10,12.6000,463.9300
1993-12-13,10.9800,465.7000
1993-12-14,11.1300,463.0600
1993-12-15,11.0300,461.8400
1993-12-16,10.9000,463.3400
1993-12-17,11.0800,466.3800
1993-12-20,10.7500,465.8500
1993-12-21,10.0800,465.3000
1993-12-22,9.3100,467.3200
1993-12-23,9.4800,467.3800
1993-12-27,9.7000,470.5400
1993-12-28,9.8200,470.9400
1993-12-29,10.4600,470.5800
1993-12-30,10.6900,468.6400
1993-12-31,11.6600,466.4500
1994-01-03,12.5700,465.4400
1994-01-04,11.9100,466.8900
1994-01-05,10.9400,467.5500
1994-01-06,11.2700,467.1200
1994-01-07,10.9600,469.9000
1994-01-10,10.7400,475.2700
1994-01-11,11.2900,474.1300
1994-01-12,11.6500,474.1700
1994-01-13,12.0800,472.4700
1994-01-14,11.1500,474.9100
1994-01-17,11.8800,473.3000
1994-01-18,11.6300,474.2500
1994-01-19,11.7600,474.3000
1994-01-20,11.1600,474.9800
1994-01-21,11.0900,474.7200
1994-01-24,11.6000,471.9700
1994-01-25,11.3800,470.9200
1994-01-26,11.1700,473.2000
1994-01-27,10.3000,477.0500
1994-01-28,9.9400,478.7000
1994-01-31,10.6300,481.6100
1994-02-01,10.6500,479.6200
1994-02-02,10.6100,482.0000
1994-02-03,10.7500,480.7100
1994-02-04,15.2500,469.8100
1994-02-07,13.9600,471.7600
1994-02-08,13.6600,471.0500
1994-02-09,13.3000,472.7700
1994-02-10,14.2400,468.9300
1994-02-11,14.4600,470.1800
1994-02-14,14.2800,470.2300
1994-02-15,13.4000,472.5200
1994-02-16,13.1300,472.7900
1994-02-17,13.7900,470.3400
1994-02-18,14.7000,467.6900
1994-02-22,13.5200,471.4600
1994-02-23,13.9100,470.6900
1994-02-24,15.9600,464.2600
1994-02-25,14.8000,466.0700
1994-02-28,14.8700,467.1400
1994-03-01,15.8300,464.4400
1994-03-02,16.0800,464.8100
1994-03-03,16.3600,463.0100
1994-03-04,16.0000,464.7400
1994-03-07,14.2600,466.9100
1994-03-08,16.2300,465.8800
1994-03-09,14.4100,467.0600
1994-03-10,16.5500,463.9000
1994-03-11,14.8700,466.4400
1994-03-14,16.6100,467.3900
1994-03-15,14.7800,467.0100
1994-03-16,14.5100,469.4200
1994-03-17,12.7600,470.9000
1994-03-18,13.3200,471.0600
1994-03-21,14.3400,468.5400
1994-03-22,13.3900,468.8000
1994-03-23,12.3100,468.5400
1994-03-24,13.4300,464.3500
1994-03-25,13.6700,460.5800
1994-03-28,14.9000,460.0000
1994-03-29,16.4900,452.4800
1994-03-30,18.5900,445.5500
1994-03-31,20.4500,445.7700
1994-04-04,23.8700,438.9200
1994-04-05,18.1300,448.2900
1994-04-06,17.3800,448.0500
1994-04-07,16.9800,450.8800
1994-04-08,16.9200,447.1000
1994-04-11,16.6100,449.8700
1994-04-12,16.4200,447.5700
1994-04-13,17.0200,446.2600
1994-04-14,16.2700,446.3800
1994-04-15,15.9800,446.1800
1994-04-18,17.2200,442.4600
1994-04-19,16.9300,442.5400
1994-04-20,17.0100,441.9600
1994-04-21,14.9300,448.7300
1994-04-22,14.9400,447.6300
1994-04-25,14.2600,452.7100
1994-04-26,13.8000,451.8700
1994-04-28,14.5100,449.1000
1994-04-29,13.7700,450.9100
1994-05-02,14.1100,453.0200
1994-05-03,13.8100,453.0300
1994-05-04,14.2900,451.7200
1994-05-05,14.5600,451.3800
1994-05-06,15.0800,447.8200
1994-05-09,16.1600,442.3200
1994-05-10,15.1900,446.0100
1994-05-11,15.5500,441.4900
1994-05-12,15.4600,443.7500
1994-05-13,14.5400,444.1400
1994-05-16,14.6700,444.4900
1994-05-17,14.0800,449.3700
1994-05-18,12.5500,453.6900
1994-05-19,12.3300,456.4800
1994-05-20,12.7900,454.9200
1994-05-23,13.4900,453.2000
1994-05-24,12.7300,454.8100
1994-05-25,12.4300,456.3400
1994-05-26,12.5000,457.0600
1994-05-27,12.4900,457.3300
1994-05-31,13.0300,456.5000
1994-06-01,12.7200,457.6300
1994-06-02,12.7300,457.6500
1994-06-03,12.1900,460.1300
1994-06-06,13.0300,458.8800
1994-06-07,13.0500,458.2100
1994-06-08,13.3200,457.0600
1994-06-09,13.2100,457.8600
1994-06-10,12.6900,458.6700
1994-06-13,11.9200,459.1000
1994-06-14,11.6000,462.3700
1994-06-15,11.5200,460.6100
1994-06-16,11.2200,461.9300
1994-06-17,12.3100,458.4500
1994-06-20,13.9600,455.4800
1994-06-21,14.7000,451.3400
1994-06-22,14.0200,453.0900
1994-06-23,14.1200,449.6300
1994-06-24,16.7200,442.8000
1994-06-27,15.5300,447.3100
1994-06-28,15.0400,446.0700
1994-06-29,14.4200,447.6300
1994-06-30,14.9700,444.2700
1994-07-01,14.3600,446.2000
1994-07-05,14.9200,446.3700
1994-07-06,14.7000,446.1300
1994-07-07,14.0100,448.3800
1994-07-08,13.2600,449.5500
1994-07-11,13.8300,448.0600
1994-07-12,13.4000,447.9500
1994-07-13,12.4200,448.7300
1994-07-14,11.6400,453.4100
1994-07-15,11.2800,454.1600
1994-07-18,11.4400,455.2200
1994-07-19,11.6500,453.8600
1994-07-20,11.7000,451.6000
1994-07-21,11.6500,452.6100
1994-07-22,11.2200,453.1100
1994-07-25,11.4600,454.2500
1994-07-26,11.6600,453.3600
1994-07-27,11.9300,452.5700
1994-07-28,12.0300,454.2400
1994-07-29,11.1300,458.2600
1994-08-01,11.1700,461.0100
1994-08-02,11.2700,460.5600
1994-08-03,11.3500,461.4500
1994-08-04,12.1800,458.4000
1994-08-05,12.3400,457.0900
1994-08-08,12.4100,457.8900
1994-08-09,12.5400,457.9200
1994-08-10,11.9100,460.3000
1994-08-11,12.1300,458.8800
1994-08-12,11.0900,461.9400
1994-08-15,12.0600,461.2300
1994-08-16,11.3900,465.0100
1994-08-17,11.5400,465.1700
1994-08-18,12.0700,463.1700
1994-08-19,12.8300,463.6800
1994-08-22,12.6200,462.3200
1994-08-23,11.7500,464.5100
1994-08-24,11.5700,469.0300
1994-08-25,12.0200,468.0800
1994-08-26,12.1900,473.8000
1994-08-29,11.8200,474.5900
1994-08-30,11.2300,476.0700
1994-08-31,11.9700,475.4900
1994-09-01,11.8600,473.1700
1994-09-02,11.4000,470.9900
1994-09-06,11.6900,471.8600
1994-09-07,11.8100,470.9900
1994-09-08,11.8600,473.1400
1994-09-09,13.1200,468.1800
1994-09-12,14.0100,466.2100
1994-09-13,13.7700,467.5100
1994-09-14,13.0900,468.8000
1994-09-15,11.8800,474.8100
1994-09-16,12.8000,471.1900
1994-09-19,13.0600,470.8500
1994-09-20,14.4500,463.3600
1994-09-21,14.4900,461.4600
1994-09-22,13.8900,461.2700
1994-09-23,14.5300,459.6700
1994-09-26,14.5600,460.8200
1994-09-27,14.1300,462.0500
1994-09-28,13.2500,464.8400
1994-09-29,13.9700,462.2400
1994-09-30,14.2800,462.7100
1994-10-03,15.4400,461.7400
1994-10-04,16.6600,454.5900
1994-10-05,15.9200,453.5200
1994-10-06,16.2400,452.3600
1994-10-07,14.9200,455.1000
1994-10-10,14.7200,459.0400
1994-10-11,13.5500,465.7900
1994-10-12,14.5100,465.4700
1994-10-13,14.9000,467.7900
1994-10-14,13.3200,469.1000
1994-10-17,14.7600,468.9600
1994-10-18,14.5900,467.6600
1994-10-19,15.1300,470.2800
1994-10-20,15.9900,466.8500
1994-10-21,15.9100,464.8900
1994-10-24,16.9700,460.8300
1994-10-25,16.1300,461.5300
1994-10-26,15.7000,462.6200
1994-10-27,15.6700,465.8500
1994-10-28,14.5600,473.7700
1994-10-31,14.5600,472.3500
1994-11-01,14.8400,468.4200
1994-11-02,15.3400,466.5100
1994-11-03,15.5800,467.9100
1994-11-04,16.7500,462.2800
1994-11-07,17.3700,463.0700
1994-11-08,16.3000,465.6500
1994-11-09,16.4200,465.4000
1994-11-10,16.0000,464.3700
1994-11-11,16.5000,462.3500
1994-11-14,16.6800,466.0400
1994-11-15,16.6600,465.0300
1994-11-16,15.5600,465.6200
1994-11-17,15.9100,463.5700
1994-11-18,16.0000,461.4700
1994-11-21,16.1300,458.3000
1994-11-22,17.2400,450.0900
1994-11-23,18.4100,449.9300
1994-11-25,17.4400,452.2900
1994-11-28,16.8300,454.1600
1994-11-29,16.1500,455.1700
1994-11-30,15.9500,453.6900
1994-12-01,16.6900,448.9200
1994-12-02,16.5500,453.3000
1994-12-05,16.1000,453.3200
1994-12-06,16.0500,453.1100
1994-12-07,16.2800,451.2300
1994-12-08,18.1500,445.4500
1994-12-09,16.0400,446.9600
1994-12-12,15.4600,449.4700
1994-12-13,14.4800,450.1500
1994-12-14,13.0300,454.9700
1994-12-15,12.8700,455.3400
1994-12-16,12.7900,458.8000
1994-12-19,13.0200,457.9100
1994-12-20,12.9800,457.1000
1994-12-21,12.0500,459.6100
1994-12-22,12.4200,459.6800
1994-12-23,11.8200,459.8300
1994-12-27,12.0700,462.4700
1994-12-28,12.8100,460.8600
1994-12-29,12.8600,461.1700
1994-12-30,13.2000,459.2700
1995-01-03,14.2500,459.1100
1995-01-04,13.5300,460.7100
1995-01-05,13.5000,460.3400
1995-01-06,13.1300,460.6800
1995-01-09,13.3300,460.8300
1995-01-10,12.5200,461.6800
1995-01-11,12.1500,461.6600
1995-01-12,12.8300,461.6400
1995-01-13,11.1000,465.9700
1995-01-16,11.1400,469.3800
1995-01-17,11.7900,470.0500
1995-01-18,11.5700,469.7100
1995-01-19,11.8600,466.9500
1995-01-20,12.1500,464.7800
1995-01-23,12.7900,465.8200
1995-01-24,11.9400,465.8600
1995-01-25,11.4600,467.4400
1995-01-26,11.2500,468.3200
1995-01-27,11.2500,470.3900
1995-01-30,12.2600,468.5100
1995-01-31,11.9600,470.4200
1995-02-01,11.7300,470.4000
1995-02-02,11.1300,472.7900
1995-02-03,10.9800,478.6500
1995-02-06,11.2200,481.1400
1995-02-07,11.1700,480.8100
1995-02-08,11.4200,481.1900
1995-02-09,11.6300,480.1900
1995-02-10,11.2800,481.4600
1995-02-13,11.4100,481.6500
1995-02-14,11.4300,482.5500
1995-02-15,11.5200,484.5400
1995-02-16,11.6100,485.2200
1995-02-17,11.7100,481.9700
1995-02-21,12.0500,482.7200
1995-02-22,11.3900,485.0700
1995-02-23,11.1500,486.9100
1995-02-24,10.8400,488.1100
1995-02-27,12.5100,483.8100
1995-02-28,11.7500,487.3900
1995-03-01,11.6500,485.6500
1995-03-02,12.0200,485.1300
1995-03-03,11.4500,485.4200
1995-03-06,12.1700,485.6300
1995-03-07,14.2200,482.1200
1995-03-08,13.7200,483.1400
1995-03-09,13.3600,483.1600
1995-03-10,12.3800,489.5700
1995-03-13,12.1500,490.0500
1995-03-14,12.1000,492.8900
1995-03-15,12.4200,491.8800
1995-03-16,11.9500,495.4100
1995-03-17,11.8000,495.5200
1995-03-20,11.3400,496.1400
1995-03-21,11.5300,495.0700
1995-03-22,11.2900,495.6700
1995-03-23,11.4300,495.9500
1995-03-24,11.1900,500.9700
1995-03-27,11.8300,503.2000
1995-03-28,11.3300,503.9000
1995-03-29,12.5100,503.1200
1995-03-30,12.6200,502.2200
1995-03-31,13.3700,500.7100
1995-04-03,13.5000,501.8500
1995-04-04,12.6200,505.2400
1995-04-05,12.9600,505.5700
1995-04-06,12.8100,506.0800
1995-04-07,12.8500,506.4200
1995-04-10,12.7900,507.0100
1995-04-11,12.7300,505.5300
1995-04-12,12.0400,507.1700
1995-04-13,11.4800,509.2300
1995-04-17,12.3300,506.1300
1995-04-18,12.9600,505.3700
1995-04-19,13.0900,504.9200
1995-04-20,12.1000,505.2900
1995-04-21,11.8600,508.4900
1995-04-24,11.9200,512.8900
1995-04-25,12.4100,512.1000
1995-04-26,12.2800,512.6600
1995-04-27,11.9300,513.5500
1995-04-28,11.7500,514.7100
1995-05-01,12.1400,514.2600
1995-05-02,11.8800,514.8600
1995-05-03,11.6900,520.4800
1995-05-04,12.6400,520.5400
1995-05-05,12.0600,520.1200
1995-05-08,12.2200,523.9600
1995-05-09,12.7500,523.5600
1995-05-10,13.0800,524.3600
1995-05-11,12.9800,524.3700
1995-05-12,11.8400,525.5500
1995-05-15,12.3800,527.7400
1995-05-16,12.2000,528.1900
1995-05-17,12.3600,527.0700
1995-05-18,13.1300,519.5800
1995-05-19,12.8100,519.1900
1995-05-22,11.6800,523.6500
1995-05-23,11.5500,528.5900
1995-05-24,11.2600,528.6100
1995-05-25,11.6300,528.5900
1995-05-26,12.2000,523.6500
1995-05-30,12.5200,523.5800
1995-05-31,12.8500,533.4000
1995-06-01,12.2100,533.4900
1995-06-02,12.9800,532.5100
1995-06-05,13.4500,535.6000
1995-06-06,13.0000,535.5500
1995-06-07,12.8400,533.1300
1995-06-08,12.8900,532.3500
1995-06-09,12.7600,527.9400
1995-06-12,11.9100,530.8800
1995-06-13,11.2900,536.0500
1995-06-14,11.2900,536.4700
1995-06-15,11.2300,537.1200
1995-06-16,10.7500,539.8300
1995-06-19,11.2100,545.2200
1995-06-20,11.1600,544.9800
1995-06-21,11.3200,543.9800
1995-06-22,11.4400,551.0700
1995-06-23,11.1200,549.7100
1995-06-26,11.8000,544.1300
1995-06-27,12.3700,542.4300
1995-06-28,11.7400,544.7300
1995-06-29,11.5900,543.8700
1995-06-30,11.3800,544.7500
1995-07-03,11.5700,547.0900
1995-07-05,12.1000,547.2600
1995-07-06,11.5200,553.9900
1995-07-07,11.7700,556.3700
1995-07-10,12.1900,557.1900
1995-07-11,12.2500,554.7800
1995-07-12,12.3100,560.8900
1995-07-13,12.5600,561.0000
1995-07-14,12.0800,559.8900
1995-07-17,12.2600,562.7200
1995-07-18,12.6800,558.4600
1995-07-19,13.4900,550.9800
1995-07-20,12.7800,553.5400
1995-07-21,12.3700,553.6200
1995-07-24,12.5500,556.6300
1995-07-25,12.7700,561.1000
1995-07-26,13.1800,561.6100
1995-07-27,13.1800,565.2200
1995-07-28,13.1800,562.9300
1995-07-31,13.4900,562.0600
1995-08-01,13.5600,559.6400
1995-08-02,13.6600,558.8000
1995-08-03,13.7800,558.7500
1995-08-04,13.2100,558.9400
1995-08-07,13.1000,560.0300
1995-08-08,13.0600,560.3900
1995-08-09,12.7500,559.7100
1995-08-10,13.0000,557.4500
1995-08-11,12.9000,555.1100
1995-08-14,13.2400,559.7400
1995-08-15,12.3500,558.5700
1995-08-16,12.4500,559.9700
1995-08-17,12.1300,559.0400
1995-08-18,12.0300,559.2100
1995-08-21,13.4200,558.1100
1995-08-22,12.6000,559.5200
1995-08-23,13.1700,557.1400
1995-08-24,12.9400,557.4600
1995-08-25,12.3300,560.1000
1995-08-28,12.4800,559.0500
1995-08-29,12.6500,560.0000
1995-08-30,12.0300,560.9200
1995-08-31,11.5200,561.8800
1995-09-01,11.2900,563.8400
1995-09-05,11.6500,569.1700
1995-09-06,11.6500,570.1700
1995-09-07,11.8500,570.2900
1995-09-08,11.1600,572.6800
1995-09-11,11.5100,573.9100
1995-09-12,11.4600,576.5100
1995-09-13,11.3500,578.7700
1995-09-14,11.1000,583.6100
1995-09-15,11.5800,583.3500
1995-09-18,12.3400,582.7700
1995-09-19,12.6700,584.2000
1995-09-20,12.3500,586.7700
1995-09-21,12.5000,583.0000
1995-09-22,12.4600,581.7300
1995-09-25,13.2200,581.8100
1995-09-26,12.9000,581.4100
1995-09-27,12.9000,581.0400
1995-09-28,12.4600,585.8700
1995-09-29,12.7400,584.4100
1995-10-02,13.9500,581.7200
1995-10-03,14.5000,582.3400
1995-10-04,14.8600,581.4700
1995-10-05,15.7400,582.6300
1995-10-06,13.9800,582.4900
1995-10-09,14.8500,578.3700
1995-10-10,14.9700,577.5200
1995-10-11,14.5700,579.4600
1995-10-12,14.2400,583.1000
1995-10-13,13.6700,584.5000
1995-10-16,14.6200,583.0300
1995-10-17,14.0300,586.7800
1995-10-18,14.0500,587.4400
1995-10-19,13.5500,590.6500
1995-10-20,13.4600,587.4600
1995-10-23,14.1700,585.0600
1995-10-24,13.8500,586.5400
1995-10-25,14.4900,582.4700
1995-10-26,15.5900,576.7200
1995-10-27,14.6300,579.7000
1995-10-30,14.2600,583.2500
1995-10-31,13.8300,581.5000
1995-11-01,13.4100,584.2200
1995-11-02,13.1900,589.7200
1995-11-03,12.2600,590.5700
1995-11-06,12.7400,588.4600
1995-11-07,13.0500,586.3200
1995-11-08,12.1600,591.7100
1995-11-09,12.4600,593.2600
1995-11-10,12.9700,592.7200
1995-11-13,13.2000,592.3000
1995-11-14,13.3800,589.2900
1995-11-15,12.9500,593.9600
1995-11-16,12.5700,597.3400
1995-11-17,12.4900,600.0700
1995-11-20,12.3700,596.8500
1995-11-21,11.7400,600.2400
1995-11-22,11.8100,598.4000
1995-11-24,11.8700,599.9700
1995-11-27,12.4300,601.3200
1995-11-28,11.5700,606.4500
1995-11-29,11.6500,607.6400
1995-11-30,11.5800,605.3700
1995-12-01,11.1100,606.9800
1995-12-04,10.6600,613.6800
1995-12-05,11.6500,617.6800
1995-12-06,12.7000,620.1800
1995-12-07,12.7400,616.1700
1995-12-08,11.1200,617.4800
1995-12-11,11.0600,619.5200
1995-12-12,10.6300,618.7800
1995-12-13,10.3600,621.6900
1995-12-14,11.0700,616.9200
1995-12-15,11.4400,616.3400
1995-12-18,14.5500,606.8100
1995-12-19,13.1600,611.9300
1995-12-20,12.2000,605.9400
1995-12-21,10.7700,610.4900
1995-12-22,11.5100,611.9500
1995-12-26,11.4900,614.3000
1995-12-27,11.9800,614.5300
1995-12-28,12.2500,614.1200
1995-12-29,12.5200,615.9300
1996-01-02,12.1900,620.7300
1996-01-03,12.1000,621.3200
1996-01-04,13.7800,617.7000
1996-01-05,13.5800,616.7100
1996-01-08,13.1100,618.4600
1996-01-09,15.2100,609.4500
1996-01-10,16.4000,598.4800
1996-01-11,14.6900,602.6900
1996-01-12,14.2300,601.8100
1996-01-15,14.9900,599.8200
1996-01-16,14.0900,608.4400
1996-01-17,14.2500,606.3700
1996-01-18,13.5800,608.2400
1996-01-19,12.7000,611.8300
1996-01-22,13.3400,613.4000
1996-01-23,13.5600,612.7900
1996-01-24,12.5400,619.9600
1996-01-25,12.9400,617.0300
1996-01-26,12.0000,621.6200
1996-01-29,12.1900,624.2200
1996-01-30,12.4200,630.1500
1996-01-31,12.5300,636.0200
1996-02-01,12.6500,638.4600
1996-02-02,13.2300,635.8400
1996-02-05,13.4600,641.4300
1996-02-06,14.5900,646.3300
1996-02-07,14.1100,649.9300
1996-02-08,13.8900,656.0700
1996-02-09,14.6300,656.3700
1996-02-12,14.6900,661.4500
1996-02-13,14.9400,660.5100
1996-02-14,15.5900,655.5800
1996-02-15,16.1300,651.3200
1996-02-16,15.3700,647.9800
1996-02-20,16.8000,640.6500
1996-02-21,14.4700,648.1000
1996-02-22,14.5600,658.8600
1996-02-23,14.7800,659.0800
1996-02-26,16.3800,650.4600
1996-02-27,16.6300,647.2400
1996-02-28,16.7200,644.7500
1996-02-29,17.0400,640.4300
1996-03-01,16.7200,644.3700
1996-03-04,16.6700,650.8100
1996-03-05,16.1000,655.7900
1996-03-06,16.5600,652.0000
1996-03-07,16.4900,653.6500
1996-03-08,20.7000,633.5000
1996-03-11,19.4000,640.0200
1996-03-12,19.0900,637.0900
1996-03-13,18.1300,638.5500
1996-03-14,16.9300,640.8700
1996-03-15,16.5400,641.4300
1996-03-18,17.3100,652.6500
1996-03-19,18.3500,651.6900
1996-03-20,18.6600,649.9800
1996-03-21,17.7400,649.1900
1996-03-22,17.0500,650.6200
1996-03-25,17.8400,650.0400
1996-03-26,17.8000,652.9700
1996-03-27,17.8900,648.9100
1996-03-28,18.1600,648.9400
1996-03-29,18.8800,645.5000
1996-04-01,17.9000,653.7300
1996-04-02,16.4500,655.2600
1996-04-03,16.3300,655.8800
1996-04-04,16.1800,655.8600
1996-04-08,18.7200,644.2400
1996-04-09,17.3200,642.1900
1996-04-10,20.2200,633.5000
1996-04-11,19.6500,631.1800
1996-04-12,17.3800,636.7100
1996-04-15,16.8300,642.4900
1996-04-16,16.4500,645.0000
1996-04-17,17.0700,641.6100
1996-04-18,16.4100,643.6100
1996-04-19,15.1200,645.0700
1996-04-22,15.3800,647.8900
1996-04-23,15.0100,651.5800
1996-04-24,14.9100,650.1700
1996-04-25,14.7200,652.8700
1996-04-26,14.7500,653.4600
1996-04-29,15.4500,654.1600
1996-04-30,15.8300,654.1700
1996-05-01,16.0700,654.5800
1996-05-02,18.6200,643.3800
1996-05-03,16.7000,641.6300
1996-05-06,16.9200,640.8100
1996-05-07,16.8700,638.2600
1996-05-08,15.7800,644.7700
1996-05-09,16.9900,645.4400
1996-05-10,15.6100,652.0900
1996-05-13,15.1600,661.5100
1996-05-14,14.9000,665.6000
1996-05-15,15.5900,665.4200
1996-05-16,15.7100,664.8500
1996-05-17,15.1300,668.9100
1996-05-20,15.8000,673.1500
1996-05-21,16.0000,672.7600
1996-05-22,15.5000,678.4200
1996-05-23,16.1700,676.0000
1996-05-24,15.5400,678.5100
1996-05-28,16.9200,672.2300
1996-05-29,17.1500,667.9300
1996-05-30,16.0200,671.7000
1996-05-31,16.0700,669.1200
1996-06-03,16.8600,667.6800
1996-06-04,16.1800,672.5600
1996-06-05,16.0400,678.4400
1996-06-06,16.8400,673.0300
1996-06-07,16.1000,673.3100
1996-06-10,16.7800,672.1600
1996-06-11,16.6800,670.9700
1996-06-12,17.0000,669.0400
1996-06-13,17.1200,667.9200
1996-06-14,18.6400,665.8500
1996-06-17,17.4600,665.1600
1996-06-18,17.4500,662.0600
1996-06-19,17.5400,661.9600
1996-06-20,16.9700,662.1000
1996-06-21,15.8000,666.8400
1996-06-24,15.9100,668.8500
1996-06-25,15.4300,668.4800
1996-06-26,15.2300,664.3900
1996-06-27,14.1900,668.5500
1996-06-28,13.6800,670.6300
1996-07-01,13.7800,675.8800
1996-07-02,14.1900,673.6100
1996-07-03,14.2100,672.4000
1996-07-05,16.0900,657.4400
1996-07-08,16.4200,652.5400
1996-07-09,15.4900,654.7500
1996-07-10,15.5100,656.0600
1996-07-11,17.8100,645.6700
1996-07-12,17.0900,646.1900
1996-07-15,20.1100,629.8000
1996-07-16,20.1000,628.3700
1996-07-17,19.2200,634.0700
1996-07-18,17.9300,643.5600
1996-07-19,17.2600,638.7300
1996-07-22,20.4100,633.7700
1996-07-23,21.5500,626.8700
1996-07-24,21.4400,626.6500
1996-07-25,19.3900,631.1700
1996-07-26,17.4500,635.9000
1996-07-29,20.0900,630.9100
1996-07-30,20.5300,635.2600
1996-07-31,19.4600,639.9500
1996-08-01,18.7600,650.0200
1996-08-02,16.1900,662.4900
1996-08-05,17.3600,660.2300
1996-08-06,16.9300,662.3800
1996-08-07,16.2400,664.1600
1996-08-08,16.0400,662.5900
1996-08-09,15.7700,662.1000
1996-08-12,15.5700,665.7700
1996-08-13,16.4100,660.2000
1996-08-14,15.9600,662.0500
1996-08-15,15.4600,662.2800
1996-08-16,14.8100,665.2100
1996-08-19,15.2700,666.5800
1996-08-20,14.7300,665.6900
1996-08-21,14.5200,665.0700
1996-08-22,13.7100,670.6800
1996-08-23,14.1800,667.0300
1996-08-26,15.3800,663.8800
1996-08-27,15.1100,666.4000
1996-08-28,15.1000,664.8100
1996-08-29,16.2200,657.4000
1996-08-30,17.0100,651.9900
1996-09-03,18.4700,654.7200
1996-09-04,18.6400,655.6100
1996-09-05,20.5100,649.4400
1996-09-06,17.1000,655.6800
1996-09-09,16.3600,663.7600
1996-09-10,16.2500,663.8100
1996-09-11,16.0600,667.2800
1996-09-12,15.9700,671.1500
1996-09-13,15.2000,680.5400
1996-09-16,15.4300,683.9800
1996-09-17,15.7400,682.9400
1996-09-18,15.8600,681.4700
1996-09-19,16.0300,683.0000
1996-09-20,15.6500,687.0300
1996-09-23,16.4600,686.4800
1996-09-24,16.4500,685.6100
1996-09-25,16.2200,685.8300
1996-09-26,16.1100,685.8600
1996-09-27,16.1000,686.1900
1996-09-30,16.9500,687.3300
1996-10-01,17.0500,689.0800
1996-10-02,16.7800,694.0100
1996-10-03,16.7700,692.7800
1996-10-04,14.8000,701.4600
1996-10-07,15.1100,703.3400
1996-10-08,15.5800,700.6400
1996-10-09,16.0900,696.7400
1996-10-10,16.2600,694.6100
1996-10-11,15.0700,700.6600
1996-10-14,15.1300,703.5400
1996-10-15,15.8300,702.5700
1996-10-16,15.6000,704.4100
1996-10-17,15.4100,706.9900
1996-10-18,15.0800,710.8200
1996-10-21,15.9800,709.8500
1996-10-22,16.4000,706.5700
1996-10-23,16.4500,707.2700
1996-10-24,16.8900,702.2900
1996-10-25,17.2900,700.9200
1996-10-28,18.3400,697.2600
1996-10-29,18.2800,701.5000
1996-10-30,18.4800,700.9000
1996-10-31,18.1100,705.2700
1996-11-01,17.8900,703.7700
1996-11-04,18.0400,706.7300
1996-11-05,17.6500,714.1400
1996-11-06,16.9700,724.5900
1996-11-07,17.2100,727.6500
1996-11-08,15.7800,730.8200
1996-11-11,14.0400,731.8700
1996-11-12,15.3600,729.5600
1996-11-13,14.8900,731.1300
1996-11-14,13.7900,735.8800
1996-11-15,14.3600,737.6200
1996-11-18,15.1200,737.0200
1996-11-19,15.2300,742.1600
1996-11-20,15.9400,743.9500
1996-11-21,15.7700,742.7500
1996-11-22,14.9200,748.7300
1996-11-25,15.9100,757.0300
1996-11-26,16.9700,755.9600
1996-11-27,16.9600,755.0000
1996-11-29,17.1400,757.0200
1996-12-02,17.9300,756.5600
1996-12-03,18.6800,748.2800
1996-12-04,17.9300,745.1000
1996-12-05,18.1400,744.3800
1996-12-06,18.8200,739.6000
1996-12-09,17.7500,749.7600
1996-12-10,17.8800,747.5400
1996-12-11,19.6800,740.7300
1996-12-12,20.4500,729.3000
1996-12-13,21.0900,728.6400
1996-12-16,21.9900,720.9800
1996-12-17,20.7700,726.0400
1996-12-18,19.4200,731.5400
1996-12-19,18.7700,745.7600
1996-12-20,18.8500,748.8700
1996-12-23,19.5000,746.9200
1996-12-24,18.6800,751.0300
1996-12-26,18.5900,755.8200
1996-12-27,19.1300,756.7900
1996-12-30,19.5100,753.8500
1996-12-31,20.9200,740.7400
1997-01-02,21.1400,737.0100
1997-01-03,19.1300,748.0300
1997-01-06,19.8900,747.6500
1997-01-07,19.3500,753.2300
1997-01-08,20.2400,748.4100
1997-01-09,20.9100,754.8500
1997-01-10,19.6300,759.5000
1997-01-13,19.8400,759.5100
1997-01-14,19.2700,768.8600
1997-01-15,19.4000,767.2000
1997-01-16,19.6100,769.7500
1997-01-17,18.6300,776.1700
1997-01-20,18.6000,776.7000
1997-01-21,17.8100,782.7200
1997-01-22,17.0900,786.2300
1997-01-23,18.4700,777.5600
1997-01-24,19.3300,770.5200
1997-01-27,20.1600,765.0200
1997-01-28,20.7400,765.0200
1997-01-29,20.2300,772.5000
1997-01-30,19.4700,784.1700
1997-01-31,19.4700,786.1600
1997-02-03,19.5800,786.7300
1997-02-04,19.4300,789.2600
1997-02-05,21.0600,778.2800
1997-02-06,20.1600,780.1500
1997-02-07,18.9000,789.5600
1997-02-10,20.6500,785.4300
1997-02-11,19.9700,789.5900
1997-02-12,19.4800,802.7700
1997-02-13,19.2300,811.8200
1997-02-14,19.1800,808.4800
1997-02-18,19.7000,816.2900
1997-02-19,20.6100,812.4900
1997-02-20,21.4100,802.8000
1997-02-21,20.5500,801.7700
1997-02-24,19.8400,810.2800
1997-02-25,19.9800,812.0300
1997-02-26,20.7400,805.6800
1997-02-27,21.0800,795.0700
1997-02-28,21.1000,790.8200
1997-03-03,20.8900,795.3100
1997-03-04,20.6200,790.9500
1997-03-05,19.4900,801.9900
1997-03-06,20.4800,798.5600
1997-03-07,19.3200,804.9700
1997-03-10,19.0000,813.6500
1997-03-11,19.2500,811.3400
1997-03-12,19.6100,804.2600
1997-03-13,19.7900,789.5600
1997-03-14,19.8100,793.1700
1997-03-17,20.9500,795.7100
1997-03-18,21.2600,789.6600
1997-03-19,21.7400,785.7700
1997-03-20,21.2200,782.6500
1997-03-21,19.6900,784.1000
1997-03-24,20.0600,790.8900
1997-03-25,19.2600,789.0700
1997-03-26,18.3200,790.5000
1997-03-27,20.5000,773.8800
1997-03-31,22.1400,757.1200
1997-04-01,20.8400,759.6400
1997-04-02,21.3000,750.1100
1997-04-03,21.1900,750.3200
1997-04-04,19.2300,757.9000
1997-04-07,18.5100,762.1300
1997-04-08,18.4400,766.1200
1997-04-09,18.5600,760.6000
1997-04-10,19.0100,758.3400
1997-04-11,19.7600,737.6500
1997-04-14,19.0900,743.7300
1997-04-15,18.2500,754.7200
1997-04-16,17.6400,763.5300
1997-04-17,18.7100,761.7700
1997-04-18,18.7500,766.3400
1997-04-21,20.1000,760.3700
1997-04-22,19.5200,774.6100
1997-04-23,20.4800,773.6400
1997-04-24,20.8300,771.1800
1997-04-25,21.1500,765.3700
1997-04-28,21.3400,772.9600
1997-04-29,19.8100,794.0500
1997-04-30,20.0600,801.3400
1997-05-01,19.8700,798.5300
1997-05-02,17.5100,812.9700
1997-05-05,20.1300,830.2900
1997-05-06,20.8500,827.7600
1997-05-07,21.3400,815.6200
1997-05-08,21.2600,820.2600
1997-05-09,20.1100,824.7800
1997-05-12,20.2500,837.6600
1997-05-13,20.8100,833.1300
1997-05-14,21.0900,836.0400
1997-05-15,19.9100,841.8800
1997-05-16,21.5700,829.7500
1997-05-19,21.4800,833.2700
1997-05-20,19.2600,841.6600
1997-05-21,19.2800,839.3500
1997-05-22,18.7700,835.6600
1997-05-23,18.0800,847.0300
1997-05-27,19.3600,849.7100
1997-05-28,19.2800,847.2100
1997-05-29,19.0200,844.0800
1997-05-30,19.1900,848.2800
1997-06-02,20.8500,846.3600
1997-06-03,20.0100,845.4800
1997-06-04,20.1000,840.1100
1997-06-05,20.3600,843.4300
1997-06-06,18.9400,858.0100
1997-06-09,19.4600,862.9100
1997-06-10,19.0400,865.2700
1997-06-11,18.8500,869.5700
1997-06-12,18.5100,883.4600
1997-06-13,19.2700,893.2700
1997-06-16,19.7700,893.9000
1997-06-17,20.1700,894.4200
1997-06-18,20.4500,889.0600
1997-06-19,20.1000,897.9900
1997-06-20,20.2000,898.7000
1997-06-23,21.1900,878.6200
1997-06-24,20.7400,896.3400
1997-06-25,21.5000,888.9900
1997-06-26,21.8200,883.6800
1997-06-27,21.2200,887.3000
1997-06-30,21.5300,885.1400
1997-07-01,21.0000,891.0300
1997-07-02,19.7000,904.0300
1997-07-03,17.8200,916.9200
1997-07-07,19.1300,912.2000
1997-07-08,18.7600,918.7500
1997-07-09,20.4000,907.5400
1997-07-10,19.9200,913.7800
1997-07-11,19.0600,916.6800
1997-07-14,19.5800,918.3800
1997-07-15,19.0000,925.7600
1997-07-16,19.3600,936.5900
1997-07-17,20.5400,931.6100
1997-07-18,22.2800,915.3000
1997-07-21,23.5100,912.9400
1997-07-22,21.7700,933.9800
1997-07-23,21.3000,936.5600
1997-07-24,20.9600,940.3000
1997-07-25,20.8200,938.7900
1997-07-28,21.8400,936.4500
1997-07-29,22.0200,942.2900
1997-07-30,21.3900,952.2900
1997-07-31,21.4800,954.3100
1997-08-01,22.2900,947.1400
1997-08-04,21.9400,950.3000
1997-08-05,20.6400,952.3700
1997-08-06,20.0500,960.3200
1997-08-07,19.7700,951.1900
1997-08-08,22.4600,933.5400
1997-08-11,22.7700,937.0000
1997-08-12,23.7500,926.5300
1997-08-13,24.5200,922.0200
1997-08-14,23.1100,924.7700
1997-08-15,24.4500,900.8100
1997-08-18,24.3700,912.4900
1997-08-19,22.6400,926.0100
1997-08-20,21.0900,939.3500
1997-08-21,23.8300,925.0500
1997-08-22,24.7400,923.5400
1997-08-25,24.1000,920.1600
1997-08-26,24.7300,913.0200
1997-08-27,24.2600,913.7000
1997-08-28,24.5100,903.6700
1997-08-29,24.7600,899.4700
1997-09-02,24.5300,927.5800
1997-09-03,24.9500,927.8600
1997-09-04,25.2700,930.8700
1997-09-05,24.3100,929.0500
1997-09-08,24.4000,931.2000
1997-09-09,23.8900,933.6200
1997-09-10,24.6400,919.0300
1997-09-11,25.9900,912.5900
1997-09-12,25.1700,923.9100
1997-09-15,25.7400,919.7700
1997-09-16,23.7700,945.6400
1997-09-17,24.1000,943.0000
1997-09-18,23.4800,947.2900
1997-09-19,22.7400,950.5100
1997-09-22,22.0800,955.4300
1997-09-23,22.0000,951.9300
1997-09-24,22.6400,944.4800
1997-09-25,22.9600,937.9100
1997-09-26,22.2600,945.2200
1997-09-29,22.2300,953.3400
1997-09-30,22.9100,947.2800
1997-10-01,22.3200,955.4100
1997-10-02,22.2700,960.4600
1997-10-03,21.5400,965.0300
1997-10-06,21.6100,972.6900
1997-10-07,20.2900,983.1200
1997-10-08,20.7700,973.8400
1997-10-09,22.3100,970.6200
1997-10-10,19.7500,966.9800
1997-10-13,20.2600,968.1000
1997-10-14,19.9900,970.2800
1997-10-15,20.0500,965.7200
1997-10-16,20.5300,955.2500
1997-10-17,21.6900,944.1600
1997-10-20,20.7200,955.6100
1997-10-21,19.5300,972.2800
1997-10-22,19.8600,968.4900
1997-10-23,22.9900,950.6900
1997-10-24,23.1700,941.6400
1997-10-27,31.1200,876.9900
1997-10-28,31.2200,921.8500
1997-10-29,33.7500,919.1600
1997-10-30,38.2000,903.6800
1997-10-31,35.0900,914.6200
1997-11-03,32.0900,938.9900
1997-11-04,32.2400,940.7600
1997-11-05,32.1800,942.7600
1997-11-06,32.5700,938.0300
1997-11-07,36.2700,927.5100
1997-11-10,36.6300,921.1300
1997-11-11,36.3800,923.7800
1997-11-12,37.8400,905.9600
1997-11-13,36.6400,916.6600
1997-11-14,33.6600,928.3500
1997-11-17,31.5800,946.2000
1997-11-18,31.5500,938.2300
1997-11-19,29.9300,944.5900
1997-11-20,27.3200,958.9800
1997-11-21,26.6500,963.0900
1997-11-24,29.8000,946.6700
1997-11-25,28.9500,950.8200
1997-11-26,28.9500,951.6400
1997-11-28,27.4300,955.4000
1997-12-01,26.0100,974.7700
1997-12-02,25.6600,971.6800
1997-12-03,23.9200,976.7700
1997-12-04,23.8400,973.1000
1997-12-05,22.6500,983.7900
1997-12-08,23.2200,982.3700
1997-12-09,23.3600,975.7800
1997-12-10,24.5500,969.7900
1997-12-11,27.6300,954.9400
1997-12-12,27.9200,953.3900
1997-12-15,27.3700,963.3900
1997-12-16,26.1100,968.0400
1997-12-17,26.3300,965.5400
1997-12-18,27.1900,955.3000
1997-12-19,29.1800,946.7800
1997-12-22,28.5600,953.7000
1997-12-23,29.8600,939.1300
1997-12-24,30.2700,932.7000
1997-12-26,29.2700,936.4600
1997-12-29,26.7900,953.3500
1997-12-30,24.3800,970.8400
1997-12-31,24.0100,970.4300
1998-01-02,23.4200,975.0400
1998-01-05,24.3600,977.0700
1998-01-06,25.6600,966.5800
1998-01-07,25.0700,964.0000
1998-01-08,26.0100,956.0500
1998-01-09,28.6900,927.6900
1998-01-12,28.0200,939.2100
1998-01-13,25.1700,952.1200
1998-01-14,23.7500,957.9400
1998-01-15,23.4500,950.7300
1998-01-16,21.6500,961.5100
1998-01-20,21.6500,978.6000
1998-01-21,22.5300,970.8100
1998-01-22,23.1600,963.0400
1998-01-23,23.3200,957.5900
1998-01-26,23.9700,956.9500
1998-01-27,22.2700,969.0200
1998-01-28,22.0600,977.4600
1998-01-29,21.6500,985.4900
1998-01-30,21.4700,980.2800
1998-02-02,21.3600,1001.2700
1998-02-03,20.6700,1006.0000
1998-02-04,20.5500,1006.9000
1998-02-05,21.2900,1003.5400
1998-02-06,20.5100,1012.4600
1998-02-09,21.5500,1010.7400
1998-02-10,20.6600,1019.0100
1998-02-11,20.3800,1020.0100
1998-02-12,19.7300,1024.1400
1998-02-13,19.8400,1020.0900
1998-02-17,20.7600,1022.7600
1998-02-18,19.6600,1032.0800
1998-02-19,19.8800,1028.2800
1998-02-20,19.0000,1034.2100
1998-02-23,18.9900,1038.1400
1998-02-24,19.3500,1030.5601
1998-02-25,18.6200,1042.9000
1998-02-26,18.6300,1048.6700
1998-02-27,18.5500,1049.3400
1998-03-02,19.1900,1047.7000
1998-03-03,19.0400,1052.0200
1998-03-04,19.5800,1047.3300
1998-03-05,20.9300,1035.0500
1998-03-06,19.1400,1055.6899
1998-03-09,20.2300,1052.3101
1998-03-10,19.4300,1064.2500
1998-03-11,18.8900,1068.4700
1998-03-12,18.2500,1069.9200
1998-03-13,18.7100,1068.6100
1998-03-16,18.5100,1079.2700
1998-03-17,18.6600,1080.4500
1998-03-18,18.2900,1085.5200
1998-03-19,17.7600,1089.7400
1998-03-20,18.6900,1099.1600
1998-03-23,19.9800,1095.5500
1998-03-24,20.5100,1105.6500
1998-03-25,22.5400,1101.9301
1998-03-26,22.8100,1100.8000
1998-03-27,23.4700,1095.4399
1998-03-30,24.6600,1093.6000
1998-03-31,24.2200,1101.7500
1998-04-01,23.3700,1108.1500
1998-04-02,21.9800,1120.0100
1998-04-03,21.8200,1122.7000
1998-04-06,22.4700,1121.3800
1998-04-07,23.6600,1109.5500
1998-04-08,23.1700,1101.6500
1998-04-09,21.5100,1110.6700
1998-04-13,22.7700,1109.6899
1998-04-14,21.6100,1115.7500
1998-04-15,20.8900,1119.3199
1998-04-16,22.0600,1108.1700
1998-04-17,20.7600,1122.7200
1998-04-20,20.3900,1123.6500
1998-04-21,19.9100,1126.6700
1998-04-22,19.4400,1130.5400
1998-04-23,20.6000,1119.5800
1998-04-24,21.9700,1107.9000
1998-04-27,26.0900,1086.5400
1998-04-28,24.1700,1085.1100
1998-04-29,22.7800,1094.6200
1998-04-30,21.1800,1111.7500
1998-05-01,19.3400,1121.0000
1998-05-04,20.3200,1122.0699
1998-05-05,21.4600,1115.5000
1998-05-06,22.7900,1104.9200
1998-05-07,23.3900,1095.1400
1998-05-08,20.5700,1108.1400
1998-05-11,21.0500,1106.6400
1998-05-12,20.9800,1115.7900
1998-05-13,20.4400,1118.8600
1998-05-14,19.6400,1117.3700
1998-05-15,20.4400,1108.7300
1998-05-18,21.6900,1105.8199
1998-05-19,20.3900,1109.5200
1998-05-20,19.8900,1119.0601
1998-05-21,19.3800,1114.6400
1998-05-22,18.9900,1110.4700
1998-05-26,22.0700,1094.0200
1998-05-27,22.5900,1092.2300
1998-05-28,20.7400,1097.6000
1998-05-29,21.3200,1090.8199
1998-06-01,22.8300,1090.9800
1998-06-02,22.0000,1093.2200
1998-06-03,22.8500,1082.7300
1998-06-04,21.2200,1094.8300
1998-06-05,19.7800,1113.8600
1998-06-08,20.5800,1115.7200
1998-06-09,20.5200,1118.4100
1998-06-10,21.4800,1112.2800
1998-06-11,23.5700,1094.5800
1998-06-12,22.7800,1098.8400
1998-06-15,25.9400,1077.0100
1998-06-16,24.8000,1087.5900
1998-06-17,22.8900,1107.1100
1998-06-18,22.4000,1106.3700
1998-06-19,21.9200,1100.6500
1998-06-22,21.9400,1103.2100
1998-06-23,20.1700,1119.4900
1998-06-24,20.0200,1132.8800
1998-06-25,20.2500,1129.2800
1998-06-26,19.3600,1133.2000
1998-06-29,19.5700,1138.4900
1998-06-30,19.7100,1133.8400
1998-07-01,18.0000,1148.5601
1998-07-02,17.6700,1146.4200
1998-07-06,18.6300,1157.3300
1998-07-07,18.6200,1154.6600
1998-07-08,17.8200,1166.3800
1998-07-09,18.1600,1158.5601
1998-07-10,17.9200,1164.3300
1998-07-13,18.2600,1165.1899
1998-07-14,17.8800,1177.5800
1998-07-15,17.8900,1174.8101
1998-07-16,16.9700,1183.9900
1998-07-17,16.2300,1186.7500
1998-07-20,17.3400,1184.1000
1998-07-21,20.1000,1165.0699
1998-07-22,20.3200,1164.0800
1998-07-23,23.0100,1139.7500
1998-07-24,23.0100,1140.8000
1998-07-27,23.1300,1147.2700
1998-07-28,25.2500,1130.2400
1998-07-29,24.7900,1125.2100
1998-07-30,22.6600,1142.9500
1998-07-31,24.8000,1120.6700
1998-08-03,25.9800,1112.4399
1998-08-04,31.0600,1072.1200
1998-08-05,29.8300,1081.4301
1998-08-06,28.2000,1089.6300
1998-08-07,27.0200,1089.4500
1998-08-10,28.7500,1083.1400
1998-08-11,31.9100,1068.9800
1998-08-12,28.5500,1084.2200
1998-08-13,29.9200,1074.9100
1998-08-14,34.3400,1062.7500
1998-08-17,31.8600,1083.6700
1998-08-18,28.4000,1101.2000
1998-08-19,28.6900,1098.0601
1998-08-20,30.0000,1091.6000
1998-08-21,33.1400,1081.2400
1998-08-24,31.8000,1088.1400
1998-08-25,30.3300,1092.8500
1998-08-26,31.1400,1084.1899
1998-08-27,38.5500,1042.5900
1998-08-28,39.6000,1027.1400
1998-08-31,44.2800,957.2800
1998-09-01,36.4800,994.2600
1998-09-02,36.7600,990.4800
1998-09-03,41.4300,982.2600
1998-09-04,43.3100,973.8900
1998-09-08,37.9000,1023.4600
1998-09-09,39.6600,1006.2000
1998-09-10,45.2900,980.1900
1998-09-11,43.7400,1009.0600
1998-09-14,38.5700,1029.7200
1998-09-15,36.5800,1037.6801
1998-09-16,35.9400,1045.4800
1998-09-17,39.2300,1018.8700
1998-09-18,38.6300,1020.0900
1998-09-21,38.5800,1023.8900
1998-09-22,36.6200,1029.6300
1998-09-23,32.4700,1066.0900
1998-09-24,34.6600,1042.7200
1998-09-25,34.5500,1044.7500
1998-09-28,34.8700,1048.6899
1998-09-29,36.0800,1049.0200
1998-09-30,40.9500,1017.0100
1998-10-01,43.4800,986.3900
1998-10-02,40.4700,1002.6000
1998-10-05,42.8100,988.5600
1998-10-06,41.2000,984.5900
1998-10-07,43.5100,970.6800
1998-10-08,45.7400,959.4400
1998-10-09,42.2000,984.3900
1998-10-12,40.0700,997.7100
1998-10-13,40.2300,994.8000
1998-10-14,38.9600,1005.5300
1998-10-15,33.3400,1047.4900
1998-10-16,34.8200,1056.4200
1998-10-19,33.1300,1062.3900
1998-10-20,33.1100,1063.9301
1998-10-21,33.2100,1069.9200
1998-10-22,31.5300,1078.4800
1998-10-23,32.2700,1070.6700
1998-10-26,32.3800,1072.3199
1998-10-27,32.9500,1065.3400
1998-10-28,32.4200,1068.0900
1998-10-29,29.5000,1085.9301
1998-10-30,28.0500,1098.6700
1998-11-02,27.2600,1111.6000
1998-11-03,27.7600,1110.8400
1998-11-04,27.3700,1118.6700
1998-11-05,26.0100,1133.8500
1998-11-06,25.7000,1141.0100
1998-11-09,28.0900,1130.2000
1998-11-10,28.1700,1128.2600
1998-11-11,28.4700,1120.9700
1998-11-12,29.2800,1117.6899
1998-11-13,29.0300,1125.7200
1998-11-16,28.9000,1135.8700
1998-11-17,27.9500,1139.3199
1998-11-18,27.1300,1144.4800
1998-11-19,25.5000,1152.6100
1998-11-20,22.4700,1163.5500
1998-11-23,21.8400,1188.2100
1998-11-24,23.2800,1182.9900
1998-11-25,22.1500,1186.8700
1998-11-27,22.0900,1192.3300
1998-11-30,26.0100,1163.6300
1998-12-01,24.9700,1175.2800
1998-12-02,25.4300,1171.2500
1998-12-03,28.7000,1150.1400
1998-12-04,25.3100,1176.7400
1998-12-07,24.9000,1187.7000
1998-12-08,25.5800,1181.3800
1998-12-09,25.6600,1183.4900
1998-12-10,26.8100,1165.0200
1998-12-11,27.7200,1166.4600
1998-12-14,31.3100,1141.2000
1998-12-15,29.4200,1162.8300
1998-12-16,29.9600,1161.9399
1998-12-17,27.9600,1179.9800
1998-12-18,25.0400,1188.0300
1998-12-21,23.8600,1202.8400
1998-12-22,22.7800,1203.5699
1998-12-23,20.2100,1228.5400
1998-12-24,21.4800,1226.2700
1998-12-28,23.5000,1225.4900
1998-12-29,22.1800,1241.8101
1998-12-30,23.3400,1231.9301
1998-12-31,24.4200,1229.2300
1999-01-04,26.1700,1228.1000
1999-01-05,24.4600,1244.7800
1999-01-06,23.3400,1272.3400
1999-01-07,24.3700,1269.7300
1999-01-08,23.2800,1275.0900
1999-01-11,25.4600,1263.8800
1999-01-12,28.1000,1239.5100
1999-01-13,30.1100,1234.4000
1999-01-14,32.9800,1212.1899
1999-01-15,29.2400,1243.2600
1999-01-19,29.2400,1252.0000
1999-01-20,28.6000,1256.6200
1999-01-21,30.9200,1235.1600
1999-01-22,31.9500,1225.1899
1999-01-25,31.1300,1233.9800
1999-01-26,29.2300,1252.3101
1999-01-27,29.7300,1243.1700
1999-01-28,28.1100,1265.3700
1999-01-29,26.2500,1279.6400
1999-02-01,27.6700,1273.0000
1999-02-02,28.1600,1261.9900
1999-02-03,27.8800,1272.0699
1999-02-04,29.4800,1248.4900
1999-02-05,29.6700,1239.4000
1999-02-08,30.2700,1243.7700
1999-02-09,31.3600,1216.1400
1999-02-10,30.4500,1223.5500
1999-02-11,27.4200,1254.0400
1999-02-12,29.7600,1230.1300
1999-02-16,29.6500,1241.8700
1999-02-17,30.6500,1224.0300
1999-02-18,30.4500,1237.2800
1999-02-19,29.3000,1239.2200
1999-02-22,25.8700,1272.1400
1999-02-23,26.4900,1271.1801
1999-02-24,27.2100,1253.4100
1999-02-25,28.0100,1245.0200
1999-02-26,27.8800,1238.3300
1999-03-01,28.3700,1236.1600
1999-03-02,29.2200,1225.5000
1999-03-03,29.0400,1227.7000
1999-03-04,26.6700,1246.6400
1999-03-05,24.0800,1275.4700
1999-03-08,24.5400,1282.7300
1999-03-09,25.0200,1279.8400
1999-03-10,24.7900,1286.8400
1999-03-11,24.3700,1297.6801
1999-03-12,24.8400,1294.5900
1999-03-15,25.2400,1307.2600
1999-03-16,25.1500,1306.3800
1999-03-17,25.5700,1297.8199
1999-03-18,24.1300,1316.5500
1999-03-19,24.3200,1299.2900
1999-03-22,25.0000,1297.0100
1999-03-23,27.2700,1262.1400
1999-03-24,26.6000,1268.5900
1999-03-25,24.3300,1289.9900
1999-03-26,24.0400,1282.8000
1999-03-29,23.5400,1310.1700
1999-03-30,22.7300,1300.7500
1999-03-31,23.2600,1286.3700
1999-04-01,22.0600,1293.7200
1999-04-05,22.1900,1321.1200
1999-04-06,22.6500,1317.8900
1999-04-07,22.8100,1326.8900
1999-04-08,22.5900,1343.9800
1999-04-09,21.7700,1348.3500
1999-04-12,21.9300,1358.6300
1999-04-13,22.7300,1349.8199
1999-04-14,24.9400,1328.4399
1999-04-15,23.9300,1322.8500
1999-04-16,23.9000,1319.0000
1999-04-19,26.4200,1289.4800
1999-04-20,25.0200,1306.1700
1999-04-21,23.3100,1336.1200
1999-04-22,22.6200,1358.8199
1999-04-23,22.7600,1356.8500
1999-04-26,23.5300,1360.0400
1999-04-27,23.3600,1362.8000
1999-04-28,24.4000,1350.9100
1999-04-29,25.0600,1342.8300
1999-04-30,25.0700,1335.1801
1999-05-03,24.1500,1354.6300
1999-05-04,25.6200,1332.0000
1999-05-05,25.1900,1347.3101
1999-05-06,27.4400,1332.0500
1999-05-07,25.3600,1345.0000
1999-05-10,26.6200,1340.3000
1999-05-11,25.6200,1355.6100
1999-05-12,26.1300,1364.0000
1999-05-13,25.0200,1367.5601
1999-05-14,26.8600,1337.8000
1999-05-17,27.2800,1339.4900
1999-05-18,27.2600,1333.3199
1999-05-19,25.0800,1344.2300
1999-05-20,24.4600,1338.8300
1999-05-21,24.4000,1330.2900
1999-05-24,27.6200,1306.6500
1999-05-25,28.9000,1284.4000
1999-05-26,27.5700,1304.7600
1999-05-27,28.1200,1281.4100
1999-05-28,25.3900,1301.8400
1999-06-01,26.6200,1294.2600
1999-06-02,26.2100,1294.8101
1999-06-03,26.2000,1299.5400
1999-06-04,23.4300,1327.7500
1999-06-07,23.7800,1334.5200
1999-06-08,24.0200,1317.3300
1999-06-09,23.9000,1318.6400
1999-06-10,25.3200,1302.8199
1999-06-11,25.9000,1293.6400
1999-06-14,26.5100,1294.0000
1999-06-15,25.9100,1301.1600
1999-06-16,22.4000,1330.4100
1999-06-17,21.9500,1339.9000
1999-06-18,21.7500,1342.8400
1999-06-21,21.8100,1349.0000
1999-06-22,21.7000,1335.8800
1999-06-23,21.3200,1333.0601
1999-06-24,23.0600,1315.7800
1999-06-25,21.7600,1315.3101
1999-06-28,22.6300,1331.3500
1999-06-29,22.5100,1351.4500
1999-06-30,21.0900,1372.7100
1999-07-01,19.6900,1380.9600
1999-07-02,18.6600,1391.2200
1999-07-06,20.7300,1388.1200
1999-07-07,20.3500,1395.8600
1999-07-08,20.2400,1394.4200
1999-07-09,17.9600,1403.2800
1999-07-12,19.7300,1399.1000
1999-07-13,19.9500,1393.5601
1999-07-14,19.7100,1398.1700
1999-07-15,18.6800,1409.6200
1999-07-16,17.4200,1418.7800
1999-07-19,19.0700,1407.6500
1999-07-20,21.7900,1377.1000
1999-07-21,21.4600,1379.2900
1999-07-22,23.0500,1360.9700
1999-07-23,23.3200,1356.9399
1999-07-26,24.9800,1347.7600
1999-07-27,23.2300,1362.8400
1999-07-28,22.8500,1365.4000
1999-07-29,24.5200,1341.0300
1999-07-30,24.6400,1328.7200
1999-08-02,25.5900,1328.0500
1999-08-03,26.2700,1322.1801
1999-08-04,27.4000,1305.3300
1999-08-05,27.0100,1313.7100
1999-08-06,26.6000,1300.2900
1999-08-09,27.6600,1297.8000
1999-08-10,28.4500,1281.4301
1999-08-11,25.3900,1301.9301
1999-08-12,25.0300,1298.1600
1999-08-13,22.3100,1327.6801
1999-08-16,23.0700,1330.7700
1999-08-17,21.6700,1344.1600
1999-08-18,23.3000,1332.8400
1999-08-19,24.3900,1323.5900
1999-08-20,22.9500,1336.6100
1999-08-23,22.5500,1360.2200
1999-08-24,22.4000,1363.5000
1999-08-25,20.9600,1381.7900
1999-08-26,21.2100,1362.0100
1999-08-27,21.8300,1348.2700
1999-08-30,24.6300,1324.0200
1999-08-31,24.4500,1320.4100
1999-09-01,22.9300,1331.0699
1999-09-02,24.5300,1319.1100
1999-09-03,20.9800,1357.2400
1999-09-07,23.4400,1350.4500
1999-09-08,23.8200,1344.1500
1999-09-09,23.0100,1347.6600
1999-09-10,22.0300,1351.6600
1999-09-13,22.8900,1344.1300
1999-09-14,23.7700,1336.2900
1999-09-15,24.5600,1317.9700
1999-09-16,25.2500,1318.4800
1999-09-17,23.3000,1335.4200
1999-09-20,24.0300,1335.5300
1999-09-21,25.6500,1307.5800
1999-09-22,25.1900,1310.5100
1999-09-23,27.8400,1280.4100
1999-09-24,27.7900,1277.3600
1999-09-27,26.4000,1283.3101
1999-09-28,26.0600,1282.2000
1999-09-29,26.4900,1268.3700
1999-09-30,25.4100,1282.7100
1999-10-01,24.9300,1282.8101
1999-10-04,24.4600,1304.6000
1999-10-05,24.7900,1301.3500
1999-10-06,22.0600,1325.4000
1999-10-07,23.5800,1317.6400
1999-10-08,20.4900,1336.0200
1999-10-11,20.6300,1335.2100
1999-10-12,22.8400,1313.0400
1999-10-13,25.9600,1285.5500
1999-10-14,26.0500,1283.4200
1999-10-15,28.7500,1247.4100
1999-10-18,28.1900,1254.1300
1999-10-19,26.5600,1261.3199
1999-10-20,23.9000,1289.4301
1999-10-21,24.0200,1283.6100
1999-10-22,21.6400,1301.6500
1999-10-25,23.6000,1293.6300
1999-10-26,24.2600,1281.9100
1999-10-27,24.2000,1296.7100
1999-10-28,21.3400,1342.4399
1999-10-29,22.2000,1362.9301
1999-11-01,22.0900,1354.1200
1999-11-02,23.1000,1347.7400
1999-11-03,23.1600,1354.9301
1999-11-04,23.0000,1362.6400
1999-11-05,21.6600,1370.2300
1999-11-08,21.8700,1377.0100
1999-11-09,22.7000,1365.2800
1999-11-10,22.2600,1373.4600
1999-11-11,22.0700,1381.4600
1999-11-12,21.6500,1396.0601
1999-11-15,22.7400,1394.3900
1999-11-16,20.7300,1420.0699
1999-11-17,20.9600,1410.7100
1999-11-18,19.7600,1424.9399
1999-11-19,19.1100,1422.0000
1999-11-22,19.9800,1420.9399
1999-11-23,21.0000,1404.6400
1999-11-24,20.2600,1417.0800
1999-11-26,22.3300,1416.6200
1999-11-29,23.5700,1407.8300
1999-11-30,24.1800,1388.9100
1999-12-01,22.2300,1397.7200
1999-12-02,21.7700,1409.0400
1999-12-03,19.3200,1433.3000
1999-12-06,20.5800,1423.3300
1999-12-07,21.0900,1409.1700
1999-12-08,21.2500,1403.8800
1999-12-09,21.1900,1408.1100
1999-12-10,21.4800,1417.0400
1999-12-13,21.7200,1415.2200
1999-12-14,23.0600,1403.1700
1999-12-15,22.0300,1413.3300
1999-12-16,21.9100,1418.7800
1999-12-17,21.3500,1421.0300
1999-12-20,23.7800,1418.0900
1999-12-21,22.6600,1433.4301
1999-12-22,22.4300,1436.1300
1999-12-23,21.1200,1458.3400
1999-12-27,23.0700,1457.1000
1999-12-28,22.9700,1457.6600
1999-12-29,23.0900,1463.4600
1999-12-30,24.7600,1464.4700
1999-12-31,24.6400,1469.2500
2000-01-03,24.2100,1455.2200
2000-01-04,27.0100,1399.4200
2000-01-05,26.4100,1402.1100
2000-01-06,25.7300,1403.4500
2000-01-07,21.7200,1441.4700
2000-01-10,21.7100,1457.6000
2000-01-11,22.5000,1438.5601
2000-01-12,22.8400,1432.2500
2000-01-13,21.7100,1449.6801
2000-01-14,19.6600,1465.1500
2000-01-18,21.5000,1455.1400
2000-01-19,21.7200,1455.9000
2000-01-20,21.7500,1445.5699
2000-01-21,20.8200,1441.3600
2000-01-24,24.0700,1401.5300
2000-01-25,23.0200,1410.0300
2000-01-26,23.0300,1404.0900
2000-01-27,23.5400,1398.5601
2000-01-28,26.1400,1360.1600
2000-01-31,24.9500,1394.4600
2000-02-01,23.4500,1409.2800
2000-02-02,23.1200,1409.1200
2000-02-03,22.0100,1424.9700
2000-02-04,21.5400,1424.3700
2000-02-07,22.7900,1424.2400
2000-02-08,21.2500,1441.7200
2000-02-09,22.9000,1411.7100
2000-02-10,23.0700,1416.8300
2000-02-11,24.4200,1387.1200
2000-02-14,24.3800,1389.9399
2000-02-15,22.9200,1402.0500
2000-02-16,23.5100,1387.6700
2000-02-17,23.1700,1388.2600
2000-02-18,26.0000,1346.0900
2000-02-22,25.8600,1352.1700
2000-02-23,23.8900,1360.6899
2000-02-24,24.3800,1353.4301
2000-02-25,25.2000,1333.3600
2000-02-28,24.6800,1348.0500
2000-02-29,23.3700,1366.4200
2000-03-01,21.6400,1379.1899
2000-03-02,21.0600,1381.7600
2000-03-03,19.2100,1409.1700
2000-03-06,21.5000,1391.2800
2000-03-07,24.3100,1355.6200
2000-03-08,23.8200,1366.7000
2000-03-09,22.2100,1401.6899
2000-03-10,21.2400,1395.0699
2000-03-13,22.8500,1383.6200
2000-03-14,24.4100,1359.1500
2000-03-15,22.3400,1392.1400
2000-03-16,20.7700,1458.4700
2000-03-17,22.3700,1464.4700
2000-03-20,22.9600,1456.6300
2000-03-21,21.7000,1493.8700
2000-03-22,21.4900,1500.6400
2000-03-23,22.2600,1527.3500
2000-03-24,23.3100,1527.4600
2000-03-27,24.5300,1523.8600
2000-03-28,24.8600,1507.7300
2000-03-29,24.1000,1508.5200
2000-03-30,25.4700,1487.9200
2000-03-31,24.1100,1498.5800
2000-04-03,24.0300,1505.9700
2000-04-04,27.1200,1494.7300
2000-04-05,28.4100,1487.3700
2000-04-06,27.1500,1501.3400
2000-04-07,24.3900,1516.3500
2000-04-10,25.9900,1504.4600
2000-04-11,27.2500,1500.5900
2000-04-12,28.9800,1467.1700
2000-04-13,29.4000,1440.5100
2000-04-14,33.4900,1356.5601
2000-04-17,28.9500,1401.4399
2000-04-18,26.1200,1441.6100
2000-04-19,27.0200,1427.4700
2000-04-20,25.8500,1434.5400
2000-04-24,27.3700,1429.8600
2000-04-25,25.2400,1477.4399
2000-04-26,26.9700,1460.9900
2000-04-27,26.1900,1464.9200
2000-04-28,26.2000,1452.4301
2000-05-01,25.8800,1468.2500
2000-05-02,28.5000,1446.2900
2000-05-03,31.6300,1415.1000
2000-05-04,30.7700,1409.5699
2000-05-05,27.5300,1432.6300
2000-05-08,28.2000,1424.1700
2000-05-09,28.9300,1412.1400
2000-05-10,29.8700,1383.0500
2000-05-11,27.7600,1407.8101
2000-05-12,26.0500,1420.9600
2000-05-15,24.8600,1452.3600
2000-05-16,24.3400,1466.0400
2000-05-17,23.9800,1447.8000
2000-05-18,23.9600,1437.2100
2000-05-19,25.4400,1406.9500
2000-05-22,26.0000,1400.7200
2000-05-23,25.8700,1373.8600
2000-05-24,24.3200,1399.0500
2000-05-25,24.5800,1381.5200
2000-05-26,24.4700,1378.0200
2000-05-30,23.6200,1422.4500
2000-05-31,23.6500,1420.6000
2000-06-01,22.3600,1448.8101
2000-06-02,21.4800,1477.2600
2000-06-05,22.7100,1467.6300
2000-06-06,23.0500,1457.8400
2000-06-07,22.4800,1471.3600
2000-06-08,22.7700,1461.6700
2000-06-09,22.1400,1456.9500
2000-06-12,22.3200,1446.0000
2000-06-13,21.6700,1469.4399
2000-06-14,21.4800,1470.5400
2000-06-15,20.6800,1478.7300
2000-06-16,20.5000,1464.4600
2000-06-19,20.6300,1486.0000
2000-06-20,20.8800,1475.9500
2000-06-21,20.6100,1479.1300
2000-06-22,22.0000,1452.1801
2000-06-23,22.3400,1441.4800
2000-06-26,22.4500,1455.3101
2000-06-27,21.8000,1450.5500
2000-06-28,20.2900,1454.8199
2000-06-29,19.7000,1442.3900
2000-06-30,19.5400,1454.6000
2000-07-03,19.8300,1469.5400
2000-07-05,21.1600,1446.2300
2000-07-06,20.9400,1456.6700
2000-07-07,19.2200,1478.9000
2000-07-10,20.3300,1475.6200
2000-07-11,20.1100,1480.8800
2000-07-12,20.0300,1492.9200
2000-07-13,20.0300,1495.8400
2000-07-14,19.3200,1509.9800
2000-07-17,19.4500,1510.4900
2000-07-18,19.7500,1493.7400
2000-07-19,19.6500,1481.9600
2000-07-20,18.9400,1495.5699
2000-07-21,18.9400,1480.1899
2000-07-24,19.9200,1464.2900
2000-07-25,19.3900,1474.4700
2000-07-26,19.6700,1452.4200
2000-07-27,19.6000,1449.6200
2000-07-28,20.8400,1419.8900
2000-07-31,20.7400,1430.8300
2000-08-01,20.5500,1438.1000
2000-08-02,20.0000,1438.7000
2000-08-03,19.9900,1452.5601
2000-08-04,18.6200,1462.9301
2000-08-07,19.0300,1479.3199
2000-08-08,18.7900,1482.8000
2000-08-09,19.1800,1472.8700
2000-08-10,19.1900,1460.2500
2000-08-11,18.5500,1471.8400
2000-08-14,17.8800,1491.5601
2000-08-15,17.9800,1484.4301
2000-08-16,18.0200,1479.8500
2000-08-17,17.4800,1496.0699
2000-08-18,17.0500,1491.7200
2000-08-21,17.3500,1499.4800
2000-08-22,17.4700,1498.1300
2000-08-23,17.3800,1505.9700
2000-08-24,17.0400,1508.3101
2000-08-25,16.5300,1506.4500
2000-08-28,16.5400,1514.0900
2000-08-29,16.8900,1509.8400
2000-08-30,17.6900,1502.5900
2000-08-31,16.8400,1517.6801
2000-09-01,17.5300,1520.7700
2000-09-05,19.8200,1507.0800
2000-09-06,20.7900,1492.2500
2000-09-07,19.4200,1502.5100
2000-09-08,18.4600,1494.5000
2000-09-11,18.4000,1489.2600
2000-09-12,18.5900,1481.9900
2000-09-13,18.3200,1484.9100
2000-09-14,18.2600,1480.8700
2000-09-15,18.5200,1465.8101
2000-09-18,20.2500,1444.5100
2000-09-19,19.5400,1459.9000
2000-09-20,19.9300,1451.3400
2000-09-21,20.1800,1449.0500
2000-09-22,20.7400,1448.7200
2000-09-25,21.4100,1439.0300
2000-09-26,21.8800,1427.2100
2000-09-27,21.6700,1426.5699
2000-09-28,19.4700,1458.2900
2000-09-29,20.5700,1436.5100
2000-10-02,21.2300,1436.2300
2000-10-03,21.8500,1426.4600
2000-10-04,21.5400,1434.3199
2000-10-05,21.0300,1436.2800
2000-10-06,22.7100,1408.9900
2000-10-09,24.0200,1402.0300
2000-10-10,24.8600,1387.0200
2000-10-11,26.5700,1364.5900
2000-10-12,30.5100,1329.7800
2000-10-13,27.6000,1374.1700
2000-10-16,26.7900,1374.6200
2000-10-17,27.8400,1349.9700
2000-10-18,28.7200,1342.1300
2000-10-19,25.0900,1388.7600
2000-10-20,24.2400,1396.9301
2000-10-23,24.6900,1395.7800
2000-10-24,24.2800,1398.1300
2000-10-25,26.6500,1364.9000
2000-10-26,28.6200,1364.4399
2000-10-27,26.4700,1379.5800
2000-10-30,25.4600,1398.6600
2000-10-31,23.6300,1429.4000
2000-11-01,24.2800,1421.2200
2000-11-02,23.9200,1428.3199
2000-11-03,23.6700,1426.6899
2000-11-06,24.5200,1432.1899
2000-11-07,24.9100,1431.8700
2000-11-08,25.6600,1409.2800
2000-11-09,27.2000,1400.1400
2000-11-10,28.5300,1365.9800
2000-11-13,29.0600,1351.2600
2000-11-14,26.8100,1382.9500
2000-11-15,26.1500,1389.8101
2000-11-16,25.0500,1372.3199
2000-11-17,24.8100,1367.7200
2000-11-20,27.4300,1342.6200
2000-11-21,26.6200,1347.3500
2000-11-22,27.7100,1322.3600
2000-11-24,26.0000,1341.7700
2000-11-27,26.9300,1348.9700
2000-11-28,27.6400,1336.0900
2000-11-29,27.4900,1341.9301
2000-11-30,29.6500,1314.9500
2000-12-01,27.4800,1315.2300
2000-12-04,27.7800,1324.9700
2000-12-05,24.9900,1376.5400
2000-12-06,25.0700,1351.4600
2000-12-07,25.3400,1343.5500
2000-12-08,22.4100,1369.8900
2000-12-11,23.5100,1380.2000
2000-12-12,24.8800,1371.1801
2000-12-13,23.6300,1359.9900
2000-12-14,24.8600,1340.9301
2000-12-15,26.5500,1312.1500
2000-12-18,27.7000,1322.7400
2000-12-19,27.1700,1305.6000
2000-12-20,31.7400,1264.7400
2000-12-21,29.6600,1274.8600
2000-12-22,27.5500,1305.9500
2000-12-26,28.7300,1315.1899
2000-12-27,28.1400,1328.9200
2000-12-28,26.5700,1334.2200
2000-12-29,26.8500,1320.2800
2001-01-02,29.9900,1283.2700
2001-01-03,26.6000,1347.5601
2001-01-04,26.9700,1333.3400
2001-01-05,28.6700,1298.3500
2001-01-08,29.8400,1295.8600
2001-01-09,27.9900,1300.8000
2001-01-10,26.8000,1313.2700
2001-01-11,25.7900,1326.8199
2001-01-12,24.5600,1318.5500
2001-01-16,25.2800,1326.6500
2001-01-17,24.9300,1329.4700
2001-01-18,23.3700,1347.9700
2001-01-19,23.2400,1342.5400
2001-01-22,23.2500,1342.9000
2001-01-23,21.5700,1360.4000
2001-01-24,22.0300,1364.3000
2001-01-25,22.6400,1357.5100
2001-01-26,22.5700,1354.9500
2001-01-29,22.6100,1364.1700
2001-01-30,22.5700,1373.7300
2001-01-31,22.0200,1366.0100
2001-02-01,21.6600,1373.4700
2001-02-02,21.9500,1349.4700
2001-02-05,22.1900,1354.3101
2001-02-06,21.9800,1352.2600
2001-02-07,21.6700,1340.8900
2001-02-08,21.4600,1332.5300
2001-02-09,22.0300,1314.7600
2001-02-12,21.9200,1330.3101
2001-02-13,21.3700,1318.8000
2001-02-14,21.5200,1315.9200
2001-02-15,20.2700,1326.6100
2001-02-16,22.1200,1301.5300
2001-02-20,24.6900,1278.9399
2001-02-21,25.7500,1255.2700
2001-02-22,26.7600,1252.8199
2001-02-23,27.2100,1245.8600
2001-02-26,25.4300,1267.6500
2001-02-27,26.4900,1257.9399
2001-02-28,28.3500,1239.9399
2001-03-01,28.0800,1241.2300
2001-03-02,27.4300,1234.1801
2001-03-05,27.1200,1241.4100
2001-03-06,25.8900,1253.8000
2001-03-07,24.1200,1261.8900
2001-03-08,24.2900,1264.7400
2001-03-09,25.6200,1233.4200
2001-03-12,30.3200,1180.1600
2001-03-13,27.5500,1197.6600
2001-03-14,29.6100,1166.7100
2001-03-15,28.5600,1173.5601
2001-03-16,29.9100,1150.5300
2001-03-19,29.7800,1170.8101
2001-03-20,30.9600,1142.6200
2001-03-21,31.9300,1122.1400
2001-03-22,32.8400,1117.5800
2001-03-23,30.4500,1139.8300
2001-03-26,29.0400,1152.6899
2001-03-27,27.0400,1182.1700
2001-03-28,28.5800,1153.2900
2001-03-29,29.1700,1147.9500
2001-03-30,28.6400,1160.3300
2001-04-02,31.2100,1145.8700
2001-04-03,34.7200,1106.4600
2001-04-04,34.0700,1103.2500
2001-04-05,29.9400,1151.4399
2001-04-06,31.6900,1128.4301
2001-04-09,31.9100,1137.5900
2001-04-10,29.4400,1168.3800
2001-04-11,28.4600,1165.8900
2001-04-12,26.1200,1183.5000
2001-04-16,26.3300,1179.6801
2001-04-17,25.6100,1191.8101
2001-04-18,24.1300,1238.1600
2001-04-19,24.1600,1253.6899
2001-04-20,25.3800,1242.9800
2001-04-23,28.1600,1224.3600
2001-04-24,28.4900,1209.4700
2001-04-25,27.4000,1228.7500
2001-04-26,25.9600,1234.5200
2001-04-27,24.0200,1253.0500
2001-04-30,25.4800,1249.4600
2001-05-01,24.2000,1266.4399
2001-05-02,24.2300,1267.4301
2001-05-03,25.7800,1248.5800
2001-05-04,23.9100,1266.6100
2001-05-07,24.8600,1263.5100
2001-05-08,24.4400,1261.2000
2001-05-09,24.3500,1255.5400
2001-05-10,24.0000,1255.1801
2001-05-11,23.5400,1245.6700
2001-05-14,24.2600,1248.9200
2001-05-15,23.7100,1249.4399
2001-05-16,21.8900,1284.9900
2001-05-17,21.4700,1288.4900
2001-05-18,21.2300,1291.9600
2001-05-21,20.7600,1312.8300
2001-05-22,21.3500,1309.3800
2001-05-23,22.0800,1289.0500
2001-05-24,20.5700,1293.1700
2001-05-25,20.6000,1277.8900
2001-05-29,22.1400,1267.9301
2001-05-30,22.7600,1248.0800
2001-05-31,22.6400,1255.8199
2001-06-01,21.5900,1260.6700
2001-06-04,21.3800,1267.1100
2001-06-05,19.5800,1283.5699
2001-06-06,20.3900,1270.0300
2001-06-07,19.6700,1276.9600
2001-06-08,19.9200,1264.9600
2001-06-11,20.7000,1254.3900
2001-06-12,20.7000,1255.8500
2001-06-13,21.4500,1241.6000
2001-06-14,23.1200,1219.8700
2001-06-15,22.8100,1214.3600
2001-06-18,23.1700,1208.4301
2001-06-19,22.3400,1212.5800
2001-06-20,21.7100,1223.1400
2001-06-21,19.3800,1237.0400
2001-06-22,20.0200,1225.3500
2001-06-25,20.6700,1218.6000
2001-06-26,21.2000,1216.7600
2001-06-27,20.8800,1211.0699
2001-06-28,20.0100,1226.2000
2001-06-29,19.0600,1224.3800
2001-07-02,18.7600,1236.7200
2001-07-03,18.9200,1234.4500
2001-07-05,20.0900,1219.2400
2001-07-06,21.6300,1190.5900
2001-07-09,22.4800,1198.7800
2001-07-10,23.2500,1181.5200
2001-07-11,24.0100,1180.1801
2001-07-12,22.0900,1208.1400
2001-07-13,21.1400,1215.6801
2001-07-16,22.9100,1202.4500
2001-07-17,22.6100,1214.4399
2001-07-18,23.6000,1207.7100
2001-07-19,22.5100,1215.0200
2001-07-20,22.3400,1210.8500
2001-07-23,23.7400,1191.0300
2001-07-24,25.2400,1171.6500
2001-07-25,24.0000,1190.4900
2001-07-26,23.0100,1202.9301
2001-07-27,22.0000,1205.8199
2001-07-30,22.6900,1204.5200
2001-07-31,21.6200,1211.2300
2001-08-01,20.5600,1215.9301
2001-08-02,20.0900,1220.7500
2001-08-03,19.8900,1214.3500
2001-08-06,21.8900,1200.4800
2001-08-07,21.0100,1204.4000
2001-08-08,22.3200,1183.5300
2001-08-09,21.7500,1183.4301
2001-08-10,20.5500,1190.1600
2001-08-13,20.4200,1191.2900
2001-08-14,20.4800,1186.7300
2001-08-15,20.9100,1178.0200
2001-08-16,21.5400,1181.6600
2001-08-17,23.8400,1161.9700
2001-08-20,22.8700,1171.4100
2001-08-21,24.4000,1157.2600
2001-08-22,22.4400,1165.3101
2001-08-23,22.2300,1162.0900
2001-08-24,19.7100,1184.9301
2001-08-27,20.5600,1179.2100
2001-08-28,22.0000,1161.5100
2001-08-29,23.0300,1148.5601
2001-08-30,25.4100,1129.0300
2001-08-31,24.9200,1133.5800
2001-09-04,25.8500,1132.9399
2001-09-05,26.3500,1131.7400
2001-09-06,28.6100,1106.4000
2001-09-07,30.9900,1085.7800
2001-09-10,31.8400,1092.5400
2001-09-17,41.7600,1038.7700
2001-09-18,38.8700,1032.7400
2001-09-19,40.5600,1016.1000
2001-09-20,43.7400,984.5400
2001-09-21,42.6600,965.8000
2001-09-24,37.7500,1003.4500
2001-09-25,35.8100,1012.2700
2001-09-26,35.2600,1007.0400
2001-09-27,34.0000,1018.6100
2001-09-28,31.9300,1040.9399
2001-10-01,32.3200,1038.5500
2001-10-02,31.1800,1051.3300
2001-10-03,31.3400,1072.2800
2001-10-04,31.9700,1069.6300
2001-10-05,33.3900,1071.3800
2001-10-08,35.1200,1062.4399
2001-10-09,34.8300,1056.7500
2001-10-10,31.6000,1080.9900
2001-10-11,31.5000,1097.4301
2001-10-12,35.2700,1091.6500
2001-10-15,35.3100,1089.9800
2001-10-16,32.8800,1097.5400
2001-10-17,35.0800,1077.0900
2001-10-18,34.9500,1068.6100
2001-10-19,34.1100,1073.4800
2001-10-22,32.2500,1089.9000
2001-10-23,32.0000,1084.7800
2001-10-24,30.9500,1085.2000
2001-10-25,29.4600,1100.0900
2001-10-26,28.4200,1104.6100
2001-10-29,31.6400,1078.3000
2001-10-30,33.4600,1059.7900
2001-10-31,33.5600,1059.7800
2001-11-01,32.3100,1084.1000
2001-11-02,30.7100,1087.2000
2001-11-05,30.5000,1102.8400
2001-11-06,28.8000,1118.8600
2001-11-07,29.1300,1115.8000
2001-11-08,28.6200,1118.5400
2001-11-09,27.4400,1120.3101
2001-11-12,29.3500,1118.3300
2001-11-13,26.4700,1139.0900
2001-11-14,26.5600,1141.2100
2001-11-15,25.5600,1142.2400
2001-11-16,25.0700,1138.6500
2001-11-19,24.4600,1151.0601
2001-11-20,24.1200,1142.6600
2001-11-21,24.1900,1137.0300
2001-11-23,23.2500,1150.3400
2001-11-26,23.7900,1157.4200
2001-11-27,24.0000,1149.5000
2001-11-28,25.9000,1128.5200
2001-11-29,25.1800,1140.2000
2001-11-30,23.8400,1139.4500
2001-12-03,25.7700,1129.9000
2001-12-04,24.0800,1144.8000
2001-12-05,23.0200,1170.3500
2001-12-06,23.7100,1167.1000
2001-12-07,23.4900,1158.3101
2001-12-10,25.6200,1139.9301
2001-12-11,25.3000,1136.7600
2001-12-12,24.8700,1137.0699
2001-12-13,25.9100,1119.3800
2001-12-14,24.6300,1123.0900
2001-12-17,24.2600,1134.3600
2001-12-18,23.2900,1142.9200
2001-12-19,22.5800,1149.5601
2001-12-20,23.6700,1139.9301
2001-12-21,22.5000,1144.8900
2001-12-24,22.6200,1144.6500
2001-12-26,22.2900,1149.3700
2001-12-27,21.5900,1157.1300
2001-12-28,21.4000,1161.0200
2001-12-31,23.8000,1148.0800
2002-01-02,22.7100,1154.6700
2002-01-03,21.3400,1165.2700
2002-01-04,20.4500,1172.5100
2002-01-07,21.9400,1164.8900
2002-01-08,21.8300,1160.7100
2002-01-09,22.1300,1155.1400
2002-01-10,22.3600,1156.5500
2002-01-11,22.6000,1145.6000
2002-01-14,23.5800,1138.4100
2002-01-15,22.7000,1146.1899
2002-01-16,23.4500,1127.5699
2002-01-17,22.2500,1138.8800
2002-01-18,22.5200,1127.5800
2002-01-22,23.6100,1119.3101
2002-01-23,21.8800,1128.1801
2002-01-24,21.1500,1132.1500
2002-01-25,21.0100,1133.2800
2002-01-28,21.1400,1133.0601
2002-01-29,24.3500,1100.6400
2002-01-30,23.2200,1113.5699
2002-01-31,21.0900,1130.2000
2002-02-01,21.1200,1122.2000
2002-02-04,24.8700,1094.4399
2002-02-05,25.4500,1090.0200
2002-02-06,26.0900,1083.5100
2002-02-07,25.1100,1080.1700
2002-02-08,23.2600,1096.2200
2002-02-11,21.7800,1111.9399
2002-02-12,21.6200,1107.5000
2002-02-13,20.8500,1118.5100
2002-02-14,21.7700,1116.4800
2002-02-15,22.3700,1104.1801
2002-02-19,24.4300,1083.3400
2002-02-20,22.6600,1097.9800
2002-02-21,23.8000,1080.9500
2002-02-22,22.8600,1089.8400
2002-02-25,21.8400,1109.4301
2002-02-26,21.6800,1109.3800
2002-02-27,21.4900,1109.8900
2002-02-28,21.5900,1106.7300
2002-03-01,19.9600,1131.7800
2002-03-04,20.5000,1153.8400
2002-03-05,20.3000,1146.1400
2002-03-06,19.9400,1162.7700
2002-03-07,20.0400,1157.5400
2002-03-08,19.2700,1164.3101
2002-03-11,19.8400,1168.2600
2002-03-12,19.5900,1165.5800
2002-03-13,19.4600,1154.0900
2002-03-14,19.2000,1153.0400
2002-03-15,18.4200,1166.1600
2002-03-18,18.9300,1165.5500
2002-03-19,18.1600,1170.2900
2002-03-20,18.4600,1151.8500
2002-03-21,18.1500,1153.5900
2002-03-22,17.7700,1148.7000
2002-03-25,18.4800,1131.8700
2002-03-26,18.1300,1138.4900
2002-03-27,17.7000,1144.5800
2002-03-28,17.4000,1147.3900
2002-04-01,18.7300,1146.5400
2002-04-02,19.1600,1136.7600
2002-04-03,20.2000,1125.4000
2002-04-04,19.7800,1126.3400
2002-04-05,19.1300,1122.7300
2002-04-08,19.6100,1125.2900
2002-04-09,19.4700,1117.8000
2002-04-10,18.1900,1130.4700
2002-04-11,20.3000,1103.6899
2002-04-12,19.4200,1111.0100
2002-04-15,19.8200,1102.5500
2002-04-16,18.1100,1128.3700
2002-04-17,18.4300,1126.0699
2002-04-18,19.2900,1124.4700
2002-04-19,18.3000,1125.1700
2002-04-22,19.7700,1107.8300
2002-04-23,20.2800,1100.9600
2002-04-24,20.7700,1093.1400
2002-04-25,20.9500,1091.4800
2002-04-26,22.1400,1076.3199
2002-04-29,24.0500,1065.4500
2002-04-30,21.9100,1076.9200
2002-05-01,20.0600,1086.4600
2002-05-02,20.0700,1084.5601
2002-05-03,20.1900,1073.4301
2002-05-06,22.5600,1052.6700
2002-05-07,21.9400,1049.4900
2002-05-08,20.3900,1088.8500
2002-05-09,21.5600,1073.0100
2002-05-10,22.4100,1054.9900
2002-05-13,20.7200,1074.5601
2002-05-14,19.3500,1097.2800
2002-05-15,19.1900,1091.0699
2002-05-16,18.5000,1098.2300
2002-05-17,17.7000,1106.5900
2002-05-20,19.2400,1091.8800
2002-05-21,20.0500,1079.8800
2002-05-22,19.5800,1086.0200
2002-05-23,18.2300,1097.0800
2002-05-24,18.9000,1083.8199
2002-05-28,20.3100,1074.5500
2002-05-29,20.3900,1067.6600
2002-05-30,20.6100,1064.6600
2002-05-31,19.9800,1067.1400
2002-06-03,23.3700,1040.6801
2002-06-04,23.8900,1040.6899
2002-06-05,22.6100,1049.9000
2002-06-06,24.1600,1029.1500
2002-06-07,23.5100,1027.5300
2002-06-10,23.7200,1030.7400
2002-06-11,24.4500,1013.6000
2002-06-12,24.1500,1020.2600
2002-06-13,25.0200,1009.5600
2002-06-14,25.9600,1007.2700
2002-06-17,24.6400,1036.1700
2002-06-18,24.2400,1037.1400
2002-06-19,26.0600,1019.9900
2002-06-20,27.4800,1006.2900
2002-06-21,27.2300,989.1400
2002-06-24,26.9800,992.7200
2002-06-25,27.8400,976.1400
2002-06-26,28.4200,973.5300
2002-06-27,26.2900,990.6400
2002-06-28,25.4000,989.8200
2002-07-01,27.1100,968.6500
2002-07-02,28.9600,948.0900
2002-07-03,29.4200,953.9900
2002-07-05,27.1100,989.0300
2002-07-08,28.2500,976.9800
2002-07-09,30.2200,952.8300
2002-07-10,34.1000,920.4700
2002-07-11,33.8500,927.3700
2002-07-12,32.9400,921.3900
2002-07-15,35.0300,917.9300
2002-07-16,36.6500,900.9400
2002-07-17,35.4500,906.0400
2002-07-18,35.1200,881.5600
2002-07-19,38.1700,847.7500
2002-07-22,41.8700,819.8500
2002-07-23,44.9200,797.7000
2002-07-24,39.8600,843.4300
2002-07-25,39.2700,838.6800
2002-07-26,35.5100,852.8400
2002-07-29,31.3300,898.9600
2002-07-30,31.9200,902.7800
2002-07-31,32.0300,911.6200
2002-08-01,36.9500,884.6600
2002-08-02,41.2900,864.2400
2002-08-05,45.0800,834.6000
2002-08-06,42.0300,859.5700
2002-08-07,38.7300,876.7700
2002-08-08,36.3300,905.4600
2002-08-09,35.3300,908.6400
2002-08-12,37.0500,903.8000
2002-08-13,35.8200,884.2100
2002-08-14,32.3600,919.6200
2002-08-15,29.4300,930.2500
2002-08-16,28.8100,928.7700
2002-08-19,28.6100,950.7000
2002-08-20,29.5900,937.4300
2002-08-21,28.2300,949.3600
2002-08-22,27.7500,962.7000
2002-08-23,29.3200,940.8600
2002-08-26,29.8900,947.9500
2002-08-27,30.1100,934.8200
2002-08-28,33.3200,917.8700
2002-08-29,33.6700,917.8000
2002-08-30,32.6400,916.0700
2002-09-03,39.9700,878.0200
2002-09-04,37.4400,893.4000
2002-09-05,38.8600,879.1500
2002-09-06,36.3300,893.9200
2002-09-09,36.4500,902.9600
2002-09-10,35.0800,909.5800
2002-09-11,34.8100,909.4500
2002-09-12,37.5000,886.9100
2002-09-13,35.8200,889.8100
2002-09-16,36.7400,891.1000
2002-09-17,38.0100,873.5200
2002-09-18,37.5200,869.4600
2002-09-19,40.6500,843.3200
2002-09-20,38.9800,845.3900
2002-09-23,39.6800,833.7000
2002-09-24,40.5200,819.2900
2002-09-25,37.3300,839.6600
2002-09-26,34.6000,854.9500
2002-09-27,36.9700,827.3700
2002-09-30,39.6900,815.2800
2002-10-01,34.1200,847.9100
2002-10-02,36.8300,827.9100
2002-10-03,37.3100,818.9500
2002-10-04,39.4600,800.5800
2002-10-07,42.6400,785.2800
2002-10-08,41.0200,798.5500
2002-10-09,42.1300,776.7600
2002-10-10,37.5500,803.9200
2002-10-11,35.7000,835.3200
2002-10-14,36.0400,841.4400
2002-10-15,34.0200,881.2700
2002-10-16,36.0000,860.0200
2002-10-17,34.1000,879.2000
2002-10-18,33.5300,884.3900
2002-10-21,33.1100,899.7200
2002-10-22,34.0900,890.1600
2002-10-23,33.2000,896.1400
2002-10-24,34.0300,882.5000
2002-10-25,30.0000,897.6500
2002-10-28,31.0700,890.2300
2002-10-29,32.2700,882.1500
2002-10-30,31.2300,890.7100
2002-10-31,31.1400,885.7600
2002-11-01,29.3000,900.9600
2002-11-04,30.8200,908.3500
2002-11-05,31.2300,915.3900
2002-11-06,30.7300,923.7600
2002-11-07,31.4200,902.6500
2002-11-08,29.4100,894.7400
2002-11-11,31.3000,876.1900
2002-11-12,30.5800,882.9500
2002-11-13,31.2400,882.5300
2002-11-14,28.6700,904.2700
2002-11-15,26.6500,909.8300
2002-11-18,27.6600,900.3600
2002-11-19,27.4100,896.7400
2002-11-20,25.3200,914.1500
2002-11-21,23.8100,933.7600
2002-11-22,23.1600,930.5500
2002-11-25,24.0700,932.8700
2002-11-26,25.9700,913.3100
2002-11-27,27.2500,938.8700
2002-11-29,27.5000,936.3100
2002-12-02,27.4600,934.5300
2002-12-03,28.3300,920.7500
2002-12-04,28.9200,917.5800
2002-12-05,30.1000,906.5500
2002-12-06,28.8800,912.2300
2002-12-09,30.7800,892.0000
2002-12-10,28.7600,904.4500
2002-12-11,27.7600,904.9600
2002-12-12,27.2900,901.5800
2002-12-13,28.1800,889.4800
2002-12-16,26.2400,910.4000
2002-12-17,26.6600,902.9900
2002-12-18,28.2900,891.1200
2002-12-19,30.2100,884.2500
2002-12-20,26.7100,895.7600
2002-12-23,26.2000,897.3800
2002-12-24,26.4900,892.4700
2002-12-26,27.3700,889.6600
2002-12-27,29.5500,875.4000
2002-12-30,29.6200,879.3900
2002-12-31,28.6200,879.8200
2003-01-02,25.3900,909.0300
2003-01-03,24.6800,908.5900
2003-01-06,24.9100,929.0100
2003-01-07,25.1300,922.9300
2003-01-08,25.5300,909.9300
2003-01-09,24.2500,927.5700
2003-01-10,24.3200,927.5700
2003-01-13,24.9000,926.2600
2003-01-14,24.5700,931.6600
2003-01-15,25.5100,918.2200
2003-01-16,25.0100,914.6000
2003-01-17,25.7000,901.7800
2003-01-21,27.5900,887.6200
2003-01-22,29.0100,878.3600
2003-01-23,27.5300,887.3400
2003-01-24,31.5100,861.4000
2003-01-27,34.6900,847.4800
2003-01-28,31.9300,858.5400
2003-01-29,31.2600,864.3600
2003-01-30,31.3200,844.6100
2003-01-31,31.1700,855.7000
2003-02-03,31.0200,860.3200
2003-02-04,32.7600,848.2000
2003-02-05,33.0400,843.5900
2003-02-06,33.3500,838.1500
2003-02-07,34.0100,829.6900
2003-02-10,33.9900,835.9700
2003-02-11,33.6800,829.2000
2003-02-12,34.3300,818.6800
2003-02-13,33.7000,817.3700
2003-02-14,32.6200,834.8900
2003-02-18,31.1100,851.1700
2003-02-19,31.3100,845.1300
2003-02-20,31.1600,837.1000
2003-02-21,30.2500,848.1700
2003-02-24,31.9800,832.5800
2003-02-25,31.7400,838.5700
2003-02-26,31.9400,827.5500
2003-02-27,30.5300,837.2800
2003-02-28,29.6300,841.1500
2003-03-03,30.4300,834.8100
2003-03-04,31.8300,821.9900
2003-03-05,30.3800,829.8500
2003-03-06,31.3700,822.1000
2003-03-07,31.0800,828.8900
2003-03-10,33.3100,807.4800
2003-03-11,33.6100,800.7300
2003-03-12,33.5100,804.1900
2003-03-13,31.7600,831.9000
2003-03-14,30.9800,833.2700
2003-03-17,31.7500,862.7900
2003-03-18,30.4300,866.4500
2003-03-19,31.5400,874.0200
2003-03-20,30.4400,875.6700
2003-03-21,28.6700,895.7900
2003-03-24,30.3900,864.2300
2003-03-25,28.7500,874.7400
2003-03-26,28.2300,869.9500
2003-03-27,27.9600,868.5200
2003-03-28,27.7500,863.5000
2003-03-31,29.1500,848.1800
2003-04-01,28.3600,858.4800
2003-04-02,28.0200,880.9000
2003-04-03,28.2100,876.4500
2003-04-04,29.1300,878.8500
2003-04-07,28.4500,879.9300
2003-04-08,27.1300,878.2900
2003-04-09,27.1100,865.9900
2003-04-10,25.6000,871.5800
2003-04-11,24.4400,868.3000
2003-04-14,23.4100,885.2300
2003-04-15,22.5600,890.8100
2003-04-16,22.5200,879.9100
2003-04-17,21.5000,893.5800
2003-04-21,21.9500,892.0100
2003-04-22,20.7000,911.3700
2003-04-23,20.8000,919.0200
2003-04-24,20.3300,911.4300
2003-04-25,20.8000,898.8100
2003-04-28,20.8400,914.8400
2003-04-29,20.7600,917.8400
2003-04-30,21.2100,916.9200
2003-05-01,21.5900,916.3000
2003-05-02,20.6300,930.0800
2003-05-05,21.1300,926.5500
2003-05-06,20.8000,934.3900
2003-05-07,21.0000,929.6200
2003-05-08,21.2400,920.2700
2003-05-09,19.6900,933.4100
2003-05-12,19.5200,945.1100
2003-05-13,19.9100,942.3000
2003-05-14,20.0000,939.2800
2003-05-15,19.2400,946.6700
2003-05-16,18.4000,944.3000
2003-05-19,20.5100,920.7700
2003-05-20,21.2900,919.7300
2003-05-21,21.2100,923.4200
2003-05-22,19.7800,931.8700
2003-05-23,19.1700,933.2200
2003-05-27,19.9900,951.4800
2003-05-28,20.0300,953.2200
2003-05-29,20.4300,949.6400
2003-05-30,19.4700,963.5900
2003-06-02,20.8500,967.0000
2003-06-03,20.8400,971.5600
2003-06-04,20.6200,986.2400
2003-06-05,20.8300,990.1400
2003-06-06,21.2500,987.7600
2003-06-09,22.1500,975.9300
2003-06-10,20.6400,984.8400
2003-06-11,20.2100,997.4800
2003-06-12,20.4100,998.5100
2003-06-13,20.6600,988.6100
2003-06-16,20.2200,1010.7400
2003-06-17,20.0100,1011.6600
2003-06-18,19.7600,1010.0900
2003-06-19,19.8000,994.7000
2003-06-20,19.1400,995.6900
2003-06-23,20.5800,981.6400
2003-06-24,20.7500,983.4500
2003-06-25,20.8100,975.3200
2003-06-26,19.4000,985.8200
2003-06-27,19.1600,976.2200
2003-06-30,19.5200,974.5000
2003-07-01,19.4600,982.3200
2003-07-02,19.0300,993.7500
2003-07-03,19.3900,985.7000
2003-07-07,20.0600,1004.4200
2003-07-08,19.4800,1007.8400
2003-07-09,18.9300,1002.2100
2003-07-10,19.1900,988.7000
2003-07-11,18.4700,998.1400
2003-07-14,19.5900,1003.8600
2003-07-15,19.5500,1000.4200
2003-07-16,19.7600,994.0900
2003-07-17,20.2200,981.7300
2003-07-18,19.1100,993.3200
2003-07-21,19.7800,978.8000
2003-07-22,19.1700,988.1100
2003-07-23,18.6400,988.6100
2003-07-24,18.6000,981.6000
2003-07-25,17.7500,998.6800
2003-07-28,18.3600,996.5200
2003-07-29,18.6700,989.2800
2003-07-30,18.8500,987.4900
2003-07-31,19.4900,990.3100
2003-08-01,20.7500,980.1500
2003-08-04,21.2700,982.8200
2003-08-05,22.6800,965.4600
2003-08-06,21.5000,967.0800
2003-08-07,20.2600,974.1200
2003-08-08,19.5900,977.5900
2003-08-11,19.7500,980.5900
2003-08-12,17.9400,990.3500
2003-08-13,18.7700,984.0300
2003-08-14,18.4700,990.5100
2003-08-15,18.2700,990.6700
2003-08-18,18.1800,999.7400
2003-08-19,17.8600,1002.3500
2003-08-20,17.8200,1000.3000
2003-08-21,17.8400,1003.2700
2003-08-22,18.5500,993.0600
2003-08-25,19.5300,993.7100
2003-08-26,19.4900,996.7300
2003-08-27,19.1300,996.7900
2003-08-28,18.4800,1002.8400
2003-08-29,18.6300,1008.0100
2003-09-02,19.0200,1021.9900
2003-09-03,19.4400,1026.2700
2003-09-04,18.7100,1027.9700
2003-09-05,18.1700,1021.3900
2003-09-08,18.2600,1031.6400
2003-09-09,18.8500,1023.1700
2003-09-10,20.0100,1010.9200
2003-09-11,19.2500,1016.4200
2003-09-12,18.6800,1018.6300
2003-09-15,19.2800,1014.8100
2003-09-16,18.0300,1029.3199
2003-09-17,18.1500,1025.9700
2003-09-18,17.5700,1039.5800
2003-09-19,17.5400,1036.3000
2003-09-22,19.6500,1022.8200
2003-09-23,19.4700,1029.0300
2003-09-24,21.2200,1009.3800
2003-09-25,22.2600,1003.2700
2003-09-26,22.2300,996.8500
2003-09-29,21.6700,1006.5800
2003-09-30,22.7200,995.9700
2003-10-01,21.0700,1018.2200
2003-10-02,20.8000,1020.2400
2003-10-03,19.5000,1029.8500
2003-10-06,19.5100,1034.3500
2003-10-07,19.4100,1039.2500
2003-10-08,19.1800,1033.7800
2003-10-09,18.8200,1038.7300
2003-10-10,18.4500,1038.0601
2003-10-13,17.5500,1045.3500
2003-10-14,17.3700,1049.4800
2003-10-15,17.6900,1046.7600
2003-10-16,17.1900,1050.0699
2003-10-17,17.6200,1039.3199
2003-10-20,17.0400,1044.6801
2003-10-21,16.5500,1046.0300
2003-10-22,17.6700,1030.3600
2003-10-23,17.6800,1033.7700
2003-10-24,17.7100,1028.9100
2003-10-27,18.0500,1031.1300
2003-10-28,16.8200,1046.7900
2003-10-29,16.4300,1048.1100
2003-10-30,16.3300,1046.9399
2003-10-31,16.1000,1050.7100
2003-11-03,16.5500,1059.0200
2003-11-04,16.5500,1053.2500
2003-11-05,16.8600,1051.8101
2003-11-06,16.7400,1058.0500
2003-11-07,16.9300,1053.2100
2003-11-10,17.6200,1047.1100
2003-11-11,17.5400,1046.5699
2003-11-12,16.7500,1058.5300
2003-11-13,16.4700,1058.4100
2003-11-14,16.9400,1050.3500
2003-11-17,18.6000,1043.6300
2003-11-18,19.1100,1034.1500
2003-11-19,18.8000,1042.4399
2003-11-20,19.4800,1033.6500
2003-11-21,18.9800,1035.2800
2003-11-24,17.4400,1052.0800
2003-11-25,16.7100,1053.8900
2003-11-26,16.2300,1058.4500
2003-11-28,16.3200,1058.2000
2003-12-01,16.7700,1070.1200
2003-12-02,16.2700,1066.6200
2003-12-03,16.6300,1064.7300
2003-12-04,16.3000,1069.7200
2003-12-05,17.0900,1061.5000
2003-12-08,16.5400,1069.3000
2003-12-09,17.6300,1060.1801
2003-12-10,17.8700,1059.0500
2003-12-11,16.7300,1071.2100
2003-12-12,16.4100,1074.1400
2003-12-15,17.2300,1068.0400
2003-12-16,15.9300,1075.1300
2003-12-17,15.5800,1076.4800
2003-12-18,16.1600,1089.1801
2003-12-19,16.4200,1088.6600
2003-12-22,16.9400,1092.9399
2003-12-23,16.4900,1096.0200
2003-12-24,16.6600,1094.0400
2003-12-26,17.4500,1095.8900
2003-12-29,17.0900,1109.4800
2003-12-30,17.6800,1109.6400
2003-12-31,18.3100,1111.9200
2004-01-02,18.2200,1108.4800
2004-01-05,17.4900,1122.2200
2004-01-06,16.7300,1123.6700
2004-01-07,15.5000,1126.3300
2004-01-08,15.6100,1131.9200
2004-01-09,16.7500,1121.8600
2004-01-12,16.8200,1127.2300
2004-01-13,18.0400,1121.2200
2004-01-14,16.7500,1130.5200
2004-01-15,15.5600,1132.0500
2004-01-16,15.0000,1139.8300
2004-01-20,15.2100,1138.7700
2004-01-21,14.3400,1147.6200
2004-01-22,14.7100,1143.9399
2004-01-23,14.8400,1141.5500
2004-01-26,14.5500,1155.3700
2004-01-27,15.3500,1144.0500
2004-01-28,16.7800,1128.4800
2004-01-29,17.1400,1134.1100
2004-01-30,16.6300,1131.1300
2004-02-02,17.1100,1135.2600
2004-02-03,17.3400,1136.0300
2004-02-04,17.8700,1126.5200
2004-02-05,17.7100,1128.5900
2004-02-06,16.0000,1142.7600
2004-02-09,16.3900,1139.8101
2004-02-10,15.9400,1145.5400
2004-02-11,15.3900,1157.7600
2004-02-12,15.3100,1152.1100
2004-02-13,15.5800,1145.8101
2004-02-17,15.4000,1156.9900
2004-02-18,15.5900,1151.8199
2004-02-19,15.8000,1147.0601
2004-02-20,16.0400,1144.1100
2004-02-23,16.2900,1140.9900
2004-02-24,15.9000,1139.0900
2004-02-25,14.9300,1143.6700
2004-02-26,14.8300,1144.9100
2004-02-27,14.5500,1144.9399
2004-03-01,14.4400,1155.9700
2004-03-02,14.8600,1149.1000
2004-03-03,14.5500,1151.0300
2004-03-04,14.4000,1154.8700
2004-03-05,14.4800,1156.8600
2004-03-08,15.7900,1147.2000
2004-03-09,16.6000,1140.5800
2004-03-10,18.6700,1123.8900
2004-03-11,20.6700,1106.7800
2004-03-12,18.3000,1120.5699
2004-03-15,21.1300,1104.4900
2004-03-16,20.3400,1110.7000
2004-03-17,18.1100,1123.7500
2004-03-18,18.5300,1122.3199
2004-03-19,19.1500,1109.7800
2004-03-22,21.5800,1095.4000
2004-03-23,20.6700,1093.9500
2004-03-24,19.8100,1091.3300
2004-03-25,17.8800,1109.1899
2004-03-26,17.3300,1108.0601
2004-03-29,16.5000,1122.4700
2004-03-30,16.2800,1127.0000
2004-03-31,16.7400,1126.2100
2004-04-01,16.6500,1132.1700
2004-04-02,15.6400,1141.8101
2004-04-05,14.9700,1150.5699
2004-04-06,15.3200,1148.1600
2004-04-07,15.7600,1140.5300
2004-04-08,16.2600,1139.3199
2004-04-12,15.2800,1145.2000
2004-04-13,17.2600,1129.4399
2004-04-14,15.6200,1128.1700
2004-04-15,15.7400,1128.8400
2004-04-16,14.9400,1134.6100
2004-04-19,15.4200,1135.8199
2004-04-20,16.6700,1118.1500
2004-04-21,15.6000,1124.0900
2004-04-22,14.6100,1139.9301
2004-04-23,14.0100,1140.6000
2004-04-26,14.7700,1135.5300
2004-04-27,15.0700,1138.1100
2004-04-28,16.2900,1122.4100
2004-04-29,16.6000,1113.8900
2004-04-30,17.1900,1107.3000
2004-05-03,16.6200,1117.4900
2004-05-04,16.5500,1119.5500
2004-05-05,15.7700,1121.5300
2004-05-06,17.0500,1113.9900
2004-05-07,18.1300,1098.7000
2004-05-10,19.7700,1087.1200
2004-05-11,18.5700,1095.4500
2004-05-12,18.1400,1097.2800
2004-05-13,18.8600,1096.4399
2004-05-14,18.4700,1095.7000
2004-05-17,19.9600,1084.1000
2004-05-18,19.3300,1091.4900
2004-05-19,18.9300,1088.6801
2004-05-20,18.6700,1089.1899
2004-05-21,18.4900,1093.5601
2004-05-24,18.0800,1095.4100
2004-05-25,15.9600,1113.0500
2004-05-26,15.9700,1114.9399
2004-05-27,15.2800,1121.2800
2004-05-28,15.5000,1120.6801
2004-06-01,16.3000,1121.2000
2004-06-02,16.0800,1124.9900
2004-06-03,17.0300,1116.6400
2004-06-04,16.7800,1122.5000
2004-06-07,15.3900,1140.4200
2004-06-08,15.0100,1142.1801
2004-06-09,15.3900,1131.3300
2004-06-10,15.0400,1136.4700
2004-06-14,16.0700,1125.2900
2004-06-15,15.0500,1132.0100
2004-06-16,14.7900,1133.5601
2004-06-17,15.1500,1132.0500
2004-06-18,14.9900,1135.0200
2004-06-21,15.2600,1130.3000
2004-06-22,14.3100,1134.4100
2004-06-23,13.9800,1144.0601
2004-06-24,14.8100,1140.6500
2004-06-25,15.1900,1134.4301
2004-06-28,16.0700,1133.3500
2004-06-29,15.4700,1136.2000
2004-06-30,14.3400,1140.8400
2004-07-01,15.2000,1128.9399
2004-07-02,15.0800,1125.3800
2004-07-06,16.2500,1116.2100
2004-07-07,15.8100,1118.3300
2004-07-08,16.2000,1109.1100
2004-07-09,15.7800,1112.8101
2004-07-12,14.9600,1114.3500
2004-07-13,14.4600,1115.1400
2004-07-14,13.7600,1111.4700
2004-07-15,14.7100,1106.6899
2004-07-16,14.3400,1101.3900
2004-07-19,15.1700,1100.9000
2004-07-20,14.1700,1108.6700
2004-07-21,16.4100,1093.8800
2004-07-22,15.7500,1096.8400
2004-07-23,16.5000,1086.2000
2004-07-26,17.3000,1084.0699
2004-07-27,16.5500,1094.8300
2004-07-28,16.1500,1095.4200
2004-07-29,15.6800,1100.4301
2004-07-30,15.3200,1101.7200
2004-08-02,15.3700,1106.6200
2004-08-03,16.0300,1099.6899
2004-08-04,16.2100,1098.6300
2004-08-05,18.3200,1080.7000
2004-08-06,19.3400,1063.9700
2004-08-09,18.8900,1065.2200
2004-08-10,17.4700,1079.0400
2004-08-11,18.0400,1075.7900
2004-08-12,19.0800,1063.2300
2004-08-13,17.9800,1064.8000
2004-08-16,17.5700,1079.3400
2004-08-17,17.0200,1081.7100
2004-08-18,16.2300,1095.1700
2004-08-19,16.9600,1091.2300
2004-08-20,16.0000,1098.3500
2004-08-23,15.8800,1095.6801
2004-08-24,15.3300,1096.1899
2004-08-25,14.9800,1104.9600
2004-08-26,14.9100,1105.0900
2004-08-27,14.7100,1107.7700
2004-08-30,15.4400,1099.1500
2004-08-31,15.2900,1104.2400
2004-09-01,14.9100,1105.9100
2004-09-02,14.2800,1118.3101
2004-09-03,13.9100,1113.6300
2004-09-07,14.0700,1121.3000
2004-09-08,14.0600,1116.2700
2004-09-09,14.0100,1118.3800
2004-09-10,13.7600,1123.9200
2004-09-13,13.1700,1125.8199
2004-09-14,13.5600,1128.3300
2004-09-15,14.6400,1120.3700
2004-09-16,14.3900,1123.5000
2004-09-17,14.0300,1128.5500
2004-09-20,14.4300,1122.2000
2004-09-21,13.6600,1129.3000
2004-09-22,14.7400,1113.5601
2004-09-23,14.8000,1108.3600
2004-09-24,14.2800,1110.1100
2004-09-27,14.6200,1103.5200
2004-09-28,13.8300,1110.0601
2004-09-29,13.2100,1114.8000
2004-09-30,13.3400,1114.5800
2004-10-01,12.7500,1131.5000
2004-10-04,13.4100,1135.1700
2004-10-05,13.9500,1134.4800
2004-10-06,13.2800,1142.0500
2004-10-07,14.5000,1130.6500
2004-10-08,15.0500,1122.1400
2004-10-11,14.7100,1124.3900
2004-10-12,15.0500,1121.8400
2004-10-13,15.4200,1113.6500
2004-10-14,16.4300,1103.2900
2004-10-15,15.0400,1108.2000
2004-10-18,14.7100,1114.0200
2004-10-19,15.1300,1103.2300
2004-10-20,14.8500,1103.6600
2004-10-21,14.5400,1106.4900
2004-10-22,15.2800,1095.7400
2004-10-25,16.5800,1094.8000
2004-10-26,16.3900,1111.0900
2004-10-27,15.7200,1125.4000
2004-10-28,15.3900,1127.4399
2004-10-29,16.2700,1130.2000
2004-11-01,16.2700,1130.5100
2004-11-02,16.1800,1130.5601
2004-11-03,14.0400,1143.2000
2004-11-04,13.9700,1161.6700
2004-11-05,13.8400,1166.1700
2004-11-08,13.8000,1164.8900
2004-11-09,13.6100,1164.0800
2004-11-10,13.0800,1162.9100
2004-11-11,13.0400,1173.4800
2004-11-12,13.3300,1184.1700
2004-11-15,13.3800,1183.8101
2004-11-16,13.2100,1175.4301
2004-11-17,13.2100,1181.9399
2004-11-18,12.9800,1183.5500
2004-11-19,13.5000,1170.3400
2004-11-22,12.9700,1177.2400
2004-11-23,12.6700,1176.9399
2004-11-24,12.7200,1181.7600
2004-11-26,12.7800,1182.6500
2004-11-29,13.3000,1178.5699
2004-11-30,13.2400,1173.8199
2004-12-01,12.9700,1191.3700
2004-12-02,12.9800,1190.3300
2004-12-03,12.9600,1191.1700
2004-12-06,13.1900,1190.2500
2004-12-07,13.6700,1177.0699
2004-12-08,13.1900,1182.8101
2004-12-09,12.8800,1189.2400
2004-12-10,12.7600,1188.0000
2004-12-13,12.5400,1198.6801
2004-12-14,12.7300,1203.3800
2004-12-15,12.3500,1205.7200
2004-12-16,12.2700,1203.2100
2004-12-17,11.9500,1194.2000
2004-12-20,11.8300,1194.6500
2004-12-21,11.5500,1205.4500
2004-12-22,11.4500,1209.5699
2004-12-23,11.2300,1210.1300
2004-12-27,12.1400,1204.9200
2004-12-28,12.0000,1213.5400
2004-12-29,11.6200,1213.4500
2004-12-30,12.5600,1213.5500
2004-12-31,13.2900,1211.9200
2005-01-03,14.0800,1202.0800
2005-01-04,13.9800,1188.0500
2005-01-05,14.0900,1183.7400
2005-01-06,13.5800,1187.8900
2005-01-07,13.4900,1186.1899
2005-01-10,13.2300,1190.2500
2005-01-11,13.1900,1182.9900
2005-01-12,12.5600,1187.7000
2005-01-13,12.8400,1177.4500
2005-01-14,12.4300,1184.5200
2005-01-18,12.4700,1195.9800
2005-01-19,13.1800,1184.6300
2005-01-20,13.8300,1175.4100
2005-01-21,14.3600,1167.8700
2005-01-24,14.6500,1163.7500
2005-01-25,14.0600,1168.4100
2005-01-26,13.4400,1174.0699
2005-01-27,13.2400,1174.5500
2005-01-28,13.2400,1171.3600
2005-01-31,12.8200,1181.2700
2005-02-01,12.0300,1189.4100
2005-02-02,11.6600,1193.1899
2005-02-03,11.7900,1189.8900
2005-02-04,11.2100,1203.0300
2005-02-07,11.7300,1201.7200
2005-02-08,11.6000,1202.3000
2005-02-09,12.0000,1191.9900
2005-02-10,11.5100,1197.0100
2005-02-11,11.4300,1205.3000
2005-02-14,11.5200,1206.1400
2005-02-15,11.2700,1210.1200
2005-02-16,11.1000,1210.3400
2005-02-17,11.7700,1200.7500
2005-02-18,11.1800,1201.5900
2005-02-22,13.1400,1184.1600
2005-02-23,12.3900,1190.8000
2005-02-24,11.5700,1200.2000
2005-02-25,11.4900,1211.3700
2005-02-28,12.0800,1203.6000
2005-03-01,12.0400,1210.4100
2005-03-02,12.5000,1210.0800
2005-03-03,12.9300,1210.4700
2005-03-04,11.9400,1222.1200
2005-03-07,12.2600,1225.3101
2005-03-08,12.4000,1219.4301
2005-03-09,12.7000,1207.0100
2005-03-10,12.4900,1209.2500
2005-03-11,12.8000,1200.0800
2005-03-14,12.3900,1206.8300
2005-03-15,13.1500,1197.7500
2005-03-16,13.4900,1188.0699
2005-03-17,13.2900,1190.2100
2005-03-18,13.1400,1189.6500
2005-03-21,13.6100,1183.7800
2005-03-22,14.2700,1171.7100
2005-03-23,14.0600,1172.5300
2005-03-24,13.4200,1171.4200
2005-03-28,13.7500,1174.2800
2005-03-29,14.4900,1165.3600
2005-03-30,13.6400,1181.4100
2005-03-31,14.0200,1180.5900
2005-04-01,14.0900,1172.9200
2005-04-04,14.1100,1176.1200
2005-04-05,13.6800,1181.3900
2005-04-06,13.1500,1184.0699
2005-04-07,12.3300,1191.1400
2005-04-08,12.6200,1181.2000
2005-04-11,11.9800,1181.2100
2005-04-12,11.3000,1187.7600
2005-04-13,13.3100,1173.7900
2005-04-14,14.5300,1162.0500
2005-04-15,17.7400,1142.6200
2005-04-18,16.5600,1145.9800
2005-04-19,14.9600,1152.7800
2005-04-20,16.9200,1137.5000
2005-04-21,14.4100,1159.9500
2005-04-22,15.3800,1152.1200
2005-04-25,14.6200,1162.1000
2005-04-26,14.9100,1151.8300
2005-04-27,14.8700,1156.3800
2005-04-28,16.8600,1143.2200
2005-04-29,15.3100,1156.8500
2005-05-02,15.1200,1162.1600
2005-05-03,14.5300,1161.1700
2005-05-04,13.8500,1175.6500
2005-05-05,13.9800,1172.6300
2005-05-06,14.0500,1171.3500
2005-05-09,13.7500,1178.8400
2005-05-10,14.9100,1166.2200
2005-05-11,14.4500,1171.1100
2005-05-12,16.1200,1159.3600
2005-05-13,16.3200,1154.0500
2005-05-16,15.6800,1165.6899
2005-05-17,14.5700,1173.8000
2005-05-18,13.6300,1185.5601
2005-05-19,13.3200,1191.0800
2005-05-20,13.1400,1189.2800
2005-05-23,12.9500,1193.8600
2005-05-24,12.6900,1194.0699
2005-05-25,12.5800,1190.0100
2005-05-26,12.2400,1197.6200
2005-05-27,12.1500,1198.7800
2005-05-31,13.2900,1191.5000
2005-06-01,12.3600,1202.2200
2005-06-02,11.8400,1204.2900
2005-06-03,12.1500,1196.0200
2005-06-06,12.2800,1197.5100
2005-06-07,12.3900,1197.2600
2005-06-08,12.7000,1194.6700
2005-06-09,12.0800,1200.9301
2005-06-10,11.9600,1198.1100
2005-06-13,11.6500,1200.8199
2005-06-14,11.7900,1203.9100
2005-06-15,11.4600,1206.5800
2005-06-16,11.1500,1210.9600
2005-06-17,11.4800,1216.9600
2005-06-20,11.4700,1216.1000
2005-06-21,11.0800,1213.6100
2005-06-22,11.0500,1213.8800
2005-06-23,12.1300,1200.7300
2005-06-24,12.1800,1191.5699
2005-06-27,12.5200,1190.6899
2005-06-28,11.5800,1201.5699
2005-06-29,11.7700,1199.8500
2005-06-30,12.0400,1191.3300
2005-07-01,11.4000,1194.4399
2005-07-05,11.6800,1204.9900
2005-07-06,12.2700,1194.9399
2005-07-07,12.4900,1197.8700
2005-07-08,11.4500,1211.8600
2005-07-11,11.2800,1219.4399
2005-07-12,10.9500,1222.2100
2005-07-13,10.8400,1223.2900
2005-07-14,10.8100,1226.5000
2005-07-15,10.3300,1227.9200
2005-07-18,10.7700,1221.1300
2005-07-19,10.4500,1229.3500
2005-07-20,10.2300,1235.2000
2005-07-21,10.9700,1227.0400
2005-07-22,10.5200,1233.6801
2005-07-25,11.1000,1229.0300
2005-07-26,10.9900,1231.1600
2005-07-27,10.3600,1236.7900
2005-07-28,10.5200,1243.7200
2005-07-29,11.5700,1234.1801
2005-08-01,12.0800,1235.3500
2005-08-02,11.7500,1244.1200
2005-08-03,11.8300,1245.0400
2005-08-04,12.5200,1235.8600
2005-08-05,12.4800,1226.4200
2005-08-08,13.2100,1223.1300
2005-08-09,12.4000,1231.3800
2005-08-10,12.3800,1229.1300
2005-08-11,12.4200,1237.8101
2005-08-12,12.7400,1230.3900
2005-08-15,12.2600,1233.8700
2005-08-16,13.5200,1219.3400
2005-08-17,13.3000,1220.2400
2005-08-18,13.4200,1219.0200
2005-08-19,13.4200,1219.7100
2005-08-22,13.4200,1221.7300
2005-08-23,13.3400,1217.5900
2005-08-24,14.1700,1209.5900
2005-08-25,13.7300,1212.3700
2005-08-26,13.7200,1205.1000
2005-08-29,13.5200,1212.2800
2005-08-30,13.6500,1208.4100
2005-08-31,12.6000,1220.3300
2005-09-01,13.1500,1221.5900
2005-09-02,13.5700,1218.0200
2005-09-06,12.9300,1233.3900
2005-09-07,12.5200,1236.3600
2005-09-08,12.9300,1231.6700
2005-09-09,11.9800,1241.4800
2005-09-12,11.6500,1240.5601
2005-09-13,12.3900,1231.2000
2005-09-14,12.9100,1227.1600
2005-09-15,12.4900,1227.7300
2005-09-16,11.2200,1237.9100
2005-09-19,12.1400,1231.0200
2005-09-20,12.6400,1221.3400
2005-09-21,13.7900,1210.2000
2005-09-22,13.3300,1214.6200
2005-09-23,12.9600,1215.2900
2005-09-26,13.0400,1215.6300
2005-09-27,12.7600,1215.6600
2005-09-28,12.6300,1216.8900
2005-09-29,12.2400,1227.6801
2005-09-30,11.9200,1228.8101
2005-10-03,12.4600,1226.7000
2005-10-04,13.2000,1214.4700
2005-10-05,14.5500,1196.3900
2005-10-06,14.9600,1191.4900
2005-10-07,14.5900,1195.9000
2005-10-10,15.5500,1187.3300
2005-10-11,15.6300,1184.8700
2005-10-12,16.2200,1177.6801
2005-10-13,16.4700,1176.8400
2005-10-14,14.8700,1186.5699
2005-10-17,14.6700,1190.1000
2005-10-18,15.3300,1178.1400
2005-10-19,13.5000,1195.7600
2005-10-20,16.1100,1177.8000
2005-10-21,16.1300,1179.5900
2005-10-24,14.7400,1199.3800
2005-10-25,14.5300,1196.5400
2005-10-26,14.5900,1191.3800
2005-10-27,16.0200,1178.9000
2005-10-28,14.2500,1198.4100
2005-10-31,15.3200,1207.0100
2005-11-01,14.8500,1202.7600
2005-11-02,13.4800,1214.7600
2005-11-03,13.0000,1219.9399
2005-11-04,13.1700,1220.1400
2005-11-07,13.1000,1222.8101
2005-11-08,13.0800,1218.5900
2005-11-09,12.8000,1220.6500
2005-11-10,11.9000,1230.9600
2005-11-11,11.6300,1234.7200
2005-11-14,12.1800,1233.7600
2005-11-15,12.2300,1229.0100
2005-11-16,12.2600,1231.2100
2005-11-17,11.2500,1242.8000
2005-11-18,11.1200,1248.2700
2005-11-21,10.8200,1254.8500
2005-11-22,10.6000,1261.2300
2005-11-23,10.9600,1265.6100
2005-11-25,10.8800,1268.2500
2005-11-28,11.8400,1257.4600
2005-11-29,11.8900,1257.4800
2005-11-30,12.0600,1249.4800
2005-12-01,11.2400,1264.6700
2005-12-02,11.0100,1265.0800
2005-12-05,11.6000,1262.0900
2005-12-06,11.5200,1263.7000
2005-12-07,12.1800,1257.3700
2005-12-08,12.2100,1255.8400
2005-12-09,11.6900,1259.3700
2005-12-12,11.4700,1260.4301
2005-12-13,11.1100,1267.4301
2005-12-14,10.4800,1272.7400
2005-12-15,10.7300,1270.9399
2005-12-16,10.6800,1267.3199
2005-12-19,11.3800,1259.9200
2005-12-20,11.1900,1259.6200
2005-12-21,10.8100,1262.7900
2005-12-22,10.2900,1268.1200
2005-12-23,10.2700,1268.6600
2005-12-27,11.5700,1256.5400
2005-12-28,11.3500,1258.1700
2005-12-29,11.6100,1254.4200
2005-12-30,12.0700,1248.2900
2006-01-03,11.1400,1268.8000
2006-01-04,11.3700,1273.4600
2006-01-05,11.3100,1273.4800
2006-01-06,11.0000,1285.4500
2006-01-09,11.1300,1290.1500
2006-01-10,10.8600,1289.6899
2006-01-11,10.9400,1294.1801
2006-01-12,11.2000,1286.0601
2006-01-13,11.2300,1287.6100
2006-01-17,11.9100,1282.9301
2006-01-18,12.2500,1277.9301
2006-01-19,11.9800,1285.0400
2006-01-20,14.5600,1261.4900
2006-01-23,13.9300,1263.8199
2006-01-24,13.3100,1266.8600
2006-01-25,12.8700,1264.6801
2006-01-26,12.4200,1273.8300
2006-01-27,11.9700,1283.7200
2006-01-30,12.3900,1285.1899
2006-01-31,12.9500,1280.0800
2006-02-01,12.3600,1282.4600
2006-02-02,13.2300,1270.8400
2006-02-03,12.9600,1264.0300
2006-02-06,13.0400,1265.0200
2006-02-07,13.5900,1254.7800
2006-02-08,12.8300,1265.6500
2006-02-09,13.1200,1263.7800
2006-02-10,12.8700,1266.9900
2006-02-13,13.3500,1262.8600
2006-02-14,12.2500,1275.5300
2006-02-15,12.3100,1280.0000
2006-02-16,11.4800,1289.3800
2006-02-17,12.0100,1287.2400
2006-02-21,12.4100,1283.0300
2006-02-22,11.8800,1292.6700
2006-02-23,11.8700,1287.7900
2006-02-24,11.4600,1289.4301
2006-02-27,11.5900,1294.1200
2006-02-28,12.3400,1280.6600
2006-03-01,11.5400,1291.2400
2006-03-02,11.7200,1289.1400
2006-03-03,11.9600,1287.2300
2006-03-06,12.7400,1278.2600
2006-03-07,12.6600,1275.8800
2006-03-08,12.3200,1278.4700
2006-03-09,12.6800,1272.2300
2006-03-10,11.8500,1281.4200
2006-03-13,11.3700,1284.1300
2006-03-14,10.7400,1297.4800
2006-03-15,11.3500,1303.0200
2006-03-16,11.9800,1305.3300
2006-03-17,12.1200,1307.2500
2006-03-20,11.7900,1305.0800
2006-03-21,11.6200,1297.2300
2006-03-22,11.2100,1305.0400
2006-03-23,11.1700,1301.6700
2006-03-24,11.1900,1302.9500
2006-03-27,11.4600,1301.6100
2006-03-28,11.5800,1293.2300
2006-03-29,10.9500,1302.8900
2006-03-30,11.5700,1300.2500
2006-03-31,11.3900,1294.8700
2006-04-03,11.5700,1297.8101
2006-04-04,11.1400,1305.9301
2006-04-05,11.1300,1311.5601
2006-04-06,11.4500,1309.0400
2006-04-07,12.2600,1295.5000
2006-04-10,12.1900,1296.6200
2006-04-11,13.0000,1286.5699
2006-04-12,12.7600,1288.1200
2006-04-13,12.3800,1289.1200
2006-04-17,12.5800,1285.3300
2006-04-18,11.4000,1307.2800
2006-04-19,11.3200,1309.9301
2006-04-20,11.6400,1311.4600
2006-04-21,11.5900,1311.2800
2006-04-24,11.7500,1308.1100
2006-04-25,11.7500,1301.7400
2006-04-26,11.7600,1305.4100
2006-04-27,11.8400,1309.7200
2006-04-28,11.5900,1310.6100
2006-05-01,12.5400,1305.1899
2006-05-02,11.9900,1313.2100
2006-05-03,11.9900,1308.1200
2006-05-04,11.8600,1312.2500
2006-05-05,11.6200,1325.7600
2006-05-08,12.0000,1324.6600
2006-05-09,11.9900,1325.1400
2006-05-10,11.7800,1322.8500
2006-05-11,12.4900,1305.9200
2006-05-12,14.1900,1291.2400
2006-05-15,13.5700,1294.5000
2006-05-16,13.3500,1292.0800
2006-05-17,16.2600,1270.3199
2006-05-18,16.9900,1261.8101
2006-05-19,17.1800,1267.0300
2006-05-22,17.7200,1262.0699
2006-05-23,18.2600,1256.5800
2006-05-24,17.3600,1258.5699
2006-05-25,15.5000,1272.8800
2006-05-26,14.2600,1280.1600
2006-05-30,18.6600,1259.8700
2006-05-31,16.4400,1270.0900
2006-06-01,14.5200,1285.7100
2006-06-02,14.3200,1288.2200
2006-06-05,16.6500,1265.2900
2006-06-06,17.3400,1263.8500
2006-06-07,17.8000,1256.1500
2006-06-08,18.3500,1257.9301
2006-06-09,18.1200,1252.3000
2006-06-12,20.9600,1237.4399
2006-06-13,23.8100,1223.6899
2006-06-14,21.4600,1230.0400
2006-06-15,15.9000,1256.1600
2006-06-16,17.2500,1251.5400
2006-06-19,17.8300,1240.1300
2006-06-20,16.6900,1240.1200
2006-06-21,15.5200,1252.2000
2006-06-22,15.8800,1245.6000
2006-06-23,15.8900,1244.5000
2006-06-26,15.6200,1250.5601
2006-06-27,16.4000,1239.2000
2006-06-28,15.7900,1246.0000
2006-06-29,13.0300,1272.8700
2006-06-30,13.0800,1270.2000
2006-07-03,13.0500,1280.1899
2006-07-05,14.1500,1270.9100
2006-07-06,13.6500,1274.0800
2006-07-07,13.9700,1265.4800
2006-07-10,14.0200,1267.3400
2006-07-11,13.1400,1272.4301
2006-07-12,14.4900,1258.6000
2006-07-13,17.7900,1242.2800
2006-07-14,18.0500,1236.2000
2006-07-17,18.6400,1234.4900
2006-07-18,17.7400,1236.8600
2006-07-19,15.5500,1259.8101
2006-07-20,16.2100,1249.1300
2006-07-21,17.4000,1240.2900
2006-07-24,14.9800,1260.9100
2006-07-25,14.8500,1268.8800
2006-07-26,14.6200,1268.4000
2006-07-27,14.9400,1263.2000
2006-07-28,14.3300,1278.5500
2006-07-31,14.9500,1276.6600
2006-08-01,15.0500,1270.9200
2006-08-02,14.3400,1277.4100
2006-08-03,14.4600,1280.2700
2006-08-04,14.3400,1279.3600
2006-08-07,15.2300,1275.7700
2006-08-08,15.2300,1271.4800
2006-08-09,15.2000,1265.9500
2006-08-10,14.4600,1271.8101
2006-08-11,14.3000,1266.7400
2006-08-14,14.2600,1268.2100
2006-08-15,13.4200,1285.5800
2006-08-16,12.4100,1295.4301
2006-08-17,12.2400,1297.4800
2006-08-18,11.6400,1302.3000
2006-08-21,12.2200,1297.5200
2006-08-22,12.1900,1298.8199
2006-08-23,12.4000,1292.9900
2006-08-24,12.4000,1296.0601
2006-08-25,12.3100,1295.0900
2006-08-28,12.1800,1301.7800
2006-08-29,12.2800,1304.2800
2006-08-30,12.2200,1305.3700
2006-08-31,12.3100,1303.8199
2006-09-01,11.9600,1311.0100
2006-09-05,12.6300,1313.2500
2006-09-06,13.7400,1300.2600
2006-09-07,13.8800,1294.0200
2006-09-08,13.1600,1298.9200
2006-09-11,12.9900,1299.5400
2006-09-12,11.9200,1313.0000
2006-09-13,11.1800,1318.0699
2006-09-14,11.5500,1316.2800
2006-09-15,11.7600,1319.6600
2006-09-18,11.7800,1321.1801
2006-09-19,11.9800,1317.6400
2006-09-20,11.3900,1325.1801
2006-09-21,12.2500,1318.0300
2006-09-22,12.5900,1314.7800
2006-09-25,12.1200,1326.3700
2006-09-26,11.5300,1336.3500
2006-09-27,11.5800,1336.5900
2006-09-28,11.7200,1338.8800
2006-09-29,11.9800,1335.8500
2006-10-02,12.5700,1331.3199
2006-10-03,12.2400,1334.1100
2006-10-04,11.8600,1350.2000
2006-10-05,11.9800,1353.2200
2006-10-06,11.5600,1349.5900
2006-10-09,11.6800,1350.6600
2006-10-10,11.5200,1353.4200
2006-10-11,11.6200,1349.9500
2006-10-12,11.0900,1362.8300
2006-10-13,10.7500,1365.6200
2006-10-16,11.0900,1369.0601
2006-10-17,11.7300,1364.0500
2006-10-18,11.3400,1365.8000
2006-10-19,10.9000,1366.9600
2006-10-20,10.6300,1368.6000
2006-10-23,11.0800,1377.0200
2006-10-24,10.7800,1377.3800
2006-10-25,10.6600,1382.2200
2006-10-26,10.5600,1389.0800
2006-10-27,10.8000,1377.3400
2006-10-30,11.2000,1377.9301
2006-10-31,11.1000,1377.9399
2006-11-01,11.5100,1367.8101
2006-11-02,11.4200,1367.3400
2006-11-03,11.1600,1364.3000
2006-11-06,11.1600,1379.7800
2006-11-07,11.0900,1382.8400
2006-11-08,10.7500,1385.7200
2006-11-09,11.0100,1378.3300
2006-11-10,10.7900,1380.9000
2006-11-13,10.8600,1384.4200
2006-11-14,10.5000,1393.2200
2006-11-15,10.3100,1396.5699
2006-11-16,10.1600,1399.7600
2006-11-17,10.0500,1401.2000
2006-11-20,9.9700,1400.5000
2006-11-21,9.9000,1402.8101
2006-11-22,10.1400,1406.0900
2006-11-24,10.7300,1400.9500
2006-11-27,12.3000,1381.9600
2006-11-28,11.6200,1386.7200
2006-11-29,10.8300,1399.4800
2006-11-30,10.9100,1400.6300
2006-12-01,11.6600,1396.7100
2006-12-04,11.2300,1409.1200
2006-12-05,11.2700,1414.7600
2006-12-06,11.3300,1412.9000
2006-12-07,12.6700,1407.2900
2006-12-08,12.0700,1409.8400
2006-12-11,10.7100,1413.0400
2006-12-12,10.6500,1411.5601
2006-12-13,10.1800,1413.2100
2006-12-14,9.9700,1425.4900
2006-12-15,10.0500,1427.0900
2006-12-18,10.6000,1422.4800
2006-12-19,10.3000,1425.5500
2006-12-20,10.2600,1423.5300
2006-12-21,10.5300,1418.3000
2006-12-22,11.3600,1410.7600
2006-12-26,11.2600,1416.9000
2006-12-27,10.6400,1426.8400
2006-12-28,10.9900,1424.7300
2006-12-29,11.5600,1418.3000
2007-01-03,12.0400,1416.6000
2007-01-04,11.5100,1418.3400
2007-01-05,12.1400,1409.7100
2007-01-08,12.0000,1412.8400
2007-01-09,11.9100,1412.1100
2007-01-10,11.4700,1414.8500
2007-01-11,10.8700,1423.8199
2007-01-12,10.1500,1430.7300
2007-01-16,10.7400,1431.9000
2007-01-17,10.5900,1430.6200
2007-01-18,10.8500,1426.3700
2007-01-19,10.4000,1430.5000
2007-01-22,10.7700,1422.9500
2007-01-23,10.3400,1427.9900
2007-01-24,9.8900,1440.1300
2007-01-25,11.2200,1423.9000
2007-01-26,11.1300,1422.1801
2007-01-29,11.4500,1420.6200
2007-01-30,10.9600,1428.8199
2007-01-31,10.4200,1438.2400
2007-02-01,10.3100,1445.9399
2007-02-02,10.0800,1448.3900
2007-02-05,10.5500,1446.9900
2007-02-06,10.6500,1448.0000
2007-02-07,10.3200,1450.0200
2007-02-08,10.4400,1448.3101
2007-02-09,11.1000,1438.0601
2007-02-12,11.6100,1433.3700
2007-02-13,10.3400,1444.2600
2007-02-14,10.2300,1455.3000
2007-02-15,10.2200,1456.8101
2007-02-16,10.0200,1455.5400
2007-02-20,10.2400,1459.6801
2007-02-21,10.2000,1457.6300
2007-02-22,10.1800,1456.3800
2007-02-23,10.5800,1451.1899
2007-02-26,11.1500,1449.3700
2007-02-27,18.3100,1399.0400
2007-02-28,15.4200,1406.8199
2007-03-01,15.8200,1403.1700
2007-03-02,18.6100,1387.1700
2007-03-05,19.6300,1374.1200
2007-03-06,15.9600,1395.4100
2007-03-07,15.2400,1391.9700
2007-03-08,14.2900,1401.8900
2007-03-09,14.0900,1402.8400
2007-03-12,13.9900,1406.6000
2007-03-13,18.1300,1377.9500
2007-03-14,17.2700,1387.1700
2007-03-15,16.4300,1392.2800
2007-03-16,16.7900,1386.9500
2007-03-19,14.5900,1402.0601
2007-03-20,13.2700,1410.9399
2007-03-21,12.1900,1435.0400
2007-03-22,12.9300,1434.5400
2007-03-23,12.9500,1436.1100
2007-03-26,13.1600,1437.5000
2007-03-27,13.4800,1428.6100
2007-03-28,14.9800,1417.2300
2007-03-29,15.1400,1422.5300
2007-03-30,14.6400,1420.8600
2007-04-02,14.5300,1424.5500
2007-04-03,13.4600,1437.7700
2007-04-04,13.2400,1439.3700
2007-04-05,13.2300,1443.7600
2007-04-09,13.1400,1444.6100
2007-04-10,12.6800,1448.3900
2007-04-11,13.4900,1438.8700
2007-04-12,12.7100,1447.8000
2007-04-13,12.2000,1452.8500
2007-04-16,11.9800,1468.3300
2007-04-17,12.1400,1471.4800
2007-04-18,12.4200,1472.5000
2007-04-19,12.5400,1470.7300
2007-04-20,12.0700,1484.3500
2007-04-23,13.0400,1480.9301
2007-04-24,13.1200,1480.4100
2007-04-25,13.2100,1495.4200
2007-04-26,12.7900,1494.2500
2007-04-27,12.4500,1494.0699
2007-04-30,14.2200,1482.3700
2007-05-01,13.5100,1486.3000
2007-05-02,13.0800,1495.9200
2007-05-03,13.0900,1502.3900
2007-05-04,12.9100,1505.6200
2007-05-07,13.1500,1509.4800
2007-05-08,13.2100,1507.7200
2007-05-09,12.8800,1512.5800
2007-05-10,13.6000,1491.4700
2007-05-11,12.9500,1505.8500
2007-05-14,13.9600,1503.1500
2007-05-15,14.0100,1501.1899
2007-05-16,13.5000,1514.1400
2007-05-17,13.5100,1512.7500
2007-05-18,12.7600,1522.7500
2007-05-21,13.3000,1525.1000
2007-05-22,13.0600,1524.1200
2007-05-23,13.2400,1522.2800
2007-05-24,14.0800,1507.5100
2007-05-25,13.3400,1515.7300
2007-05-29,13.5300,1518.1100
2007-05-30,12.8300,1530.2300
2007-05-31,13.0500,1530.6200
2007-06-01,12.7800,1536.3400
2007-06-04,13.2900,1539.1801
2007-06-05,13.6300,1530.9500
2007-06-06,14.8700,1517.3800
2007-06-07,17.0600,1490.7200
2007-06-08,14.8400,1507.6700
2007-06-11,14.7100,1509.1200
2007-06-12,16.6700,1493.0000
2007-06-13,14.7300,1515.6700
2007-06-14,13.6400,1522.9700
2007-06-15,13.9400,1532.9100
2007-06-18,13.4200,1531.0500
2007-06-19,12.8500,1533.7000
2007-06-20,14.6700,1512.8400
2007-06-21,14.2100,1522.1899
2007-06-22,15.7500,1502.5601
2007-06-25,16.6500,1497.7400
2007-06-26,18.8900,1492.8900
2007-06-27,15.5300,1506.3400
2007-06-28,15.5400,1505.7100
2007-06-29,16.2300,1503.3500
2007-07-02,15.4000,1519.4301
2007-07-03,14.9200,1524.8700
2007-07-05,15.4800,1525.4000
2007-07-06,14.7200,1530.4399
2007-07-09,15.1600,1531.8500
2007-07-10,17.5700,1510.1200
2007-07-11,16.6400,1518.7600
2007-07-12,15.5400,1547.7000
2007-07-13,15.1500,1552.5000
2007-07-16,15.5900,1549.5200
2007-07-17,15.6300,1549.3700
2007-07-18,16.0000,1546.1700
2007-07-19,15.2300,1553.0800
2007-07-20,16.9500,1534.1000
2007-07-23,16.8100,1541.5699
2007-07-24,18.5500,1511.0400
2007-07-25,18.1000,1518.0900
2007-07-26,20.7400,1482.6600
2007-07-27,24.1700,1458.9500
2007-07-30,20.8700,1473.9100
2007-07-31,23.5200,1455.2700
2007-08-01,23.6700,1465.8101
2007-08-02,21.2200,1472.2000
2007-08-03,25.1600,1433.0601
2007-08-06,22.9400,1467.6700
2007-08-07,21.5600,1476.7100
2007-08-08,21.4500,1497.4900
2007-08-09,26.4800,1453.0900
2007-08-10,28.3000,1453.6400
2007-08-13,26.5700,1452.9200
2007-08-14,27.6800,1426.5400
2007-08-15,30.6700,1406.7000
2007-08-16,30.8300,1411.2700
2007-08-17,29.9900,1445.9399
2007-08-20,26.3300,1445.5500
2007-08-21,25.2500,1447.1200
2007-08-22,22.8900,1464.0699
2007-08-23,22.6200,1462.5000
2007-08-24,20.7200,1479.3700
2007-08-27,22.7200,1466.7900
2007-08-28,26.3000,1432.3600
2007-08-29,23.8100,1463.7600
2007-08-30,25.0600,1457.6400
2007-08-31,23.3800,1473.9900
2007-09-04,22.7800,1489.4200
2007-09-05,24.5800,1472.2900
2007-09-06,23.9900,1478.5500
2007-09-07,26.2300,1453.5500
2007-09-10,27.3800,1451.7000
2007-09-11,25.2700,1471.4900
2007-09-12,24.9600,1471.5601
2007-09-13,24.7600,1483.9500
2007-09-14,24.9200,1484.2500
2007-09-17,26.4800,1476.6500
2007-09-18,20.3500,1519.7800
2007-09-19,20.0300,1529.0300
2007-09-20,20.4500,1518.7500
2007-09-21,19.0000,1525.7500
2007-09-24,19.3700,1517.7300
2007-09-25,18.6000,1517.2100
2007-09-26,17.6300,1525.4200
2007-09-27,17.0000,1531.3800
2007-09-28,18.0000,1526.7500
2007-10-01,17.8400,1547.0400
2007-10-02,18.4900,1546.6300
2007-10-03,18.8000,1539.5900
2007-10-04,18.4400,1542.8400
2007-10-05,16.9100,1557.5900
2007-10-08,17.4600,1552.5800
2007-10-09,16.1200,1565.1500
2007-10-10,16.6700,1562.4700
2007-10-11,18.8800,1554.4100
2007-10-12,17.7300,1561.8000
2007-10-15,19.2500,1548.7100
2007-10-16,20.0200,1538.5300
2007-10-17,18.5400,1541.2400
2007-10-18,18.5000,1540.0800
2007-10-19,22.9600,1500.6300
2007-10-22,21.6400,1506.3300
2007-10-23,20.4100,1519.5900
2007-10-24,20.8000,1515.8800
2007-10-25,21.1700,1514.4000
2007-10-26,19.5600,1535.2800
2007-10-29,19.8700,1540.9800
2007-10-30,21.0700,1531.0200
2007-10-31,18.5300,1549.3800
2007-11-01,23.2100,1508.4399
2007-11-02,23.0100,1509.6500
2007-11-05,24.3100,1502.1700
2007-11-06,21.3900,1520.2700
2007-11-07,26.4900,1475.6200
2007-11-08,26.1600,1474.7700
2007-11-09,28.5000,1453.7000
2007-11-12,31.0900,1439.1801
2007-11-13,24.1000,1481.0500
2007-11-14,25.9400,1470.5800
2007-11-15,28.0600,1451.1500
2007-11-16,25.4900,1458.7400
2007-11-19,26.0100,1433.2700
2007-11-20,24.8800,1439.7000
2007-11-21,26.8400,1416.7700
2007-11-23,25.6100,1440.7000
2007-11-26,28.9100,1407.2200
2007-11-27,26.2800,1428.2300
2007-11-28,24.1100,1469.0200
2007-11-29,23.9700,1469.7200
2007-11-30,22.8700,1481.1400
2007-12-03,23.6100,1472.4200
2007-12-04,23.7900,1462.7900
2007-12-05,22.5300,1485.0100
2007-12-06,20.9600,1507.3400
2007-12-07,20.8500,1504.6600
2007-12-10,20.7400,1515.9600
2007-12-11,23.5900,1477.6500
2007-12-12,22.4700,1486.5900
2007-12-13,22.5600,1488.4100
2007-12-14,23.2700,1467.9500
2007-12-17,24.5200,1445.9000
2007-12-18,22.6400,1454.9800
2007-12-19,21.6800,1453.0000
2007-12-20,20.5800,1460.1200
2007-12-21,18.4700,1484.4600
2007-12-24,18.6000,1496.4500
2007-12-26,18.6600,1497.6600
2007-12-27,20.2600,1476.2700
2007-12-28,20.7400,1478.4900
2007-12-31,22.5000,1468.3600
2008-01-02,23.1700,1447.1600
2008-01-03,22.4900,1447.1600
2008-01-04,23.9400,1411.6300
2008-01-07,23.7900,1416.1801
2008-01-08,25.4300,1390.1899
2008-01-09,24.1200,1409.1300
2008-01-10,23.4500,1420.3300
2008-01-11,23.6800,1401.0200
2008-01-14,22.9000,1416.2500
2008-01-15,23.3400,1380.9500
2008-01-16,24.3800,1373.2000
2008-01-17,28.4600,1333.2500
2008-01-18,27.1800,1325.1899
2008-01-22,31.0100,1310.5000
2008-01-23,29.0200,1338.6000
2008-01-24,27.7800,1352.0699
2008-01-25,29.0800,1330.6100
2008-01-28,27.7800,1353.9600
2008-01-29,27.3200,1362.3000
2008-01-30,27.6200,1355.8101
2008-01-31,26.2000,1378.5500
2008-02-01,24.0200,1395.4200
2008-02-04,25.9900,1380.8199
2008-02-05,28.2400,1336.6400
2008-02-06,28.9700,1326.4500
2008-02-07,27.6600,1336.9100
2008-02-08,28.0100,1331.2900
2008-02-11,27.6000,1339.1300
2008-02-12,26.3300,1348.8600
2008-02-13,24.8800,1367.2100
2008-02-14,25.5400,1348.8600
2008-02-15,25.0200,1349.9900
2008-02-19,25.5900,1348.7800
2008-02-20,24.4000,1360.0300
2008-02-21,25.1200,1342.5300
2008-02-22,24.0600,1353.1100
2008-02-25,23.0300,1371.8000
2008-02-26,21.9000,1381.2900
2008-02-27,22.6900,1380.0200
2008-02-28,23.5300,1367.6801
2008-02-29,26.5400,1330.6300
2008-03-03,26.2800,1331.3400
2008-03-04,25.5200,1326.7500
2008-03-05,24.6000,1333.7000
2008-03-06,27.5500,1304.3400
2008-03-07,27.4900,1293.3700
2008-03-10,29.3800,1273.3700
2008-03-11,26.3600,1320.6500
2008-03-12,27.2200,1308.7700
2008-03-13,27.2900,1315.4800
2008-03-14,31.1600,1288.1400
2008-03-17,32.2400,1276.6000
2008-03-18,25.7900,1330.7400
2008-03-19,29.8400,1298.4200
2008-03-20,26.6200,1329.5100
2008-03-24,25.7300,1349.8800
2008-03-25,25.7200,1352.9900
2008-03-26,26.0800,1341.1300
2008-03-27,25.8800,1325.7600
2008-03-28,25.7100,1315.2200
2008-03-31,25.6100,1322.7000
2008-04-01,22.6800,1370.1801
2008-04-02,23.4300,1367.5300
2008-04-03,23.2100,1369.3101
2008-04-04,22.4500,1370.4000
2008-04-07,22.4200,1372.5400
2008-04-08,22.3600,1365.5400
2008-04-09,22.8100,1354.4900
2008-04-10,21.9800,1360.5500
2008-04-11,23.4600,1332.8300
2008-04-14,23.8200,1328.3199
2008-04-15,22.7800,1334.4301
2008-04-16,20.5300,1364.7100
2008-04-17,20.3700,1365.5601
2008-04-18,20.1300,1390.3300
2008-04-21,20.5000,1388.1700
2008-04-22,20.8700,1375.9399
2008-04-23,20.2600,1379.9301
2008-04-24,20.0600,1388.8199
2008-04-25,19.5900,1397.8400
2008-04-28,19.6400,1396.3700
2008-04-29,20.2400,1390.9399
2008-04-30,20.7900,1385.5900
2008-05-01,18.8800,1409.3400
2008-05-02,18.1800,1413.9000
2008-05-05,18.9000,1407.4900
2008-05-06,18.2100,1418.2600
2008-05-07,19.7300,1392.5699
2008-05-08,19.4000,1397.6801
2008-05-09,19.4100,1388.2800
2008-05-12,17.7900,1403.5800
2008-05-13,17.9800,1403.0400
2008-05-14,17.6600,1408.6600
2008-05-15,16.3000,1423.5699
2008-05-16,16.4700,1425.3500
2008-05-19,17.0100,1426.6300
2008-05-20,17.5800,1413.4000
2008-05-21,18.5900,1390.7100
2008-05-22,18.0500,1394.3500
2008-05-23,19.5500,1375.9301
2008-05-27,19.6400,1385.3500
2008-05-28,19.0700,1390.8400
2008-05-29,18.1400,1398.2600
2008-05-30,17.8300,1400.3800
2008-06-02,19.8300,1385.6700
2008-06-03,20.2400,1377.6500
2008-06-04,20.8000,1377.2000
2008-06-05,18.6300,1404.0500
2008-06-06,23.5600,1360.6801
2008-06-09,23.1200,1361.7600
2008-06-10,23.1800,1358.4399
2008-06-11,24.1200,1335.4900
2008-06-12,23.3300,1339.8700
2008-06-13,21.2200,1360.0300
2008-06-16,20.9500,1360.1400
2008-06-17,21.1300,1350.9301
2008-06-18,22.2400,1337.8101
2008-06-19,21.5800,1342.8300
2008-06-20,22.8700,1317.9301
2008-06-23,22.6400,1318.0000
2008-06-24,22.4200,1314.2900
2008-06-25,21.1400,1321.9700
2008-06-26,23.9300,1283.1500
2008-06-27,23.4400,1278.3800
2008-06-30,23.9500,1280.0000
2008-07-01,23.6500,1284.9100
2008-07-02,25.9200,1261.5200
2008-07-03,24.7800,1262.9000
2008-07-07,25.7800,1252.3101
2008-07-08,23.1500,1273.7000
2008-07-09,25.2300,1244.6899
2008-07-10,25.5900,1253.3900
2008-07-11,27.4900,1239.4900
2008-07-14,28.4800,1228.3000
2008-07-15,28.5400,1214.9100
2008-07-16,25.1000,1245.3600
2008-07-17,25.0100,1260.3199
2008-07-18,24.0500,1260.6801
2008-07-21,23.0500,1260.0000
2008-07-22,21.1800,1277.0000
2008-07-23,21.3100,1282.1899
2008-07-24,23.4400,1252.5400
2008-07-25,22.9100,1257.7600
2008-07-28,24.2300,1234.3700
2008-07-29,22.0300,1263.2000
2008-07-30,21.2100,1284.2600
2008-07-31,22.9400,1267.3800
2008-08-01,22.5700,1260.3101
2008-08-04,23.4900,1249.0100
2008-08-05,21.1400,1284.8800
2008-08-06,20.2300,1289.1899
2008-08-07,21.1500,1266.0699
2008-08-08,20.6600,1296.3199
2008-08-11,20.1200,1305.3199
2008-08-12,21.1700,1289.5900
2008-08-13,21.5500,1285.8300
2008-08-14,20.3400,1292.9301
2008-08-15,19.5800,1298.2000
2008-08-18,20.9800,1278.6000
2008-08-19,21.2800,1266.6899
2008-08-20,20.4200,1274.5400
2008-08-21,19.8200,1277.7200
2008-08-22,18.8100,1292.2000
2008-08-25,20.9700,1266.8400
2008-08-26,20.4900,1271.5100
2008-08-27,19.7600,1281.6600
2008-08-28,19.4300,1300.6801
2008-08-29,20.6500,1282.8300
2008-09-02,21.9900,1277.5800
2008-09-03,21.4300,1274.9800
2008-09-04,24.0300,1236.8300
2008-09-05,23.0600,1242.3101
2008-09-08,22.6400,1267.7900
2008-09-09,25.4700,1224.5100
2008-09-10,24.5200,1232.0400
2008-09-11,24.3900,1249.0500
2008-09-12,25.6600,1251.7000
2008-09-15,31.7000,1192.7000
2008-09-16,30.3000,1213.6000
2008-09-17,36.2200,1156.3900
2008-09-18,33.1000,1206.5100
2008-09-19,32.0700,1255.0800
2008-09-22,33.8500,1207.0900
2008-09-23,35.7200,1188.2200
2008-09-24,35.1900,1185.8700
2008-09-25,32.8200,1209.1801
2008-09-26,34.7400,1213.2700
2008-09-29,46.7200,1106.4200
2008-09-30,39.3900,1166.3600
2008-10-01,39.8100,1161.0601
2008-10-02,45.2600,1114.2800
2008-10-03,45.1400,1099.2300
2008-10-06,52.0500,1056.8900
2008-10-07,53.6800,996.2300
2008-10-08,57.5300,984.9400
2008-10-09,63.9200,909.9200
2008-10-10,69.9500,899.2200
2008-10-13,54.9900,1003.3500
2008-10-14,55.1300,998.0100
2008-10-15,69.2500,907.8400
2008-10-16,67.6100,946.4300
2008-10-17,70.3300,940.5500
2008-10-20,52.9700,985.4000
2008-10-21,53.1100,955.0500
2008-10-22,69.6500,896.7800
2008-10-23,67.8000,908.1100
2008-10-24,79.1300,876.7700
2008-10-27,80.0600,848.9200
2008-10-28,66.9600,940.5100
2008-10-29,69.9600,930.0900
2008-10-30,62.9000,954.0900
2008-10-31,59.8900,968.7500
2008-11-03,53.6800,966.3000
2008-11-04,47.7300,1005.7500
2008-11-05,54.5600,952.7700
2008-11-06,63.6800,904.8800
2008-11-07,56.1000,930.9900
2008-11-10,59.9800,919.2100
2008-11-11,61.4400,898.9500
2008-11-12,66.4600,852.3000
2008-11-13,59.8300,911.2900
2008-11-14,66.3100,873.2900
2008-11-17,69.1500,850.7500
2008-11-18,67.6400,859.1200
2008-11-19,74.2600,806.5800
2008-11-20,80.8600,752.4400
2008-11-21,72.6700,800.0300
2008-11-24,64.7000,851.8100
2008-11-25,60.9000,857.3900
2008-11-26,54.9200,887.6800
2008-11-28,55.2800,896.2400
2008-12-01,68.5100,816.2100
2008-12-02,62.9800,848.8100
2008-12-03,60.7200,870.7400
2008-12-04,63.6400,845.2200
2008-12-05,59.9300,876.0700
2008-12-08,58.4900,909.7000
2008-12-09,58.9100,888.6700
2008-12-10,55.7300,899.2400
2008-12-11,55.7800,873.5900
2008-12-12,54.2800,879.7300
2008-12-15,56.7600,868.5700
2008-12-16,52.3700,913.1800
2008-12-17,49.8400,904.4200
2008-12-18,47.3400,885.2800
2008-12-19,44.9300,887.8800
2008-12-22,44.5600,871.6300
2008-12-23,45.0200,863.1600
2008-12-24,44.2100,868.1500
2008-12-26,43.3800,872.8000
2008-12-29,43.9000,869.4200
2008-12-30,41.6300,890.6400
2008-12-31,40.0000,903.2500
2009-01-02,39.1900,931.8000
2009-01-05,39.0800,927.4500
2009-01-06,38.5600,934.7000
2009-01-07,43.3900,906.6500
2009-01-08,42.5600,909.7300
2009-01-09,42.8200,890.3500
2009-01-12,45.8400,870.2600
2009-01-13,43.2700,871.7900
2009-01-14,49.1400,842.6200
2009-01-15,51.0000,843.7400
2009-01-16,46.1100,850.1200
2009-01-20,56.6500,805.2200
2009-01-21,46.4200,840.2400
2009-01-22,47.2900,827.5000
2009-01-23,47.2700,831.9500
2009-01-26,45.6900,836.5700
2009-01-27,42.2500,845.7100
2009-01-28,39.6600,874.0900
2009-01-29,42.6300,845.1400
2009-01-30,44.8400,825.8800
2009-02-02,45.5200,825.4400
2009-02-03,43.0600,838.5100
2009-02-04,43.8500,832.2300
2009-02-05,43.7300,845.8500
2009-02-06,43.3700,868.6000
2009-02-09,43.6400,869.8900
2009-02-10,46.6700,827.1600
2009-02-11,44.5300,833.7400
2009-02-12,41.2500,835.1900
2009-02-13,42.9300,826.8400
2009-02-17,48.6600,789.1700
2009-02-18,48.4600,788.4200
2009-02-19,47.0800,778.9400
2009-02-20,49.3000,770.0500
2009-02-23,52.6200,743.3300
2009-02-24,45.4900,773.1400
2009-02-25,44.6700,764.9000
2009-02-26,44.6600,752.8300
2009-02-27,46.3500,735.0900
2009-03-02,52.6500,700.8200
2009-03-03,50.9300,696.3300
2009-03-04,47.5600,712.8700
2009-03-05,50.1700,682.5500
2009-03-06,49.3300,683.3800
2009-03-09,49.6800,676.5300
2009-03-10,44.3700,719.6000
2009-03-11,43.6100,721.3600
2009-03-12,41.1800,750.7400
2009-03-13,42.3600,756.5500
2009-03-16,43.7400,753.8900
2009-03-17,40.8000,778.1200
2009-03-18,40.0600,794.3500
2009-03-19,43.6800,784.0400
2009-03-20,45.8900,768.5400
2009-03-23,43.2300,822.9200
2009-03-24,42.9300,806.1200
2009-03-25,42.2500,813.8800
2009-03-26,40.3600,832.8600
2009-03-27,41.0400,815.9400
2009-03-30,45.5400,787.5300
2009-03-31,44.1400,797.8700
2009-04-01,42.2800,811.0800
2009-04-02,42.0400,834.3800
2009-04-03,39.7000,842.5000
2009-04-06,40.9300,835.4800
2009-04-07,40.3900,815.5500
2009-04-08,38.8500,825.1600
2009-04-09,36.5300,856.5600
2009-04-13,37.8100,858.7300
2009-04-14,37.6700,841.5000
2009-04-15,36.1700,852.0600
2009-04-16,35.7900,865.3000
2009-04-17,33.9400,869.6000
2009-04-20,39.1800,832.3900
2009-04-21,37.1400,850.0800
2009-04-22,38.1000,843.5500
2009-04-23,37.1500,851.9200
2009-04-24,36.8200,866.2300
2009-04-27,38.3200,857.5100
2009-04-28,37.9500,855.1600
2009-04-29,36.0800,873.6400
2009-04-30,36.5000,872.8100
2009-05-01,35.3000,877.5200
2009-05-04,34.5300,907.2400
2009-05-05,33.3600,903.8000
2009-05-06,32.4500,919.5300
2009-05-07,33.4400,907.3900
2009-05-08,32.0500,929.2300
2009-05-11,32.8700,909.2400
2009-05-12,31.8000,908.3500
2009-05-13,33.6500,883.9200
2009-05-14,31.3700,893.0700
2009-05-15,33.1200,882.8800
2009-05-18,30.2400,909.7100
2009-05-19,28.8000,908.1300
2009-05-20,29.0300,903.4700
2009-05-21,31.3500,888.3300
2009-05-22,32.6300,887.0000
2009-05-26,30.6200,910.3300
2009-05-27,32.3600,893.0600
2009-05-28,31.6700,906.8300
2009-05-29,28.9200,919.1400
2009-06-01,30.0400,942.8700
2009-06-02,29.6300,944.7400
2009-06-03,31.0200,931.7600
2009-06-04,30.1800,942.4600
2009-06-05,29.6200,940.0900
2009-06-08,29.7700,939.1400
2009-06-09,28.2700,942.4300
2009-06-10,28.4600,939.1500
2009-06-11,28.1100,944.8900
2009-06-12,28.1500,946.2100
2009-06-15,30.8100,923.7200
2009-06-16,32.6800,911.9700
2009-06-17,31.5400,910.7100
2009-06-18,30.0300,918.3700
2009-06-19,27.9900,921.2300
2009-06-22,31.1700,893.0400
2009-06-23,30.5800,895.1000
2009-06-24,29.0500,900.9400
2009-06-25,26.3600,920.2600
2009-06-26,25.9300,918.9000
2009-06-29,25.3500,927.2300
2009-06-30,26.3500,919.3200
2009-07-01,26.2200,923.3300
2009-07-02,27.9500,896.4200
2009-07-06,29.0000,898.7200
2009-07-07,30.8500,881.0300
2009-07-08,31.3000,879.5600
2009-07-09,29.7800,882.6800
2009-07-10,29.0200,879.1300
2009-07-13,26.3100,901.0500
2009-07-14,25.0200,905.8400
2009-07-15,25.8900,932.6800
2009-07-16,25.4200,940.7400
2009-07-17,24.3400,940.3800
2009-07-20,24.4000,951.1300
2009-07-21,23.8700,954.5800
2009-07-22,23.4700,954.0700
2009-07-23,23.4300,976.2900
2009-07-24,23.0900,979.2600
2009-07-27,24.2800,982.1800
2009-07-28,25.0100,979.6200
2009-07-29,25.6100,975.1500
2009-07-30,25.4000,986.7500
2009-07-31,25.9200,987.4800
2009-08-03,25.5600,1002.6300
2009-08-04,24.8900,1005.6500
2009-08-05,24.9000,1002.7200
2009-08-06,25.6700,997.0800
2009-08-07,24.7600,1010.4800
2009-08-10,24.9900,1007.1000
2009-08-11,25.9900,994.3500
2009-08-12,25.4500,1005.8100
2009-08-13,24.7100,1012.7300
2009-08-14,24.2700,1004.0900
2009-08-17,27.8900,979.7300
2009-08-18,26.1800,989.6700
2009-08-19,26.2600,996.4600
2009-08-20,25.0900,1007.3700
2009-08-21,25.0100,1026.1300
2009-08-24,25.1400,1025.5699
2009-08-25,24.9200,1028.0000
2009-08-26,24.9500,1028.1200
2009-08-27,24.6800,1030.9800
2009-08-28,24.7600,1028.9301
2009-08-31,26.0100,1020.6200
2009-09-01,29.1500,998.0400
2009-09-02,28.9000,994.7500
2009-09-03,27.1000,1003.2400
2009-09-04,25.2600,1016.4000
2009-09-08,25.6200,1025.3900
2009-09-09,24.3200,1033.3700
2009-09-10,23.5500,1044.1400
2009-09-11,24.1500,1042.7300
2009-09-14,23.8600,1049.3400
2009-09-15,23.4200,1052.6300
2009-09-16,23.6900,1068.7600
2009-09-17,23.6500,1065.4900
2009-09-18,23.9200,1068.3000
2009-09-21,24.0600,1064.6600
2009-09-22,23.0800,1071.6600
2009-09-23,23.4900,1060.8700
2009-09-24,24.9500,1050.7800
2009-09-25,25.6100,1044.3800
2009-09-28,24.8800,1062.9800
2009-09-29,25.1900,1060.6100
2009-09-30,25.6100,1057.0800
2009-10-01,28.2700,1029.8500
2009-10-02,28.6800,1025.2100
2009-10-05,26.8400,1040.4600
2009-10-06,25.7000,1054.7200
2009-10-07,24.6800,1057.5800
2009-10-08,24.1800,1065.4800
2009-10-09,23.1200,1071.4900
2009-10-12,23.0100,1076.1899
2009-10-13,22.9900,1073.1899
2009-10-14,22.8600,1092.0200
2009-10-15,21.7200,1096.5601
2009-10-16,21.4300,1087.6801
2009-10-19,21.4900,1097.9100
2009-10-20,20.9000,1091.0601
2009-10-21,22.2200,1081.4000
2009-10-22,20.6900,1092.9100
2009-10-23,22.2700,1079.6000
2009-10-26,24.3100,1066.9500
2009-10-27,24.8300,1063.4100
2009-10-28,27.9100,1042.6300
2009-10-29,24.7600,1066.1100
2009-10-30,30.6900,1036.1899
2009-11-02,29.7800,1042.8800
2009-11-03,28.8100,1045.4100
2009-11-04,27.7200,1046.5000
2009-11-05,25.4300,1066.6300
2009-11-06,24.1900,1069.3000
2009-11-09,23.1500,1093.0800
2009-11-10,22.8400,1093.0100
2009-11-11,23.0400,1098.5100
2009-11-12,24.2400,1087.2400
2009-11-13,23.3600,1093.4800
2009-11-16,22.8900,1109.3000
2009-11-17,22.4100,1110.3199
2009-11-18,21.6300,1109.8000
2009-11-19,22.6300,1094.9000
2009-11-20,22.1900,1091.3800
2009-11-23,21.1600,1106.2400
2009-11-24,20.4700,1105.6500
2009-11-25,20.4800,1110.6300
2009-11-27,24.7400,1091.4900
2009-11-30,24.5100,1095.6300
2009-12-01,21.9200,1108.8600
2009-12-02,21.1200,1109.2400
2009-12-03,22.4600,1099.9200
2009-12-04,21.2500,1105.9800
2009-12-07,22.1000,1103.2500
2009-12-08,23.6900,1091.9399
2009-12-09,22.6600,1095.9500
2009-12-10,22.3200,1102.3500
2009-12-11,21.5900,1106.4100
2009-12-14,21.1500,1114.1100
2009-12-15,21.4900,1107.9301
2009-12-16,20.5400,1109.1801
2009-12-17,22.5100,1096.0800
2009-12-18,21.6800,1102.4700
2009-12-21,20.4900,1114.0500
2009-12-22,19.5400,1118.0200
2009-12-23,19.7100,1120.5900
2009-12-24,19.4700,1126.4800
2009-12-28,19.9300,1127.7800
2009-12-29,20.0100,1126.2000
2009-12-30,19.9600,1126.4200
2009-12-31,21.6800,1115.1000
2010-01-04,20.0400,1132.9900
2010-01-05,19.3500,1136.5200
2010-01-06,19.1600,1137.1400
2010-01-07,19.0600,1141.6899
2010-01-08,18.1300,1144.9800
2010-01-11,17.5500,1146.9800
2010-01-12,18.2500,1136.2200
2010-01-13,17.8500,1145.6801
2010-01-14,17.6300,1148.4600
2010-01-15,17.9100,1136.0300
2010-01-19,17.5800,1150.2300
2010-01-20,18.6800,1138.0400
2010-01-21,22.2700,1116.4800
2010-01-22,27.3100,1091.7600
2010-01-25,25.4100,1096.7800
2010-01-26,24.5500,1092.1700
2010-01-27,23.1400,1097.5000
2010-01-28,23.7300,1084.5300
2010-01-29,24.6200,1073.8700
2010-02-01,22.5900,1089.1899
2010-02-02,21.4800,1103.3199
2010-02-03,21.6000,1097.2800
2010-02-04,26.0800,1063.1100
2010-02-05,26.1100,1066.1899
2010-02-08,26.5100,1056.7400
2010-02-09,26.0000,1070.5200
2010-02-10,25.4000,1068.1300
2010-02-11,23.9600,1078.4700
2010-02-12,22.7300,1075.5100
2010-02-16,22.2500,1094.8700
2010-02-17,21.7200,1099.5100
2010-02-18,20.6300,1106.7500
2010-02-19,20.0200,1109.1700
2010-02-22,19.9400,1108.0100
2010-02-23,21.3700,1094.6000
2010-02-24,20.2700,1105.2400
2010-02-25,20.1000,1102.9399
2010-02-26,19.5000,1104.4900
2010-03-01,19.2600,1115.7100
2010-03-02,19.0600,1118.3101
2010-03-03,18.8300,1118.7900
2010-03-04,18.7200,1122.9700
2010-03-05,17.4200,1138.7000
2010-03-08,17.7900,1138.5000
2010-03-09,17.9200,1140.4500
2010-03-10,18.5700,1145.6100
2010-03-11,18.0600,1150.2400
2010-03-12,17.5800,1149.9900
2010-03-15,18.0000,1150.5100
2010-03-16,17.6900,1159.4600
2010-03-17,16.9100,1166.2100
2010-03-18,16.6200,1165.8300
2010-03-19,16.9700,1159.9000
2010-03-22,16.8700,1165.8101
2010-03-23,16.3500,1174.1700
2010-03-24,17.5500,1167.7200
2010-03-25,18.4000,1165.7300
2010-03-26,17.7700,1166.5900
2010-03-29,17.5900,1173.2200
2010-03-30,17.1300,1173.2700
2010-03-31,17.5900,1169.4301
2010-04-01,17.4700,1178.1000
2010-04-05,17.0200,1187.4399
2010-04-06,16.2300,1189.4399
2010-04-07,16.6200,1182.4500
2010-04-08,16.4800,1186.4399
2010-04-09,16.1400,1194.3700
2010-04-12,15.5800,1196.4800
2010-04-13,16.2000,1197.3000
2010-04-14,15.5900,1210.6500
2010-04-15,15.8900,1211.6700
2010-04-16,18.3600,1192.1300
2010-04-19,17.3400,1197.5200
2010-04-20,15.7300,1207.1700
2010-04-21,16.3200,1205.9399
2010-04-22,16.4700,1208.6700
2010-04-23,16.6200,1217.2800
2010-04-26,17.4700,1212.0500
2010-04-27,22.8100,1183.7100
2010-04-28,21.0800,1191.3600
2010-04-29,18.4400,1206.7800
2010-04-30,22.0500,1186.6899
2010-05-03,20.1900,1202.2600
2010-05-04,23.8400,1173.6000
2010-05-05,24.9100,1165.8700
2010-05-06,32.8000,1128.1500
2010-05-07,40.9500,1110.8800
2010-05-10,28.8400,1159.7300
2010-05-11,28.3200,1155.7900
2010-05-12,25.5200,1171.6700
2010-05-13,26.6800,1157.4399
2010-05-14,31.2400,1135.6801
2010-05-17,30.8400,1136.9399
2010-05-18,33.5500,1120.8000
2010-05-19,35.3200,1115.0500
2010-05-20,45.7900,1071.5900
2010-05-21,40.1000,1087.6899
2010-05-24,38.3200,1073.6500
2010-05-25,34.6100,1074.0300
2010-05-26,35.0200,1067.9500
2010-05-27,29.6800,1103.0601
2010-05-28,32.0700,1089.4100
2010-06-01,35.5400,1070.7100
2010-06-02,30.1700,1098.3800
2010-06-03,29.4600,1102.8300
2010-06-04,35.4800,1064.8800
2010-06-07,36.5700,1050.4700
2010-06-08,33.7000,1062.0000
2010-06-09,33.7300,1055.6899
2010-06-10,30.5700,1086.8400
2010-06-11,28.7900,1091.6000
2010-06-14,28.5800,1089.6300
2010-06-15,25.8700,1115.2300
2010-06-16,25.9200,1114.6100
2010-06-17,25.0500,1116.0400
2010-06-18,23.9500,1117.5100
2010-06-21,24.8800,1113.2000
2010-06-22,27.0500,1095.3101
2010-06-23,26.9100,1092.0400
2010-06-24,29.7400,1073.6899
2010-06-25,28.5300,1076.7600
2010-06-28,29.0000,1074.5699
2010-06-29,34.1300,1041.2400
2010-06-30,34.5400,1030.7100
2010-07-01,32.8600,1027.3700
2010-07-02,30.1200,1022.5800
2010-07-06,29.6500,1028.0601
2010-07-07,26.8400,1060.2700
2010-07-08,25.7100,1070.2500
2010-07-09,24.9800,1077.9600
2010-07-12,24.4300,1078.7500
2010-07-13,24.5600,1095.3400
2010-07-14,24.8900,1095.1700
2010-07-15,25.1400,1096.4800
2010-07-16,26.2500,1064.8800
2010-07-19,25.9700,1071.2500
2010-07-20,23.9300,1083.4800
2010-07-21,25.6400,1069.5900
2010-07-22,24.6300,1093.6700
2010-07-23,23.4700,1102.6600
2010-07-26,22.7300,1115.0100
2010-07-27,23.1900,1113.8400
2010-07-28,24.2500,1106.1300
2010-07-29,24.1300,1101.5300
2010-07-30,23.5000,1101.6000
2010-08-02,22.0100,1125.8600
2010-08-03,22.6300,1120.4600
2010-08-04,22.2100,1127.2400
2010-08-05,22.1000,1125.8101
2010-08-06,21.7400,1121.6400
2010-08-09,22.1400,1127.7900
2010-08-10,22.3700,1121.0601
2010-08-11,25.3900,1089.4700
2010-08-12,25.7300,1083.6100
2010-08-13,26.2400,1079.2500
2010-08-16,26.1000,1079.3800
2010-08-17,24.3300,1092.5400
2010-08-18,24.5900,1094.1600
2010-08-19,26.4400,1075.6300
2010-08-20,25.4900,1071.6899
2010-08-23,25.6600,1067.3600
2010-08-24,27.4600,1051.8700
2010-08-25,26.7000,1055.3300
2010-08-26,27.3700,1047.2200
2010-08-27,24.4500,1064.5900
2010-08-30,27.2100,1048.9200
2010-08-31,26.0500,1049.3300
2010-09-01,23.8900,1080.2900
2010-09-02,23.1900,1090.1000
2010-09-03,21.3100,1104.5100
2010-09-07,23.8000,1091.8400
2010-09-08,23.2500,1098.8700
2010-09-09,22.8100,1104.1801
2010-09-10,21.9900,1109.5500
2010-09-13,21.2100,1121.9000
2010-09-14,21.5600,1121.1000
2010-09-15,22.1000,1125.0699
2010-09-16,21.7200,1124.6600
2010-09-17,22.0100,1125.5900
2010-09-20,21.5000,1142.7100
2010-09-21,22.3500,1139.7800
2010-09-22,22.5100,1134.2800
2010-09-23,23.8700,1124.8300
2010-09-24,21.7100,1148.6700
2010-09-27,22.5400,1142.1600
2010-09-28,22.6000,1147.7000
2010-09-29,23.2500,1144.7300
2010-09-30,23.7000,1141.2000
2010-10-01,22.5000,1146.2400
2010-10-04,23.5300,1137.0300
2010-10-05,21.7600,1160.7500
2010-10-06,21.4900,1159.9700
2010-10-07,21.5600,1158.0601
2010-10-08,20.7100,1165.1500
2010-10-11,18.9600,1165.3199
2010-10-12,18.9300,1169.7700
2010-10-13,19.0700,1178.1000
2010-10-14,19.8800,1173.8101
2010-10-15,19.0300,1176.1899
2010-10-18,19.0900,1184.7100
2010-10-19,20.6300,1165.9000
2010-10-20,19.7900,1178.1700
2010-10-21,19.2700,1180.2600
2010-10-22,18.7800,1183.0800
2010-10-25,19.8500,1185.6200
2010-10-26,20.2200,1185.6400
2010-10-27,20.7100,1182.4500
2010-10-28,20.8800,1183.7800
2010-10-29,21.2000,1183.2600
2010-11-01,21.8300,1184.3800
2010-11-02,21.5700,1193.5699
2010-11-03,19.5600,1197.9600
2010-11-04,18.5200,1221.0601
2010-11-05,18.2600,1225.8500
2010-11-08,18.2900,1223.2500
2010-11-09,19.0800,1213.4000
2010-11-10,18.4700,1218.7100
2010-11-11,18.6400,1213.5400
2010-11-12,20.6100,1199.2100
2010-11-15,20.2000,1197.7500
2010-11-16,22.5800,1178.3400
2010-11-17,21.7600,1178.5900
2010-11-18,18.7500,1196.6899
2010-11-19,18.0400,1199.7300
2010-11-22,18.3700,1197.8400
2010-11-23,20.6300,1180.7300
2010-11-24,19.5600,1198.3500
2010-11-26,22.2200,1189.4000
2010-11-29,21.5300,1187.7600
2010-11-30,23.5400,1180.5500
2010-12-01,21.3600,1206.0699
2010-12-02,19.3900,1221.5300
2010-12-03,18.0100,1224.7100
2010-12-06,18.0200,1223.1200
2010-12-07,17.9900,1223.7500
2010-12-08,17.7400,1228.2800
2010-12-09,17.2500,1233.0000
2010-12-10,17.6100,1240.4000
2010-12-13,17.5500,1240.4600
2010-12-14,17.6100,1241.5900
2010-12-15,17.9400,1235.2300
2010-12-16,17.3900,1242.8700
2010-12-17,16.1100,1243.9100
2010-12-20,16.4100,1247.0800
2010-12-21,16.4900,1254.6000
2010-12-22,15.4500,1258.8400
2010-12-23,16.4700,1256.7700
2010-12-27,17.6700,1257.5400
2010-12-28,17.5200,1258.5100
2010-12-29,17.2800,1259.7800
2010-12-30,17.5200,1257.8800
2010-12-31,17.7500,1257.6400
2011-01-03,17.6100,1271.8700
2011-01-04,17.3800,1270.2000
2011-01-05,17.0200,1276.5601
2011-01-06,17.4000,1273.8500
2011-01-07,17.1400,1271.5000
2011-01-10,17.5400,1269.7500
2011-01-11,16.8900,1274.4800
2011-01-12,16.2400,1285.9600
2011-01-13,16.3900,1283.7600
2011-01-14,15.4600,1293.2400
2011-01-18,15.8700,1295.0200
2011-01-19,17.3100,1281.9200
2011-01-20,17.9900,1280.2600
2011-01-21,18.4700,1283.3500
2011-01-24,17.6500,1290.8400
2011-01-25,17.5900,1291.1801
2011-01-26,16.6400,1296.6300
2011-01-27,16.1500,1299.5400
2011-01-28,20.0400,1276.3400
2011-01-31,19.5300,1286.1200
2011-02-01,17.6300,1307.5900
2011-02-02,17.3000,1304.0300
2011-02-03,16.6900,1307.1000
2011-02-04,15.9300,1310.8700
2011-02-07,16.2800,1319.0500
2011-02-08,15.8100,1324.5699
2011-02-09,15.8700,1320.8800
2011-02-10,16.0900,1321.8700
2011-02-11,15.6900,1329.1500
2011-02-14,15.9500,1332.3199
2011-02-15,16.3700,1328.0100
2011-02-16,16.7200,1336.3199
2011-02-17,16.5900,1340.4301
2011-02-18,16.4300,1343.0100
2011-02-22,20.8000,1315.4399
2011-02-23,22.1300,1307.4000
2011-02-24,21.3200,1306.1000
2011-02-25,19.2200,1319.8800
2011-02-28,18.3500,1327.2200
2011-03-01,21.0100,1306.3300
2011-03-02,20.7000,1308.4399
2011-03-03,18.6000,1330.9700
2011-03-04,19.0600,1321.1500
2011-03-07,20.6600,1310.1300
2011-03-08,19.8200,1321.8199
2011-03-09,20.2200,1320.0200
2011-03-10,21.8800,1295.1100
2011-03-11,20.0800,1304.2800
2011-03-14,21.1300,1296.3900
2011-03-15,24.3200,1281.8700
2011-03-16,29.4000,1256.8800
2011-03-17,26.3700,1273.7200
2011-03-18,24.4400,1279.2100
2011-03-21,20.6100,1298.3800
2011-03-22,20.2100,1293.7700
2011-03-23,19.1700,1297.5400
2011-03-24,18.0000,1309.6600
2011-03-25,17.9100,1313.8000
2011-03-28,19.4400,1310.1899
2011-03-29,18.1600,1319.4399
2011-03-30,17.7100,1328.2600
2011-03-31,17.7400,1325.8300
2011-04-01,17.4000,1332.4100
2011-04-04,17.5000,1332.8700
2011-04-05,17.2500,1332.6300
2011-04-06,16.9000,1335.5400
2011-04-07,17.1100,1333.5100
2011-04-08,17.8700,1328.1700
2011-04-11,16.5900,1324.4600
2011-04-12,17.0900,1314.1600
2011-04-13,16.9200,1314.4100
2011-04-14,16.2700,1314.5200
2011-04-15,15.3200,1319.6801
2011-04-18,16.9600,1305.1400
2011-04-19,15.8300,1312.6200
2011-04-20,15.0700,1330.3600
2011-04-21,14.6900,1337.3800
2011-04-25,15.7700,1335.2500
2011-04-26,15.6200,1347.2400
2011-04-27,15.3500,1355.6600
2011-04-28,14.6200,1360.4800
2011-04-29,14.7500,1363.6100
2011-05-02,15.9900,1361.2200
2011-05-03,16.7000,1356.6200
2011-05-04,17.0800,1347.3199
2011-05-05,18.2000,1335.1000
2011-05-06,18.4000,1340.2000
2011-05-09,17.1600,1346.2900
2011-05-10,15.9100,1357.1600
2011-05-11,16.9500,1342.0800
2011-05-12,16.0300,1348.6500
2011-05-13,17.0700,1337.7700
2011-05-16,18.2400,1329.4700
2011-05-17,17.5500,1328.9800
2011-05-18,16.2300,1340.6801
2011-05-19,15.5200,1343.6000
2011-05-20,17.4300,1333.2700
2011-05-23,18.2700,1317.3700
2011-05-24,17.8200,1316.2800
2011-05-25,17.0700,1320.4700
2011-05-26,16.0900,1325.6899
2011-05-27,15.9800,1331.1000
2011-05-31,15.4500,1345.2000
2011-06-01,18.3000,1314.5500
2011-06-02,18.0900,1312.9399
2011-06-03,17.9500,1300.1600
2011-06-06,18.4900,1286.1700
2011-06-07,18.0700,1284.9399
2011-06-08,18.7900,1279.5601
2011-06-09,17.7700,1289.0000
2011-06-10,18.8600,1270.9800
2011-06-13,19.6100,1271.8300
2011-06-14,18.2600,1287.8700
2011-06-15,21.3200,1265.4200
2011-06-16,22.7300,1267.6400
2011-06-17,21.8500,1271.5000
2011-06-20,19.9900,1278.3600
2011-06-21,18.8600,1295.5200
2011-06-22,18.5200,1287.1400
2011-06-23,19.2900,1283.5000
2011-06-24,21.1000,1268.4500
2011-06-27,20.5600,1280.1000
2011-06-28,19.1700,1296.6700
2011-06-29,17.2700,1307.4100
2011-06-30,16.5200,1320.6400
2011-07-01,15.8700,1339.6700
2011-07-05,16.0600,1337.8800
2011-07-06,16.3400,1339.2200
2011-07-07,15.9500,1353.2200
2011-07-08,15.9500,1343.8000
2011-07-11,18.3900,1319.4900
2011-07-12,19.8700,1313.6400
2011-07-13,19.9100,1317.7200
2011-07-14,20.8000,1308.8700
2011-07-15,19.5300,1316.1400
2011-07-18,20.9500,1305.4399
2011-07-19,19.2100,1326.7300
2011-07-20,19.0900,1325.8400
2011-07-21,17.5600,1343.8000
2011-07-22,17.5200,1345.0200
2011-07-25,19.3500,1337.4301
2011-07-26,20.2300,1331.9399
2011-07-27,22.9800,1304.8900
2011-07-28,23.7400,1300.6700
2011-07-29,25.2500,1292.2800
2011-08-01,23.6600,1286.9399
2011-08-02,24.7900,1254.0500
2011-08-03,23.3800,1260.3400
2011-08-04,31.6600,1200.0699
2011-08-05,32.0000,1199.3800
2011-08-08,48.0000,1119.4600
2011-08-09,35.0600,1172.5300
2011-08-10,42.9900,1120.7600
2011-08-11,39.0000,1172.6400
2011-08-12,36.3600,1178.8101
2011-08-15,31.8700,1204.4900
2011-08-16,32.8500,1192.7600
2011-08-17,31.5800,1193.8900
2011-08-18,42.6700,1140.6500
2011-08-19,43.0500,1123.5300
2011-08-22,42.4400,1123.8199
2011-08-23,36.2700,1162.3500
2011-08-24,35.9000,1177.6000
2011-08-25,39.7600,1159.2700
2011-08-26,35.5900,1176.8000
2011-08-29,32.2800,1210.0800
2011-08-30,32.8900,1212.9200
2011-08-31,31.6200,1218.8900
2011-09-01,31.8200,1204.4200
2011-09-02,33.9200,1173.9700
2011-09-06,37.0000,1165.2400
2011-09-07,33.3800,1198.6200
2011-09-08,34.3200,1185.9000
2011-09-09,38.5200,1154.2300
2011-09-12,38.5900,1162.2700
2011-09-13,36.9100,1172.8700
2011-09-14,34.6000,1188.6801
2011-09-15,31.9700,1209.1100
2011-09-16,30.9800,1216.0100
2011-09-19,32.7300,1204.0900
2011-09-20,32.8600,1202.0900
2011-09-21,37.3200,1166.7600
2011-09-22,41.3500,1129.5601
2011-09-23,41.2500,1136.4301
2011-09-26,39.0200,1162.9500
2011-09-27,37.7100,1175.3800
2011-09-28,41.0800,1151.0601
2011-09-29,38.8400,1160.4000
2011-09-30,42.9600,1131.4200
2011-10-03,45.4500,1099.2300
2011-10-04,40.8200,1123.9500
2011-10-05,37.8100,1144.0300
2011-10-06,36.2700,1164.9700
2011-10-07,36.2000,1155.4600
2011-10-10,33.0200,1194.8900
2011-10-11,32.8600,1195.5400
2011-10-12,31.2600,1207.2500
2011-10-13,30.7000,1203.6600
2011-10-14,28.2400,1224.5800
2011-10-17,33.3900,1200.8600
2011-10-18,31.5600,1225.3800
2011-10-19,34.4400,1209.8800
2011-10-20,34.7800,1215.3900
2011-10-21,31.3200,1238.2500
2011-10-24,29.2600,1254.1899
2011-10-25,32.2200,1229.0500
2011-10-26,29.8600,1242.0000
2011-10-27,25.4600,1284.5900
2011-10-28,24.5300,1285.0900
2011-10-31,29.9600,1253.3000
2011-11-01,34.7700,1218.2800
2011-11-02,32.7400,1237.9000
2011-11-03,30.5000,1261.1500
2011-11-04,30.1600,1253.2300
2011-11-07,29.8500,1261.1200
2011-11-08,27.4800,1275.9200
2011-11-09,36.1600,1229.1000
2011-11-10,32.8100,1239.7000
2011-11-11,30.0400,1263.8500
2011-11-14,31.1300,1251.7800
2011-11-15,31.2200,1257.8101
2011-11-16,33.5100,1236.9100
2011-11-17,34.5100,1216.1300
2011-11-18,32.0000,1215.6500
2011-11-21,32.9100,1192.9800
2011-11-22,31.9700,1188.0400
2011-11-23,33.9800,1161.7900
2011-11-25,34.4700,1158.6700
2011-11-28,32.1300,1192.5500
2011-11-29,30.6400,1195.1899
2011-11-30,27.8000,1246.9600
2011-12-01,27.4100,1244.5800
2011-12-02,27.5200,1244.2800
2011-12-05,27.8400,1257.0800
2011-12-06,28.1300,1258.4700
2011-12-07,28.6700,1261.0100
2011-12-08,30.5900,1234.3500
2011-12-09,26.3800,1255.1899
2011-12-12,25.6700,1236.4700
2011-12-13,25.4100,1225.7300
2011-12-14,26.0400,1211.8199
2011-12-15,25.1100,1215.7500
2011-12-16,24.2900,1219.6600
2011-12-19,24.9200,1205.3500
2011-12-20,23.2200,1241.3000
2011-12-21,21.4300,1243.7200
2011-12-22,21.1600,1254.0000
2011-12-23,20.7300,1265.3300
2011-12-27,21.9100,1265.4301
2011-12-28,23.5200,1249.6400
2011-12-29,22.6500,1263.0200
2011-12-30,23.4000,1257.6000
2012-01-03,22.9700,1277.0601
2012-01-04,22.2200,1277.3000
2012-01-05,21.4800,1281.0601
2012-01-06,20.6300,1277.8101
2012-01-09,21.0700,1280.7000
2012-01-10,20.6900,1292.0800
2012-01-11,21.0500,1292.4800
2012-01-12,20.4700,1295.5000
2012-01-13,20.9100,1289.0900
2012-01-17,22.2000,1293.6700
2012-01-18,20.8900,1308.0400
2012-01-19,19.8700,1314.5000
2012-01-20,18.2800,1315.3800
2012-01-23,18.6700,1316.0000
2012-01-24,18.9100,1314.6500
2012-01-25,18.3100,1326.0601
2012-01-26,18.5700,1318.4301
2012-01-27,18.5300,1316.3300
2012-01-30,19.4000,1313.0100
2012-01-31,19.4400,1312.4100
2012-02-01,18.5500,1324.0900
2012-02-02,17.9800,1325.5400
2012-02-03,17.1000,1344.9000
2012-02-06,17.7600,1344.3300
2012-02-07,17.6500,1347.0500
2012-02-08,18.1600,1349.9600
2012-02-09,18.6300,1351.9500
2012-02-10,20.7900,1342.6400
2012-02-13,19.0400,1351.7700
2012-02-14,19.5400,1350.5000
2012-02-15,21.1400,1343.2300
2012-02-16,19.2200,1358.0400
2012-02-17,17.7800,1361.2300
2012-02-21,18.1900,1362.2100
2012-02-22,18.1900,1357.6600
2012-02-23,16.8000,1363.4600
2012-02-24,17.3100,1365.7400
2012-02-27,18.1900,1367.5900
2012-02-28,17.9600,1372.1801
2012-02-29,18.4300,1365.6801
2012-03-01,17.2600,1374.0900
2012-03-02,17.2900,1369.6300
2012-03-05,18.0500,1364.3300
2012-03-06,20.8700,1343.3600
2012-03-07,19.0700,1352.6300
2012-03-08,17.9500,1365.9100
2012-03-09,17.1100,1370.8700
2012-03-12,15.6400,1371.0900
2012-03-13,14.8000,1395.9500
2012-03-14,15.3100,1394.2800
2012-03-15,15.4200,1402.6000
2012-03-16,14.4700,1404.1700
2012-03-19,15.0400,1409.7500
2012-03-20,15.5800,1405.5200
2012-03-21,15.1300,1402.8900
2012-03-22,15.5700,1392.7800
2012-03-23,14.8200,1397.1100
2012-03-26,14.2600,1416.5100
2012-03-27,15.5900,1412.5200
2012-03-28,15.4700,1405.5400
2012-03-29,15.4800,1403.2800
2012-03-30,15.5000,1408.4700
2012-04-02,15.6400,1419.0400
2012-04-03,15.6600,1413.3800
2012-04-04,16.4400,1398.9600
2012-04-05,16.7000,1398.0800
2012-04-09,18.8100,1382.2000
2012-04-10,20.3900,1358.5900
2012-04-11,20.0200,1368.7100
2012-04-12,17.2000,1387.5699
2012-04-13,19.5500,1370.2600
2012-04-16,19.5500,1369.5699
2012-04-17,18.4600,1390.7800
2012-04-18,18.6400,1385.1400
2012-04-19,18.3600,1376.9200
2012-04-20,17.4400,1378.5300
2012-04-23,18.9700,1366.9399
2012-04-24,18.1000,1371.9700
2012-04-25,16.8200,1390.6899
2012-04-26,16.2400,1399.9800
2012-04-27,16.3200,1403.3600
2012-04-30,17.1500,1397.9100
2012-05-01,16.6000,1405.8199
2012-05-02,16.8800,1402.3101
2012-05-03,17.5600,1391.5699
2012-05-04,19.1600,1369.1000
2012-05-07,18.9400,1369.5800
2012-05-08,19.0500,1363.7200
2012-05-09,20.0800,1354.5800
2012-05-10,18.8300,1357.9900
2012-05-11,19.8900,1353.3900
2012-05-14,21.8700,1338.3500
2012-05-15,21.9700,1330.6600
2012-05-16,22.2700,1324.8000
2012-05-17,24.4900,1304.8600
2012-05-18,25.1000,1295.2200
2012-05-21,22.0100,1315.9900
2012-05-22,22.4800,1316.6300
2012-05-23,22.3300,1318.8600
2012-05-24,21.5400,1320.6801
2012-05-25,21.7600,1317.8199
2012-05-29,21.0300,1332.4200
2012-05-30,24.1400,1313.3199
2012-05-31,24.0600,1310.3300
2012-06-01,26.6600,1278.0400
2012-06-04,26.1200,1278.1801
2012-06-05,24.6800,1285.5000
2012-06-06,22.1600,1315.1300
2012-06-07,21.7200,1314.9900
2012-06-08,21.2300,1325.6600
2012-06-11,23.5600,1308.9301
2012-06-12,22.0900,1324.1801
2012-06-13,24.2700,1314.8800
2012-06-14,21.6800,1329.1000
2012-06-15,21.1100,1342.8400
2012-06-18,18.3200,1344.7800
2012-06-19,18.3800,1357.9800
2012-06-20,17.2400,1355.6899
2012-06-21,20.0800,1325.5100
2012-06-22,18.1100,1335.0200
2012-06-25,20.3800,1313.7200
2012-06-26,19.7200,1319.9900
2012-06-27,19.4500,1331.8500
2012-06-28,19.7100,1329.0400
2012-06-29,17.0800,1362.1600
2012-07-02,16.8000,1365.5100
2012-07-03,16.6600,1374.0200
2012-07-05,17.5000,1367.5800
2012-07-06,17.1000,1354.6801
2012-07-09,17.9800,1352.4600
2012-07-10,18.7200,1341.4700
2012-07-11,17.9500,1341.4500
2012-07-12,18.3300,1334.7600
2012-07-13,16.7400,1356.7800
2012-07-16,17.1100,1353.6400
2012-07-17,16.4800,1363.6700
2012-07-18,16.1600,1372.7800
2012-07-19,15.4500,1376.5100
2012-07-20,16.2700,1362.6600
2012-07-23,18.6200,1350.5200
2012-07-24,20.4700,1338.3101
2012-07-25,19.3400,1337.8900
2012-07-26,17.5300,1360.0200
2012-07-27,16.7000,1385.9700
2012-07-30,18.0300,1385.3000
2012-07-31,18.9300,1379.3199
2012-08-01,18.9600,1375.3199
2012-08-02,17.5700,1365.0000
2012-08-03,15.6400,1390.9900
2012-08-06,15.9500,1394.2300
2012-08-07,15.9900,1401.3500
2012-08-08,15.3200,1402.2200
2012-08-09,15.2800,1402.8000
2012-08-10,14.7400,1405.8700
2012-08-13,13.7000,1404.1100
2012-08-14,14.8500,1403.9301
2012-08-15,14.6300,1405.5300
2012-08-16,14.2900,1415.5100
2012-08-17,13.4500,1418.1600
2012-08-20,14.0200,1418.1300
2012-08-21,15.0200,1413.1700
2012-08-22,15.1100,1413.4900
2012-08-23,15.9600,1402.0800
2012-08-24,15.1800,1411.1300
2012-08-27,16.3500,1410.4399
2012-08-28,16.4900,1409.3000
2012-08-29,17.0600,1410.4900
2012-08-30,17.8300,1399.4800
2012-08-31,17.4700,1406.5800
2012-09-04,17.9800,1404.9399
2012-09-05,17.7400,1403.4399
2012-09-06,15.6000,1432.1200
2012-09-07,14.3800,1437.9200
2012-09-10,16.2800,1429.0800
2012-09-11,16.4100,1433.5601
2012-09-12,15.8000,1436.5601
2012-09-13,14.0500,1459.9900
2012-09-14,14.5100,1465.7700
2012-09-17,14.5900,1461.1899
2012-09-18,14.1800,1459.3199
2012-09-19,13.8800,1461.0500
2012-09-20,14.0700,1460.2600
2012-09-21,13.9800,1460.1500
2012-09-24,14.1500,1456.8900
2012-09-25,15.4300,1441.5900
2012-09-26,16.8100,1433.3199
2012-09-27,14.8400,1447.1500
2012-09-28,15.7300,1440.6700
2012-10-01,16.3200,1444.4900
2012-10-02,15.7100,1445.7500
2012-10-03,15.4300,1450.9900
2012-10-04,14.5500,1461.4000
2012-10-05,14.3300,1460.9301
2012-10-08,15.1100,1455.8800
2012-10-09,16.3700,1441.4800
2012-10-10,16.2900,1432.5601
2012-10-11,15.5900,1432.8400
2012-10-12,16.1400,1428.5900
2012-10-15,15.2700,1440.1300
2012-10-16,15.2200,1454.9200
2012-10-17,15.0700,1460.9100
2012-10-18,15.0300,1457.3400
2012-10-19,17.0600,1433.1899
2012-10-22,16.6200,1433.8199
2012-10-23,18.8300,1413.1100
2012-10-24,18.3300,1408.7500
2012-10-25,18.1200,1412.9700
2012-10-26,17.8100,1411.9399
2012-10-31,18.6000,1412.1600
2012-11-01,16.6900,1427.5900
2012-11-02,17.5900,1414.2000
2012-11-05,18.4200,1417.2600
2012-11-06,17.5800,1428.3900
2012-11-07,19.0800,1394.5300
2012-11-08,18.4900,1377.5100
2012-11-09,18.6100,1379.8500
2012-11-12,16.6800,1380.0300
2012-11-13,16.6500,1374.5300
2012-11-14,17.9200,1355.4900
2012-11-15,17.9900,1353.3300
2012-11-16,16.4100,1359.8800
2012-11-19,15.2400,1386.8900
2012-11-20,15.0800,1387.8101
2012-11-21,15.3100,1391.0300
2012-11-23,15.1400,1409.1500
2012-11-26,15.5000,1406.2900
2012-11-27,15.9200,1398.9399
2012-11-28,15.5100,1409.9301
2012-11-29,15.0600,1415.9500
2012-11-30,15.8700,1416.1801
2012-12-03,16.6400,1409.4600
2012-12-04,17.1200,1407.0500
2012-12-05,16.4600,1409.2800
2012-12-06,16.5800,1413.9399
2012-12-07,15.9000,1418.0699
2012-12-10,16.0500,1418.5500
2012-12-11,15.5700,1427.8400
2012-12-12,15.9500,1428.4800
2012-12-13,16.5600,1419.4500
2012-12-14,17.0000,1413.5800
2012-12-17,16.3400,1430.3600
2012-12-18,15.5700,1446.7900
2012-12-19,17.3600,1435.8101
2012-12-20,17.6700,1443.6899
2012-12-21,17.8400,1430.1500
2012-12-24,17.8400,1426.6600
2012-12-26,19.4800,1419.8300
2012-12-27,19.4700,1418.1000
2012-12-28,22.7200,1402.4301
2012-12-31,18.0200,1426.1899
2013-01-02,14.6800,1462.4200
2013-01-03,14.5600,1459.3700
2013-01-04,13.8300,1466.4700
2013-01-07,13.7900,1461.8900
2013-01-08,13.6200,1457.1500
2013-01-09,13.8100,1461.0200
2013-01-10,13.4900,1472.1200
2013-01-11,13.3600,1472.0500
2013-01-14,13.5200,1470.6801
2013-01-15,13.5500,1472.3400
2013-01-16,13.4200,1472.6300
2013-01-17,13.5700,1480.9399
2013-01-18,12.4600,1485.9800
2013-01-22,12.4300,1492.5601
2013-01-23,12.4600,1494.8101
2013-01-24,12.6900,1494.8199
2013-01-25,12.8900,1502.9600
2013-01-28,13.5700,1500.1801
2013-01-29,13.3100,1507.8400
2013-01-30,14.3200,1501.9600
2013-01-31,14.2800,1498.1100
2013-02-01,12.9000,1513.1700
2013-02-04,14.6700,1495.7100
2013-02-05,13.7200,1511.2900
2013-02-06,13.4100,1512.1200
2013-02-07,13.5000,1509.3900
2013-02-08,13.0200,1517.9301
2013-02-11,12.9400,1517.0100
2013-02-12,12.6400,1519.4301
2013-02-13,12.9800,1520.3300
2013-02-14,12.6600,1521.3800
2013-02-15,12.4600,1519.7900
2013-02-19,12.3100,1530.9399
2013-02-20,14.6800,1511.9500
2013-02-21,15.2200,1502.4200
2013-02-22,14.1700,1515.6000
2013-02-25,18.9900,1487.8500
2013-02-26,16.8700,1496.9399
2013-02-27,14.7300,1515.9900
2013-02-28,15.5100,1514.6801
2013-03-01,15.3600,1518.2000
2013-03-04,14.0100,1525.2000
2013-03-05,13.4800,1539.7900
2013-03-06,13.5300,1541.4600
2013-03-07,13.0600,1544.2600
2013-03-08,12.5900,1551.1801
2013-03-11,11.5600,1556.2200
2013-03-12,12.2700,1552.4800
2013-03-13,11.8300,1554.5200
2013-03-14,11.3000,1563.2300
2013-03-15,11.3000,1560.7000
2013-03-18,13.3600,1552.1000
2013-03-19,14.3900,1548.3400
2013-03-20,12.6700,1558.7100
2013-03-21,13.9900,1545.8000
2013-03-22,13.5700,1556.8900
2013-03-25,13.7400,1551.6899
2013-03-26,12.7700,1563.7700
2013-03-27,13.1500,1562.8500
2013-03-28,12.7000,1569.1899
2013-04-01,13.5800,1562.1700
2013-04-02,12.7800,1570.2500
2013-04-03,14.2100,1553.6899
2013-04-04,13.8900,1559.9800
2013-04-05,13.9200,1553.2800
2013-04-08,13.1900,1563.0699
2013-04-09,12.8400,1568.6100
2013-04-10,12.3600,1587.7300
2013-04-11,12.2400,1593.3700
2013-04-12,12.0600,1588.8500
2013-04-15,17.2700,1552.3600
2013-04-16,13.9600,1574.5699
2013-04-17,16.5100,1552.0100
2013-04-18,17.5600,1541.6100
2013-04-19,14.9700,1555.2500
2013-04-22,14.3900,1562.5000
2013-04-23,13.4800,1578.7800
2013-04-24,13.6100,1578.7900
2013-04-25,13.6200,1585.1600
2013-04-26,13.6100,1582.2400
2013-04-29,13.7100,1593.6100
2013-04-30,13.5200,1597.5699
2013-05-01,14.4900,1582.7000
2013-05-02,13.5900,1597.5900
2013-05-03,12.8500,1614.4200
2013-05-06,12.6600,1617.5000
2013-05-07,12.8300,1625.9600
2013-05-08,12.6600,1632.6899
2013-05-09,13.1300,1626.6700
2013-05-10,12.5900,1633.7000
2013-05-13,12.5500,1633.7700
2013-05-14,12.7700,1650.3400
2013-05-15,12.8100,1658.7800
2013-05-16,13.0700,1650.4700
2013-05-17,12.4500,1667.4700
2013-05-20,13.0200,1666.2900
2013-05-21,13.3700,1669.1600
2013-05-22,13.8200,1655.3500
2013-05-23,14.0700,1650.5100
2013-05-24,13.9900,1649.6000
2013-05-28,14.4800,1660.0601
2013-05-29,14.8300,1648.3600
2013-05-30,14.5300,1654.4100
2013-05-31,16.3000,1630.7400
2013-06-03,16.2800,1640.4200
2013-06-04,16.2700,1631.3800
2013-06-05,17.5000,1608.9000
2013-06-06,16.6300,1622.5601
2013-06-07,15.1400,1643.3800
2013-06-10,15.4400,1642.8101
2013-06-11,17.0700,1626.1300
2013-06-12,18.5900,1612.5200
2013-06-13,16.4100,1636.3600
2013-06-14,17.1500,1626.7300
2013-06-17,16.8000,1639.0400
2013-06-18,16.6100,1651.8101
2013-06-19,16.6400,1628.9301
2013-06-20,20.4900,1588.1899
2013-06-21,18.9000,1592.4301
2013-06-24,20.1100,1573.0900
2013-06-25,18.4700,1588.0300
2013-06-26,17.2100,1603.2600
2013-06-27,16.8600,1613.2000
2013-06-28,16.8600,1606.2800
2013-07-01,16.3700,1614.9600
2013-07-02,16.4400,1614.0800
2013-07-03,16.2000,1615.4100
2013-07-05,14.8900,1631.8900
2013-07-08,14.7800,1640.4600
2013-07-09,14.3500,1652.3199
2013-07-10,14.2100,1652.6200
2013-07-11,14.0100,1675.0200
2013-07-12,13.8400,1680.1899
2013-07-15,13.7900,1682.5000
2013-07-16,14.4200,1676.2600
2013-07-17,13.7800,1680.9100
2013-07-18,13.7700,1689.3700
2013-07-19,12.5400,1692.0900
2013-07-22,12.2900,1695.5300
2013-07-23,12.6600,1692.3900
2013-07-24,13.1800,1685.9399
2013-07-25,12.9700,1690.2500
2013-07-26,12.7200,1691.6500
2013-07-29,13.3900,1685.3300
2013-07-30,13.3900,1685.9600
2013-07-31,13.4500,1685.7300
2013-08-01,12.9400,1706.8700
2013-08-02,11.9800,1709.6700
2013-08-05,11.8400,1707.1400
2013-08-06,12.7200,1697.3700
2013-08-07,12.9800,1690.9100
2013-08-08,12.7300,1697.4800
2013-08-09,13.4100,1691.4200
2013-08-12,12.8100,1689.4700
2013-08-13,12.3100,1694.1600
2013-08-14,13.0400,1685.3900
2013-08-15,14.7300,1661.3199
2013-08-16,14.3700,1655.8300
2013-08-19,15.1000,1646.0601
2013-08-20,14.9100,1652.3500
2013-08-21,15.9400,1642.8000
2013-08-22,14.7600,1656.9600
2013-08-23,13.9800,1663.5000
2013-08-26,14.9900,1656.7800
2013-08-27,16.7700,1630.4800
2013-08-28,16.4900,1634.9600
2013-08-29,16.8100,1638.1700
2013-08-30,17.0100,1632.9700
2013-09-03,16.6100,1639.7700
2013-09-04,15.8800,1653.0800
2013-09-05,15.7700,1655.0800
2013-09-06,15.8500,1655.1700
2013-09-09,15.6300,1671.7100
2013-09-10,14.5300,1683.9900
2013-09-11,13.8200,1689.1300
2013-09-12,14.2900,1683.4200
2013-09-13,14.1600,1687.9900
2013-09-16,14.3800,1697.6000
2013-09-17,14.5300,1704.7600
2013-09-18,13.5900,1725.5200
2013-09-19,13.1600,1722.3400
2013-09-20,13.1200,1709.9100
2013-09-23,14.3100,1701.8400
2013-09-24,14.0800,1697.4200
2013-09-25,14.0100,1692.7700
2013-09-26,14.0600,1698.6700
2013-09-27,15.4600,1691.7500
2013-09-30,16.6000,1681.5500
2013-10-01,15.5400,1695.0000
2013-10-02,16.6000,1693.8700
2013-10-03,17.6700,1678.6600
2013-10-04,16.7400,1690.5000
2013-10-07,19.4100,1676.1200
2013-10-08,20.3400,1655.4500
2013-10-09,19.6000,1656.4000
2013-10-10,16.4800,1692.5601
2013-10-11,15.7200,1703.2000
2013-10-14,16.0700,1710.1400
2013-10-15,18.6600,1698.0601
2013-10-16,14.7100,1721.5400
2013-10-17,13.4800,1733.1500
2013-10-18,13.0400,1744.5000
2013-10-21,13.1600,1744.6600
2013-10-22,13.3300,1754.6700
2013-10-23,13.4200,1746.3800
2013-10-24,13.2000,1752.0699
2013-10-25,13.0900,1759.7700
2013-10-28,13.3100,1762.1100
2013-10-29,13.4100,1771.9500
2013-10-30,13.6500,1763.3101
2013-10-31,13.7500,1756.5400
2013-11-01,13.2800,1761.6400
2013-11-04,12.9300,1767.9301
2013-11-05,13.2700,1762.9700
2013-11-06,12.6700,1770.4900
2013-11-07,13.9100,1747.1500
2013-11-08,12.9000,1770.6100
2013-11-11,12.5300,1771.8900
2013-11-12,12.8200,1767.6899
2013-11-13,12.5200,1782.0000
2013-11-14,12.3700,1790.6200
2013-11-15,12.1900,1798.1801
2013-11-18,13.1000,1791.5300
2013-11-19,13.3900,1787.8700
2013-11-20,13.4000,1781.3700
2013-11-21,12.6600,1795.8500
2013-11-22,12.2600,1804.7600
2013-11-25,12.7900,1802.4800
2013-11-26,12.8100,1802.7500
2013-11-27,12.9800,1807.2300
2013-11-29,13.7000,1805.8101
2013-12-02,14.2300,1800.9000
2013-12-03,14.5500,1795.1500
2013-12-04,14.7000,1792.8101
2013-12-05,15.0800,1785.0300
2013-12-06,13.7900,1805.0900
2013-12-09,13.4900,1808.3700
2013-12-10,13.9100,1802.6200
2013-12-11,15.4200,1782.2200
2013-12-12,15.5400,1775.5000
2013-12-13,15.7600,1775.3199
2013-12-16,16.0300,1786.5400
2013-12-17,16.2100,1781.0000
2013-12-18,13.8000,1810.6500
2013-12-19,14.1500,1809.6000
2013-12-20,13.7900,1818.3199
2013-12-23,13.0400,1827.9900
2013-12-24,12.4800,1833.3199
2013-12-26,12.3300,1842.0200
2013-12-27,12.4600,1841.4000
2013-12-30,13.5600,1841.0699
2013-12-31,13.7200,1848.3600
2014-01-02,14.2300,1831.9800
2014-01-03,13.7600,1831.3700
2014-01-06,13.5500,1826.7700
2014-01-07,12.9200,1837.8800
2014-01-08,12.8700,1837.4900
2014-01-09,12.8900,1838.1300
2014-01-10,12.1400,1842.3700
2014-01-13,13.2800,1819.2000
2014-01-14,12.2800,1838.8800
2014-01-15,12.2800,1848.3800
2014-01-16,12.5300,1845.8900
2014-01-17,12.4400,1838.7000
2014-01-21,12.8700,1843.8000
2014-01-22,12.8400,1844.8600
2014-01-23,13.7700,1828.4600
2014-01-24,18.1400,1790.2900
2014-01-27,17.4200,1781.5601
2014-01-28,15.8000,1792.5000
2014-01-29,17.3500,1774.2000
2014-01-30,17.2900,1794.1899
2014-01-31,18.4100,1782.5900
2014-02-03,21.4400,1741.8900
2014-02-04,19.1100,1755.2000
2014-02-05,19.9500,1751.6400
2014-02-06,17.2300,1773.4301
2014-02-07,15.2900,1797.0200
2014-02-10,15.2600,1799.8400
2014-02-11,14.5100,1819.7500
2014-02-12,14.3000,1819.2600
2014-02-13,14.1400,1829.8300
2014-02-14,13.5700,1838.6300
2014-02-18,13.8700,1840.7600
2014-02-19,15.5000,1828.7500
2014-02-20,14.7900,1839.7800
2014-02-21,14.6800,1836.2500
2014-02-24,14.2300,1847.6100
2014-02-25,13.6700,1845.1200
2014-02-26,14.3500,1845.1600
2014-02-27,14.0400,1854.2900
2014-02-28,14.0000,1859.4500
2014-03-03,16.0000,1845.7300
2014-03-04,14.1000,1873.9100
2014-03-05,13.8900,1873.8101
2014-03-06,14.2100,1877.0300
2014-03-07,14.1100,1878.0400
2014-03-10,14.2000,1877.1700
2014-03-11,14.8000,1867.6300
2014-03-12,14.4700,1868.2000
2014-03-13,16.2200,1846.3400
2014-03-14,17.8200,1841.1300
2014-03-17,15.6400,1858.8300
2014-03-18,14.5200,1872.2500
2014-03-19,15.1200,1860.7700
2014-03-20,14.5200,1872.0100
2014-03-21,15.0000,1866.5200
2014-03-24,15.0900,1857.4399
2014-03-25,14.0200,1865.6200
2014-03-26,14.9300,1852.5601
2014-03-27,14.6200,1849.0400
2014-03-28,14.4100,1857.6200
2014-03-31,13.8800,1872.3400
2014-04-01,13.1000,1885.5200
2014-04-02,13.0900,1890.9000
2014-04-03,13.3700,1888.7700
2014-04-04,13.9600,1865.0900
2014-04-07,15.5700,1845.0400
2014-04-08,14.8900,1851.9600
2014-04-09,13.8200,1872.1801
2014-04-10,15.8900,1833.0800
2014-04-11,17.0300,1815.6899
2014-04-14,16.1100,1830.6100
2014-04-15,15.6100,1842.9800
2014-04-16,14.1800,1862.3101
2014-04-17,13.3600,1864.8500
2014-04-21,13.2500,1871.8900
2014-04-22,13.1900,1879.5500
2014-04-23,13.2700,1875.3900
2014-04-24,13.3200,1878.6100
2014-04-25,14.0600,1863.4000
2014-04-28,13.9700,1869.4301
2014-04-29,13.7100,1878.3300
2014-04-30,13.4100,1883.9500
2014-05-01,13.2500,1883.6801
2014-05-02,12.9100,1881.1400
2014-05-05,13.2900,1884.6600
2014-05-06,13.8000,1867.7200
2014-05-07,13.4000,1878.2100
2014-05-08,13.4300,1875.6300
2014-05-09,12.9200,1878.4800
2014-05-12,12.2300,1896.6500
2014-05-13,12.1300,1897.4500
2014-05-14,12.1700,1888.5300
2014-05-15,13.1700,1870.8500
2014-05-16,12.4400,1877.8600
2014-05-19,12.4200,1885.0800
2014-05-20,12.9600,1872.8300
2014-05-21,11.9100,1888.0300
2014-05-22,12.0300,1892.4900
2014-05-23,11.3600,1900.5300
2014-05-27,11.5100,1911.9100
2014-05-28,11.6800,1909.7800
2014-05-29,11.5700,1920.0300
2014-05-30,11.4000,1923.5699
2014-06-02,11.5800,1924.9700
2014-06-03,11.8700,1924.2400
2014-06-04,12.0800,1927.8800
2014-06-05,11.6800,1940.4600
2014-06-06,10.7300,1949.4399
2014-06-09,11.1500,1951.2700
2014-06-10,10.9900,1950.7900
2014-06-11,11.6000,1943.8900
2014-06-12,12.5600,1930.1100
2014-06-13,12.1800,1936.1600
2014-06-16,12.6500,1937.7800
2014-06-17,12.0600,1941.9900
2014-06-18,10.6100,1956.9800
2014-06-19,10.6200,1959.4800
2014-06-20,10.8500,1962.8700
2014-06-23,10.9800,1962.6100
2014-06-24,12.1300,1949.9800
2014-06-25,11.5900,1959.5300
2014-06-26,11.6300,1957.2200
2014-06-27,11.2600,1960.9600
2014-06-30,11.5700,1960.2300
2014-07-01,11.1500,1973.3199
2014-07-02,10.8200,1974.6200
2014-07-03,10.3200,1985.4399
2014-07-07,11.3300,1977.6500
2014-07-08,11.9800,1963.7100
2014-07-09,11.6500,1972.8300
2014-07-10,12.5900,1964.6801
2014-07-11,12.0800,1967.5699
2014-07-14,11.8200,1977.1000
2014-07-15,11.9600,1973.2800
2014-07-16,11.0000,1981.5699
2014-07-17,14.5400,1958.1200
2014-07-18,12.0600,1978.2200
2014-07-21,12.8100,1973.6300
2014-07-22,12.2400,1983.5300
2014-07-23,11.5200,1987.0100
2014-07-24,11.8400,1987.9800
2014-07-25,12.6900,1978.3400
2014-07-28,12.5600,1978.9100
2014-07-29,13.2800,1969.9500
2014-07-30,13.3300,1970.0699
2014-07-31,16.9500,1930.6700
2014-08-01,17.0300,1925.1500
2014-08-04,15.1200,1938.9900
2014-08-05,16.8700,1920.2100
2014-08-06,16.3700,1920.2400
2014-08-07,16.6600,1909.5699
2014-08-08,15.7700,1931.5900
2014-08-11,14.2300,1936.9200
2014-08-12,14.1300,1933.7500
2014-08-13,12.9000,1946.7200
2014-08-14,12.4200,1955.1801
2014-08-15,13.1500,1955.0601
2014-08-18,12.3200,1971.7400
2014-08-19,12.2100,1981.6000
2014-08-20,11.7800,1986.5100
2014-08-21,11.7600,1992.3700
2014-08-22,11.4700,1988.4000
2014-08-25,11.7000,1997.9200
2014-08-26,11.6300,2000.0200
2014-08-27,11.7800,2000.1200
2014-08-28,12.0500,1996.7400
2014-08-29,12.0900,2003.3700
2014-09-02,12.2500,2002.2800
2014-09-03,12.3600,2000.7200
2014-09-04,12.6400,1997.6500
2014-09-05,12.0900,2007.7100
2014-09-08,12.6600,2001.5400
2014-09-09,13.5000,1988.4399
2014-09-10,12.8800,1995.6899
2014-09-11,12.8000,1997.4500
2014-09-12,13.3100,1985.5400
2014-09-15,14.1200,1984.1300
2014-09-16,12.7300,1998.9800
2014-09-17,12.6500,2001.5699
2014-09-18,12.0300,2011.3600
2014-09-19,12.1100,2010.4000
2014-09-22,13.6900,1994.2900
2014-09-23,14.9300,1982.7700
2014-09-24,13.2700,1998.3000
2014-09-25,15.6400,1965.9900
2014-09-26,14.8500,1982.8500
2014-09-29,15.9800,1977.8000
2014-09-30,16.3100,1972.2900
2014-10-01,16.7100,1946.1600
2014-10-02,16.1600,1946.1700
2014-10-03,14.5500,1967.9000
2014-10-06,15.4600,1964.8199
2014-10-07,17.2000,1935.1000
2014-10-08,15.1100,1968.8900
2014-10-09,18.7600,1928.2100
2014-10-10,21.2400,1906.1300
2014-10-13,24.6400,1874.7400
2014-10-14,22.7900,1877.7000
2014-10-15,25.2700,1862.4900
2014-10-16,25.2000,1862.7600
2014-10-17,21.9900,1886.7600
2014-10-20,18.5700,1904.0100
2014-10-21,16.0800,1941.2800
2014-10-22,17.8700,1927.1100
2014-10-23,16.5300,1950.8199
2014-10-24,16.1100,1964.5800
2014-10-27,16.0400,1961.6300
2014-10-28,14.3900,1985.0500
2014-10-29,15.1500,1982.3000
2014-10-30,14.5200,1994.6500
2014-10-31,14.0300,2018.0500
2014-11-03,14.7300,2017.8101
2014-11-04,14.8900,2012.1000
2014-11-05,14.1700,2023.5699
2014-11-06,13.6700,2031.2100
2014-11-07,13.1200,2031.9200
2014-11-10,12.6700,2038.2600
2014-11-11,12.9200,2039.6801
2014-11-12,13.0200,2038.2500
2014-11-13,13.7900,2039.3300
2014-11-14,13.3100,2039.8199
2014-11-17,13.9900,2041.3199
2014-11-18,13.8600,2051.8000
2014-11-19,13.9600,2048.7200
2014-11-20,13.5800,2052.7500
2014-11-21,12.9000,2063.5000
2014-11-24,12.6200,2069.4099
2014-11-25,12.2500,2067.0300
2014-11-26,12.0700,2072.8301
2014-11-28,13.3300,2067.5601
2014-12-01,14.1600,2053.4399
2014-12-02,12.8500,2066.5500
2014-12-03,12.5000,2074.3301
2014-12-04,12.3800,2071.9199
2014-12-05,11.8900,2075.3701
2014-12-08,14.2100,2060.3101
2014-12-09,15.3500,2059.8201
2014-12-10,18.5300,2026.1400
2014-12-11,20.0800,2035.3300
2014-12-12,21.0800,2002.3300
2014-12-15,20.4200,1989.6300
2014-12-16,23.5700,1972.7400
2014-12-17,19.4400,2012.8900
2014-12-18,16.8100,2061.2300
2014-12-19,16.4900,2070.6499
2014-12-22,15.2500,2078.5400
2014-12-23,14.8000,2082.1699
2014-12-24,14.3700,2081.8799
2014-12-26,14.5000,2088.7700
2014-12-29,15.0600,2090.5701
2014-12-30,15.9200,2080.3501
2014-12-31,19.2000,2058.8999
2015-01-02,17.7900,2058.2000
2015-01-05,19.9200,2020.5800
2015-01-06,21.1200,2002.6100
2015-01-07,19.3100,2025.9000
2015-01-08,17.0100,2062.1399
2015-01-09,17.5500,2044.8101
2015-01-12,19.6000,2028.2600
2015-01-13,20.5600,2023.0300
2015-01-14,21.4800,2011.2700
2015-01-15,22.3900,1992.6700
2015-01-16,20.9500,2019.4200
2015-01-20,19.8900,2022.5500
2015-01-21,18.8500,2032.1200
2015-01-22,16.4000,2063.1499
2015-01-23,16.6600,2051.8201
2015-01-26,15.5200,2057.0901
2015-01-27,17.2200,2029.5500
2015-01-28,20.4400,2002.1600
2015-01-29,18.7600,2021.2500
2015-01-30,20.9700,1994.9900
2015-02-02,19.4300,2020.8500
2015-02-03,17.3300,2050.0300
2015-02-04,18.3300,2041.5100
2015-02-05,16.8500,2062.5200
2015-02-06,17.2900,2055.4700
2015-02-09,18.5500,2046.7400
2015-02-10,17.2300,2068.5901
2015-02-11,16.9600,2068.5300
2015-02-12,15.3400,2088.4800
2015-02-13,14.6900,2096.9900
2015-02-17,15.8000,2100.3401
2015-02-18,15.4500,2099.6799
2015-02-19,15.2900,2097.4500
2015-02-20,14.3000,2110.3000
2015-02-23,14.5600,2109.6599
2015-02-24,13.6900,2115.4800
2015-02-25,13.8400,2113.8601
2015-02-26,13.9100,2110.7400
2015-02-27,13.3400,2104.5000
2015-03-02,13.0400,2117.3899
2015-03-03,13.8600,2107.7800
2015-03-04,14.2300,2098.5300
2015-03-05,14.0400,2101.0400
2015-03-06,15.2000,2071.2600
2015-03-09,15.0600,2079.4299
2015-03-10,16.6900,2044.1600
2015-03-11,16.8700,2040.2400
2015-03-12,15.4200,2065.9500
2015-03-13,16.0000,2053.3999
2015-03-16,15.6100,2081.1899
2015-03-17,15.6600,2074.2800
2015-03-18,13.9700,2099.5000
2015-03-19,14.0700,2089.2700
2015-03-20,13.0200,2108.1001
2015-03-23,13.4100,2104.4199
2015-03-24,13.6200,2091.5000
2015-03-25,15.4400,2061.0500
2015-03-26,15.8000,2056.1499
2015-03-27,15.0700,2061.0200
2015-03-30,14.5100,2086.2400
2015-03-31,15.2900,2067.8899
2015-04-01,15.1100,2059.6899
2015-04-02,14.6700,2066.9600
2015-04-06,14.7400,2080.6201
2015-04-07,14.7800,2076.3301
2015-04-08,13.9800,2081.8999
2015-04-09,13.0900,2091.1799
2015-04-10,12.5800,2102.0601
2015-04-13,13.9400,2092.4299
2015-04-14,13.6700,2095.8401
2015-04-15,12.8400,2106.6299
2015-04-16,12.6000,2104.9900
2015-04-17,13.8900,2081.1799
2015-04-20,13.3000,2100.3999
2015-04-21,13.2500,2097.2900
2015-04-22,12.7100,2107.9600
2015-04-23,12.4800,2112.9299
2015-04-24,12.2900,2117.6899
2015-04-27,13.1200,2108.9199
2015-04-28,12.4100,2114.7600
2015-04-29,13.3900,2106.8501
2015-04-30,14.5500,2085.5100
2015-05-01,12.7000,2108.2900
2015-05-04,12.8500,2114.4900
2015-05-05,14.3100,2089.4600
2015-05-06,15.1500,2080.1499
2015-05-07,15.1300,2088.0000
2015-05-08,12.8600,2116.1001
2015-05-11,13.8500,2105.3301
2015-05-12,13.8600,2099.1201
2015-05-13,13.7600,2098.4800
2015-05-14,12.7400,2121.1001
2015-05-15,12.3800,2122.7300
2015-05-18,12.7300,2129.2000
2015-05-19,12.8500,2127.8301
2015-05-20,12.8800,2125.8501
2015-05-21,12.1100,2130.8201
2015-05-22,12.1300,2126.0601
2015-05-26,14.0600,2104.2000
2015-05-27,13.2700,2123.4800
2015-05-28,13.3100,2120.7900
2015-05-29,13.8400,2107.3899
2015-06-01,13.9700,2111.7300
2015-06-02,14.2400,2109.6001
2015-06-03,13.6600,2114.0701
2015-06-04,14.7100,2095.8401
2015-06-05,14.2100,2092.8301
2015-06-08,15.2900,2079.2800
2015-06-09,14.4700,2080.1499
2015-06-10,13.2200,2105.2000
2015-06-11,12.8500,2108.8601
2015-06-12,13.7800,2094.1101
2015-06-15,15.3900,2084.4299
2015-06-16,14.8100,2096.2900
2015-06-17,14.5000,2100.4399
2015-06-18,13.1900,2121.2400
2015-06-19,13.9600,2109.9900
2015-06-22,12.7400,2122.8501
2015-06-23,12.1100,2124.2000
2015-06-24,13.2600,2108.5801
2015-06-25,14.0100,2102.3101
2015-06-26,14.0200,2101.4900
2015-06-29,18.8500,2057.6399
2015-06-30,18.2300,2063.1101
2015-07-01,16.0900,2077.4199
2015-07-02,16.7900,2076.7800
2015-07-06,17.0100,2068.7600
2015-07-07,16.0900,2081.3401
2015-07-08,19.6600,2046.6801
2015-07-09,19.9700,2051.3101
2015-07-10,16.8300,2076.6201
2015-07-13,13.9000,2099.6001
2015-07-14,13.3700,2108.9500
2015-07-15,13.2300,2107.3999
2015-07-16,12.1100,2124.2900
2015-07-17,11.9500,2126.6399
2015-07-20,12.2500,2128.2800
2015-07-21,12.2200,2119.2100
2015-07-22,12.1200,2114.1499
2015-07-23,12.6400,2102.1499
2015-07-24,13.7400,2079.6499
2015-07-27,15.6000,2067.6399
2015-07-28,13.4400,2093.2500
2015-07-29,12.5000,2108.5701
2015-07-30,12.1300,2108.6299
2015-07-31,12.1200,2103.8401
2015-08-03,12.5600,2098.0400
2015-08-04,13.0000,2093.3201
2015-08-05,12.5100,2099.8401
2015-08-06,13.7700,2083.5601
2015-08-07,13.3900,2077.5701
2015-08-10,12.2300,2104.1799
2015-08-11,13.7100,2084.0701
2015-08-12,13.6100,2086.0500
2015-08-13,13.4900,2083.3899
2015-08-14,12.8300,2091.5400
2015-08-17,13.0200,2102.4399
2015-08-18,13.7900,2096.9199
2015-08-19,15.2500,2079.6101
2015-08-20,19.1400,2035.7300
2015-08-21,28.0300,1970.8900
2015-08-24,40.7400,1893.2100
2015-08-25,36.0200,1867.6100
2015-08-26,30.3200,1940.5100
2015-08-27,26.1000,1987.6600
2015-08-28,26.0500,1988.8700
2015-08-31,28.4300,1972.1801
2015-09-01,31.4000,1913.8500
2015-09-02,26.0900,1948.8600
2015-09-03,25.6100,1951.1300
2015-09-04,27.8000,1921.2200
2015-09-08,24.9000,1969.4100
2015-09-09,26.2300,1942.0400
2015-09-10,24.3700,1952.2900
2015-09-11,23.2000,1961.0500
2015-09-14,24.2500,1953.0300
2015-09-15,22.5400,1978.0900
2015-09-16,21.3500,1995.3101
2015-09-17,21.1400,1990.2000
2015-09-18,22.2800,1958.0300
2015-09-21,20.1400,1966.9700
2015-09-22,22.4400,1942.7400
2015-09-23,22.1300,1938.7600
2015-09-24,23.4700,1932.2400
2015-09-25,23.6200,1931.3400
2015-09-28,27.6300,1881.7700
2015-09-29,26.8300,1884.0900
2015-09-30,24.5000,1920.0300
2015-10-01,22.5500,1923.8199
2015-10-02,20.9400,1951.3600
2015-10-05,19.5400,1987.0500
2015-10-06,19.4000,1979.9200
2015-10-07,18.4000,1995.8300
2015-10-08,17.4200,2013.4301
2015-10-09,17.0800,2014.8900
2015-10-12,16.1700,2017.4600
2015-10-13,17.6700,2003.6899
2015-10-14,18.0300,1994.2400
2015-10-15,16.0500,2023.8600
2015-10-16,15.0500,2033.1100
2015-10-19,14.9800,2033.6600
2015-10-20,15.7500,2030.7700
2015-10-21,16.7000,2018.9399
2015-10-22,14.4500,2052.5100
2015-10-23,14.4600,2075.1499
2015-10-26,15.2900,2071.1799
2015-10-27,15.4300,2065.8899
2015-10-28,14.3300,2090.3501
2015-10-29,14.6100,2089.4099
2015-10-30,15.0700,2079.3601
2015-11-02,14.1500,2104.0500
2015-11-03,14.5400,2109.7900
2015-11-04,15.5100,2102.3101
2015-11-05,15.0500,2099.9299
2015-11-06,14.3300,2099.2000
2015-11-09,16.5200,2078.5801
2015-11-10,15.2900,2081.7200
2015-11-11,16.0600,2075.0000
2015-11-12,18.3700,2045.9700
2015-11-13,20.0800,2023.0400
2015-11-16,18.1600,2053.1899
2015-11-17,18.8400,2050.4399
2015-11-18,16.8500,2083.5801
2015-11-19,16.9900,2081.2400
2015-11-20,15.4700,2089.1699
2015-11-23,15.6200,2086.5901
2015-11-24,15.9300,2089.1399
2015-11-25,15.1900,2088.8701
2015-11-27,15.1200,2090.1101
2015-11-30,16.1300,2080.4099
2015-12-01,14.6700,2102.6299
2015-12-02,15.9100,2079.5100
2015-12-03,18.1100,2049.6201
2015-12-04,14.8100,2091.6899
2015-12-07,15.8400,2077.0701
2015-12-08,17.6000,2063.5901
2015-12-09,19.6100,2047.6200
2015-12-10,19.3400,2052.2300
2015-12-11,24.3900,2012.3700
2015-12-14,22.7300,2021.9399
2015-12-15,20.9500,2043.4100
2015-12-16,17.8600,2073.0701
2015-12-17,18.9400,2041.8900
2015-12-18,20.7000,2005.5500
2015-12-21,18.7000,2021.1500
2015-12-22,16.6000,2038.9700
2015-12-23,15.5700,2064.2900
2015-12-24,15.7400,2060.9900
2015-12-28,16.9100,2056.5000
2015-12-29,16.0800,2078.3601
2015-12-30,17.2900,2063.3601
2015-12-31,18.2100,2043.9399
2016-01-04,20.7000,2012.6600
2016-01-05,19.3400,2016.7100
2016-01-06,20.5900,1990.2600
2016-01-07,24.9900,1943.0900
2016-01-08,27.0100,1922.0300
2016-01-11,24.3000,1923.6700
2016-01-12,22.4700,1938.6801
2016-01-13,25.2200,1890.2800
2016-01-14,23.9500,1921.8400
2016-01-15,27.0200,1880.3300
2016-01-19,26.0500,1881.3300
2016-01-20,27.5900,1859.3300
2016-01-21,26.6900,1868.9900
2016-01-22,22.3400,1906.9000
2016-01-25,24.1500,1877.0800
2016-01-26,22.5000,1903.6300
2016-01-27,23.1100,1882.9500
2016-01-28,22.4200,1893.3600
2016-01-29,20.2000,1940.2400
2016-02-01,19.9800,1939.3800
2016-02-02,21.9800,1903.0300
2016-02-03,21.6500,1912.5300
2016-02-04,21.8400,1915.4500
2016-02-05,23.3800,1880.0500
2016-02-08,26.0000,1853.4399
2016-02-09,26.5400,1852.2100
2016-02-10,26.2900,1851.8600
2016-02-11,28.1400,1829.0800
2016-02-12,25.4000,1864.7800
2016-02-16,24.1100,1895.5800
2016-02-17,22.3100,1926.8199
2016-02-18,21.6400,1917.8300
2016-02-19,20.5300,1917.7800
2016-02-22,19.3800,1945.5000
2016-02-23,20.9800,1921.2700
2016-02-24,20.7200,1929.8000
2016-02-25,19.1100,1951.7000
2016-02-26,19.8100,1948.0500
2016-02-29,20.5500,1932.2300
2016-03-01,17.7000,1978.3500
2016-03-02,17.0900,1986.4500
2016-03-03,16.7000,1993.4000
2016-03-04,16.8600,1999.9900
2016-03-07,17.3500,2001.7600
2016-03-08,18.6700,1979.2600
2016-03-09,18.3400,1989.2600
2016-03-10,18.0500,1989.5699
2016-03-11,16.5000,2022.1899
2016-03-14,16.9200,2019.6400
2016-03-15,16.8400,2015.9301
2016-03-16,14.9900,2027.2200
2016-03-17,14.4400,2040.5900
2016-03-18,14.0200,2049.5801
2016-03-21,13.7900,2051.6001
2016-03-22,14.1700,2049.8000
2016-03-23,14.9400,2036.7100
2016-03-24,14.7400,2035.9399
2016-03-28,15.2400,2037.0500
2016-03-29,13.8200,2055.0100
2016-03-30,13.5600,2063.9500
2016-03-31,13.9500,2059.7400
2016-04-01,13.1000,2072.7800
2016-04-04,14.1200,2066.1299
2016-04-05,15.4200,2045.1700
2016-04-06,14.0900,2066.6599
2016-04-07,16.1600,2041.9100
2016-04-08,15.3600,2047.6000
2016-04-11,16.2600,2041.9900
2016-04-12,14.8500,2061.7200
2016-04-13,13.8400,2082.4199
2016-04-14,13.7200,2082.7800
2016-04-15,13.6200,2080.7300
2016-04-18,13.3500,2094.3401
2016-04-19,13.2400,2100.8000
2016-04-20,13.2800,2102.3999
2016-04-21,13.9500,2091.4800
2016-04-22,13.2200,2091.5801
2016-04-25,14.0800,2087.7900
2016-04-26,13.9600,2091.7000
2016-04-27,13.7700,2095.1499
2016-04-28,15.2200,2075.8101
2016-04-29,15.7000,2065.3000
2016-05-02,14.6800,2081.4299
2016-05-03,15.6000,2063.3701
2016-05-04,16.0500,2051.1201
2016-05-05,15.9100,2050.6299
2016-05-06,14.7200,2057.1399
2016-05-09,14.5700,2058.6899
2016-05-10,13.6300,2084.3899
2016-05-11,14.6900,2064.4600
2016-05-12,14.4100,2064.1101
2016-05-13,15.0400,2046.6100
2016-05-16,14.6800,2066.6599
2016-05-17,15.5700,2047.2100
2016-05-18,15.9500,2047.6300
2016-05-19,16.3300,2040.0400
2016-05-20,15.2000,2052.3201
2016-05-23,15.8200,2048.0400
2016-05-24,14.4200,2076.0601
2016-05-25,13.9000,2090.5400
2016-05-26,13.4300,2090.1001
2016-05-27,13.1200,2099.0601
2016-05-31,14.1900,2096.9500
2016-06-01,14.2000,2099.3301
2016-06-02,13.6300,2105.2600
2016-06-03,13.4700,2099.1299
2016-06-06,13.6500,2109.4099
2016-06-07,14.0500,2112.1299
2016-06-08,14.0800,2119.1201
2016-06-09,14.6400,2115.4800
2016-06-10,17.0300,2096.0701
2016-06-13,20.9700,2079.0601
2016-06-14,20.5000,2075.3201
2016-06-15,20.1400,2071.5000
2016-06-16,19.3700,2077.9900
2016-06-17,19.4100,2071.2200
2016-06-20,18.3700,2083.2500
2016-06-21,18.4800,2088.8999
2016-06-22,21.1700,2085.4500
2016-06-23,17.2500,2113.3201
2016-06-24,25.7600,2037.4100
2016-06-27,23.8500,2000.5400
2016-06-28,18.7500,2036.0900
2016-06-29,16.6400,2070.7700
2016-06-30,15.6300,2098.8601
2016-07-01,14.7700,2102.9500
2016-07-05,15.5800,2088.5500
2016-07-06,14.9600,2099.7300
2016-07-07,14.7600,2097.8999
2016-07-08,13.2000,2129.8999
2016-07-11,13.5400,2137.1599
2016-07-12,13.5500,2152.1399
2016-07-13,13.0400,2152.4299
2016-07-14,12.8200,2163.7500
2016-07-15,12.6700,2161.7400
2016-07-18,12.4400,2166.8899
2016-07-19,11.9700,2163.7800
2016-07-20,11.7700,2173.0200
2016-07-21,12.7400,2165.1699
2016-07-22,12.0200,2175.0300
2016-07-25,12.8700,2168.4800
2016-07-26,13.0500,2169.1799
2016-07-27,12.8300,2166.5801
2016-07-28,12.7200,2170.0601
2016-07-29,11.8700,2173.6001
2016-08-01,12.4400,2170.8401
2016-08-02,13.3700,2157.0300
2016-08-03,12.8600,2163.7900
2016-08-04,12.4200,2164.2500
2016-08-05,11.3900,2182.8701
2016-08-08,11.5000,2180.8899
2016-08-09,11.6600,2181.7400
2016-08-10,12.0500,2175.4900
2016-08-11,11.6800,2185.7900
2016-08-12,11.5500,2184.0500
2016-08-15,11.8100,2190.1499
2016-08-16,12.6400,2178.1499
2016-08-17,12.1900,2182.2200
2016-08-18,11.4300,2187.0200
2016-08-19,11.3400,2183.8701
2016-08-22,12.2700,2182.6399
2016-08-23,12.3800,2186.8999
2016-08-24,13.4500,2175.4399
2016-08-25,13.6300,2172.4700
2016-08-26,13.6500,2169.0400
2016-08-29,12.9400,2180.3799
2016-08-30,13.1200,2176.1201
2016-08-31,13.4200,2170.9500
2016-09-01,13.4800,2170.8601
2016-09-02,11.9800,2179.9800
2016-09-06,12.0200,2186.4800
2016-09-07,11.9400,2186.1599
2016-09-08,12.5100,2181.3000
2016-09-09,17.5000,2127.8101
2016-09-12,15.1600,2159.0400
2016-09-13,17.8500,2127.0200
2016-09-14,18.1400,2125.7700
2016-09-15,16.3000,2147.2600
2016-09-16,15.3700,2139.1599
2016-09-19,15.5300,2139.1201
2016-09-20,15.9200,2139.7600
2016-09-21,13.3000,2163.1201
2016-09-22,12.0200,2177.1799
2016-09-23,12.2900,2164.6899
2016-09-26,14.5000,2146.1001
2016-09-27,13.1000,2159.9299
2016-09-28,12.3900,2171.3701
2016-09-29,14.0200,2151.1299
2016-09-30,13.2900,2168.2700
2016-10-03,13.5700,2161.2000
2016-10-04,13.6300,2150.4900
2016-10-05,12.9900,2159.7300
2016-10-06,12.8400,2160.7700
2016-10-07,13.4800,2153.7400
2016-10-10,13.3800,2163.6599
2016-10-11,15.3600,2136.7300
2016-10-12,15.9100,2139.1799
2016-10-13,16.6900,2132.5500
2016-10-14,16.1200,2132.9800
2016-10-17,16.2100,2126.5000
2016-10-18,15.2800,2139.6001
2016-10-19,14.4100,2144.2900
2016-10-20,13.7500,2141.3401
2016-10-21,13.3400,2141.1599
2016-10-24,13.0200,2151.3301
2016-10-25,13.4600,2143.1599
2016-10-26,14.2400,2139.4299
2016-10-27,15.3600,2133.0400
2016-10-28,16.1900,2126.4099
2016-10-31,17.0600,2126.1499
2016-11-01,18.5600,2111.7200
2016-11-02,19.3200,2097.9399
2016-11-03,22.0800,2088.6599
2016-11-04,22.5100,2085.1799
2016-11-07,18.7100,2131.5200
2016-11-08,18.7400,2139.5601
2016-11-09,14.3800,2163.2600
2016-11-10,14.7400,2167.4800
2016-11-11,14.1700,2164.4500
2016-11-14,14.4800,2164.2000
2016-11-15,13.3700,2180.3899
2016-11-16,13.7200,2176.9399
2016-11-17,13.3500,2187.1201
2016-11-18,12.8500,2181.8999
2016-11-21,12.4200,2198.1799
2016-11-22,12.4100,2202.9399
2016-11-23,12.4300,2204.7200
2016-11-25,12.3400,2213.3501
2016-11-28,13.1500,2201.7200
2016-11-29,12.9000,2204.6599
2016-11-30,13.3300,2198.8101
2016-12-01,14.0700,2191.0801
2016-12-02,14.1200,2191.9500
2016-12-05,12.1400,2204.7100
2016-12-06,11.7900,2212.2300
2016-12-07,12.2200,2241.3501
2016-12-08,12.6400,2246.1899
2016-12-09,11.7500,2259.5300
2016-12-12,12.6400,2256.9600
2016-12-13,12.7200,2271.7200
2016-12-14,13.1900,2253.2800
2016-12-15,12.7900,2262.0300
2016-12-16,12.2000,2258.0701
2016-12-19,11.7100,2262.5300
2016-12-20,11.4500,2270.7600
2016-12-21,11.2700,2265.1799
2016-12-22,11.4300,2260.9600
2016-12-23,11.4400,2263.7900
2016-12-27,11.9900,2268.8799
2016-12-28,12.9500,2249.9199
2016-12-29,13.3700,2249.2600
2016-12-30,14.0400,2238.8301
2017-01-03,12.8500,2257.8301
2017-01-04,11.8500,2270.7500
2017-01-05,11.6700,2269.0000
2017-01-06,11.3200,2276.9800
2017-01-09,11.5600,2268.8999
2017-01-10,11.4900,2268.8999
2017-01-11,11.2600,2275.3201
2017-01-12,11.5400,2270.4399
2017-01-13,11.2300,2274.6399
2017-01-17,11.8700,2267.8899
2017-01-18,12.4800,2271.8899
2017-01-19,12.7800,2263.6899
2017-01-20,11.5400,2271.3101
2017-01-23,11.7700,2265.2000
2017-01-24,11.0700,2280.0701
2017-01-25,10.8100,2298.3701
2017-01-26,10.6300,2296.6799
2017-01-27,10.5800,2294.6899
2017-01-30,11.8800,2280.8999
2017-01-31,11.9900,2278.8701
2017-02-01,11.8100,2279.5500
2017-02-02,11.9300,2280.8501
2017-02-03,10.9700,2297.4199
2017-02-06,11.3700,2292.5601
2017-02-07,11.2900,2293.0801
2017-02-08,11.4500,2294.6699
2017-02-09,10.8800,2307.8701
2017-02-10,10.8500,2316.1001
2017-02-13,11.0700,2328.2500
2017-02-14,10.7400,2337.5801
2017-02-15,11.9700,2349.2500
2017-02-16,11.7600,2347.2200
2017-02-17,11.4900,2351.1599
2017-02-21,11.5700,2365.3799
2017-02-22,11.7400,2362.8201
2017-02-23,11.7100,2363.8101
2017-02-24,11.4700,2367.3401
2017-02-27,12.0900,2369.7500
2017-02-28,12.9200,2363.6399
2017-03-01,12.5400,2395.9600
2017-03-02,11.8100,2381.9199
2017-03-03,10.9600,2383.1201
2017-03-06,11.2400,2375.3101
2017-03-07,11.4500,2368.3899
2017-03-08,11.8600,2362.9800
2017-03-09,12.3000,2364.8701
2017-03-10,11.6600,2372.6001
2017-03-13,11.3500,2373.4700
2017-03-14,12.3000,2365.4500
2017-03-15,11.6300,2385.2600
2017-03-16,11.2100,2381.3799
2017-03-17,11.2800,2378.2500
2017-03-20,11.3400,2373.4700
2017-03-21,12.4700,2344.0200
2017-03-22,12.8100,2348.4500
2017-03-23,13.1200,2345.9600
2017-03-24,12.9600,2343.9800
2017-03-27,12.5000,2341.5901
2017-03-28,11.5300,2358.5701
2017-03-29,11.4200,2361.1299
2017-03-30,11.5400,2368.0601
2017-03-31,12.3700,2362.7200
2017-04-03,12.3800,2358.8401
2017-04-04,11.7900,2360.1599
2017-04-05,12.8900,2352.9500
2017-04-06,12.3900,2357.4900
2017-04-07,12.8700,2355.5400
2017-04-10,14.0500,2357.1599
2017-04-11,15.0700,2353.7800
2017-04-12,15.7700,2344.9299
2017-04-13,15.9600,2328.9500
2017-04-17,14.6600,2349.0100
2017-04-18,14.4200,2342.1899
2017-04-19,14.9300,2338.1699
2017-04-20,14.1500,2355.8401
2017-04-21,14.6300,2348.6899
2017-04-24,10.8400,2374.1499
2017-04-25,10.7600,2388.6101
2017-04-26,10.8500,2387.4500
2017-04-27,10.3600,2388.7700
2017-04-28,10.8200,2384.2000
2017-05-01,10.1100,2388.3301
2017-05-02,10.5900,2391.1699
2017-05-03,10.6800,2388.1299
2017-05-04,10.4600,2389.5200
2017-05-05,10.5700,2399.2900
2017-05-08,9.7700,2399.3799
2017-05-09,9.9600,2396.9199
2017-05-10,10.2100,2399.6299
2017-05-11,10.6000,2394.4399
2017-05-12,10.4000,2390.8999
2017-05-15,10.4200,2402.3201
2017-05-16,10.6500,2400.6699
2017-05-17,15.5900,2357.0300
2017-05-18,14.6600,2365.7200
2017-05-19,12.0400,2381.7300
2017-05-22,10.9300,2394.0200
2017-05-23,10.7200,2398.4199
2017-05-24,10.0200,2404.3899
2017-05-25,9.9900,2415.0701
2017-05-26,9.8100,2415.8201
2017-05-30,10.3800,2412.9099
2017-05-31,10.4100,2411.8000
2017-06-01,9.8900,2430.0601
2017-06-02,9.7500,2439.0701
2017-06-05,10.0700,2436.1001
2017-06-06,10.4500,2429.3301
2017-06-07,10.3900,2433.1399
2017-06-08,10.1600,2433.7900
2017-06-09,10.7000,2431.7700
2017-06-12,11.4600,2429.3899
2017-06-13,10.4200,2440.3501
2017-06-14,10.6400,2437.9199
2017-06-15,10.9000,2432.4600
2017-06-16,10.3800,2433.1499
2017-06-19,10.3700,2453.4600
2017-06-20,10.8600,2437.0300
2017-06-21,10.7500,2435.6101
2017-06-22,10.4800,2434.5000
2017-06-23,10.0200,2438.3000
2017-06-26,9.9000,2439.0701
2017-06-27,11.0600,2419.3799
2017-06-28,10.0300,2440.6899
2017-06-29,11.4400,2419.7000
2017-06-30,11.1800,2423.4099
2017-07-03,11.2200,2429.0100
2017-07-05,11.0700,2432.5400
2017-07-06,12.5400,2409.7500
2017-07-07,11.1900,2425.1799
2017-07-10,11.1100,2427.4299
2017-07-11,10.8900,2425.5300
2017-07-12,10.3000,2443.2500
2017-07-13,9.9000,2447.8301
2017-07-14,9.5100,2459.2700
2017-07-17,9.8200,2459.1399
2017-07-18,9.8900,2460.6101
2017-07-19,9.7900,2473.8301
2017-07-20,9.5800,2473.4500
2017-07-21,9.3600,2472.5400
2017-07-24,9.4300,2469.9099
2017-07-25,9.4300,2477.1299
2017-07-26,9.6000,2477.8301
2017-07-27,10.1100,2475.4199
2017-07-28,10.2900,2472.1001
2017-07-31,10.2600,2470.3000
2017-08-01,10.0900,2476.3501
2017-08-02,10.2800,2477.5701
2017-08-03,10.4400,2472.1599
2017-08-04,10.0300,2476.8301
2017-08-07,9.9300,2480.9099
2017-08-08,10.9600,2474.9199
2017-08-09,11.1100,2474.0200
2017-08-10,16.0400,2438.2100
2017-08-11,15.5100,2441.3201
2017-08-14,12.3300,2465.8401
2017-08-15,12.0400,2464.6101
2017-08-16,11.7400,2468.1101
2017-08-17,15.5500,2430.0100
2017-08-18,14.2600,2425.5500
2017-08-21,13.1900,2428.3701
2017-08-22,11.3500,2452.5100
2017-08-23,12.2500,2444.0400
2017-08-24,12.2300,2438.9700
2017-08-25,11.2800,2443.0500
2017-08-28,11.3200,2444.2400
2017-08-29,11.7000,2446.3000
2017-08-30,11.2200,2457.5901
2017-08-31,10.5900,2471.6499
2017-09-01,10.1300,2476.5500
2017-09-05,12.2300,2457.8501
2017-09-06,11.6300,2465.5400
2017-09-07,11.5500,2465.1001
2017-09-08,12.1200,2461.4299
2017-09-11,10.7300,2488.1101
2017-09-12,10.5800,2496.4800
2017-09-13,10.5000,2498.3701
2017-09-14,10.4400,2495.6201
2017-09-15,10.1700,2500.2300
2017-09-18,10.1500,2503.8701
2017-09-19,10.1800,2506.6499
2017-09-20,9.7800,2508.2400
2017-09-21,9.6700,2500.6001
2017-09-22,9.5900,2502.2200
2017-09-25,10.2100,2496.6599
2017-09-26,10.1700,2496.8401
2017-09-27,9.8700,2507.0400
2017-09-28,9.5500,2510.0601
2017-09-29,9.5100,2519.3601
2017-10-02,9.4500,2529.1201
2017-10-03,9.5100,2534.5801
2017-10-04,9.6300,2537.7400
2017-10-05,9.1900,2552.0701
2017-10-06,9.6500,2549.3301
2017-10-09,10.3300,2544.7300
2017-10-10,10.0800,2550.6399
2017-10-11,9.8500,2555.2400
2017-10-12,9.9100,2550.9299
2017-10-13,9.6100,2553.1699
2017-10-16,9.9100,2557.6399
2017-10-17,10.3100,2559.3601
2017-10-18,10.0700,2561.2600
2017-10-19,10.0500,2562.1001
2017-10-20,9.9700,2575.2100
2017-10-23,11.0700,2564.9800
2017-10-24,11.1600,2569.1299
2017-10-25,11.2300,2557.1499
2017-10-26,11.3000,2560.3999
2017-10-27,9.8000,2581.0701
2017-10-30,10.5000,2572.8301
2017-10-31,10.1800,2575.2600
2017-11-01,10.2000,2579.3601
2017-11-02,9.9300,2579.8501
2017-11-03,9.1400,2587.8401
2017-11-06,9.4000,2591.1299
2017-11-07,9.8900,2590.6399
2017-11-08,9.7800,2594.3799
2017-11-09,10.5000,2584.6201
2017-11-10,11.2900,2582.3000
2017-11-13,11.5000,2584.8401
2017-11-14,11.5900,2578.8701
2017-11-15,13.1300,2564.6201
2017-11-16,11.7600,2585.6399
2017-11-17,11.4300,2578.8501
2017-11-20,10.6500,2582.1399
2017-11-21,9.7300,2599.0300
2017-11-22,9.8800,2597.0801
2017-11-24,9.6700,2602.4199
2017-11-27,9.8700,2601.4199
2017-11-28,10.0300,2627.0400
2017-11-29,10.7000,2626.0701
2017-11-30,11.2800,2647.5801
2017-12-01,11.4300,2642.2200
2017-12-04,11.6800,2639.4399
2017-12-05,11.3300,2629.5701
2017-12-06,11.0200,2629.2700
2017-12-07,10.1600,2636.9800
2017-12-08,9.5800,2651.5000
2017-12-11,9.3400,2659.9900
2017-12-12,9.9200,2664.1101
2017-12-13,10.1800,2662.8501
2017-12-14,10.4900,2652.0100
2017-12-15,9.4200,2675.8101
2017-12-18,9.5300,2690.1599
2017-12-19,10.0300,2681.4700
2017-12-20,9.7200,2679.2500
2017-12-21,9.6200,2684.5701
2017-12-22,9.9000,2683.3401
2017-12-26,10.2500,2680.5000
2017-12-27,10.4700,2682.6201
2017-12-28,10.1800,2687.5400
2017-12-29,11.0400,2673.6101
2018-01-02,9.7700,2695.8101
2018-01-03,9.1500,2713.0601
2018-01-04,9.2200,2723.9900
2018-01-05,9.2200,2743.1499
2018-01-08,9.5200,2747.7100
2018-01-09,10.0800,2751.2900
2018-01-10,9.8200,2748.2300
2018-01-11,9.8800,2767.5601
2018-01-12,10.1600,2786.2400
2018-01-16,11.6600,2776.4199
2018-01-17,11.9100,2802.5601
2018-01-18,12.2200,2798.0300
2018-01-19,11.2700,2810.3000
2018-01-22,11.0300,2832.9700
2018-01-23,11.1000,2839.1299
2018-01-24,11.4700,2837.5400
2018-01-25,11.5800,2839.2500
2018-01-26,11.0800,2872.8701
2018-01-29,13.8400,2853.5300
2018-01-30,14.7900,2822.4299
2018-01-31,13.5400,2823.8101
2018-02-01,13.4700,2821.9800
2018-02-02,17.3100,2762.1299
2018-02-05,37.3200,2648.9399
2018-02-06,29.9800,2695.1399
2018-02-07,27.7300,2681.6599
2018-02-08,33.4600,2581.0000
2018-02-09,29.0600,2619.5500
2018-02-12,25.6100,2656.0000
2018-02-13,24.9700,2662.9399
2018-02-14,19.2600,2698.6299
2018-02-15,19.1300,2731.2000
2018-02-16,19.4600,2732.2200
2018-02-20,20.6000,2716.2600
2018-02-21,20.0200,2701.3301
2018-02-22,18.7200,2703.9600
2018-02-23,16.4900,2747.3000
2018-02-26,15.8000,2779.6001
2018-02-27,18.5900,2744.2800
2018-02-28,19.8500,2713.8301
2018-03-01,22.4700,2677.6699
2018-03-02,19.5900,2691.2500
2018-03-05,18.7300,2720.9399
2018-03-06,18.3600,2728.1201
2018-03-07,17.7600,2726.8000
2018-03-08,16.5400,2738.9700
2018-03-09,14.6400,2786.5701
2018-03-12,15.7800,2783.0200
2018-03-13,16.3500,2765.3101
2018-03-14,17.2300,2749.4800
2018-03-15,16.5900,2747.3301
2018-03-16,15.8000,2752.0100
2018-03-19,19.0200,2712.9199
2018-03-20,18.2000,2716.9399
2018-03-21,17.8600,2711.9299
2018-03-22,23.3400,2643.6899
2018-03-23,24.8700,2588.2600
2018-03-26,21.0300,2658.5500
2018-03-27,22.5000,2612.6201
2018-03-28,22.8700,2605.0000
2018-03-29,19.9700,2640.8701
2018-04-02,23.6200,2581.8799
2018-04-03,21.1000,2614.4500
2018-04-04,20.0600,2644.6899
2018-04-05,18.9400,2662.8401
2018-04-06,21.4900,2604.4700
2018-04-09,21.7700,2613.1599
2018-04-10,20.4700,2656.8701
2018-04-11,20.2400,2642.1899
2018-04-12,18.4900,2663.9900
2018-04-13,17.4100,2656.3000
2018-04-16,16.5600,2677.8401
2018-04-17,15.2500,2706.3899
2018-04-18,15.6000,2708.6399
2018-04-19,15.9600,2693.1299
2018-04-20,16.8800,2670.1399
2018-04-23,16.3400,2670.2900
2018-04-24,18.0200,2634.5601
2018-04-25,17.8400,2639.3999
2018-04-26,16.2400,2666.9399
2018-04-27,15.4100,2669.9099
2018-04-30,15.9300,2648.0500
2018-05-01,15.4900,2654.8000
2018-05-02,15.9700,2635.6699
2018-05-03,15.9000,2629.7300
2018-05-04,14.7700,2663.4199
2018-05-07,14.7500,2672.6299
2018-05-08,14.7100,2671.9199
2018-05-09,13.4200,2697.7900
2018-05-10,13.2300,2723.0701
2018-05-11,12.6500,2727.7200
2018-05-14,12.9300,2730.1299
2018-05-15,14.6300,2711.4500
2018-05-16,13.4200,2722.4600
2018-05-17,13.4300,2720.1299
2018-05-18,13.4200,2712.9700
2018-05-21,13.0800,2733.0100
2018-05-22,13.2200,2724.4399
2018-05-23,12.5800,2733.2900
2018-05-24,12.5300,2727.7600
2018-05-25,13.2200,2721.3301
2018-05-29,17.0200,2689.8601
2018-05-30,14.9400,2724.0100
2018-05-31,15.4300,2705.2700
2018-06-01,13.4600,2734.6201
2018-06-04,12.7400,2746.8701
2018-06-05,12.4000,2748.8000
2018-06-06,11.6400,2772.3501
2018-06-07,12.1300,2770.3701
2018-06-08,12.1800,2779.0300
2018-06-11,12.3500,2782.0000
2018-06-12,12.3400,2786.8501
2018-06-13,12.9400,2775.6299
2018-06-14,12.1200,2782.4900
2018-06-15,11.9800,2779.6599
2018-06-18,12.3100,2773.7500
2018-06-19,13.3500,2762.5901
2018-06-20,12.7900,2767.3201
2018-06-21,14.6400,2749.7600
2018-06-22,13.7700,2754.8799
2018-06-25,17.3300,2717.0701
2018-06-26,15.9200,2723.0601
2018-06-27,17.9100,2699.6299
2018-06-28,16.8500,2716.3101
2018-06-29,16.0900,2718.3701
2018-07-02,15.6000,2726.7100
2018-07-03,16.1400,2713.2200
2018-07-05,14.9700,2736.6101
2018-07-06,13.3700,2759.8201
2018-07-09,12.6900,2784.1699
2018-07-10,12.6400,2793.8401
2018-07-11,13.6300,2774.0200
2018-07-12,12.5800,2798.2900
2018-07-13,12.1800,2801.3101
2018-07-16,12.8300,2798.4299
2018-07-17,12.0600,2809.5500
2018-07-18,12.1000,2815.6201
2018-07-19,12.8700,2804.4900
2018-07-20,12.8600,2801.8301
2018-07-23,12.6200,2806.9800
2018-07-24,12.4100,2820.3999
2018-07-25,12.2900,2846.0701
2018-07-26,12.1400,2837.4399
2018-07-27,13.0300,2818.8201
2018-07-30,14.2600,2802.6001
2018-07-31,12.8300,2816.2900
2018-08-01,13.1500,2813.3601
2018-08-02,12.1900,2827.2200
2018-08-03,11.6400,2840.3501
2018-08-06,11.2700,2850.3999
2018-08-07,10.9300,2858.4500
2018-08-08,10.8500,2857.7000
2018-08-09,11.2700,2853.5801
2018-08-10,13.1600,2833.2800
2018-08-13,14.7800,2821.9299
2018-08-14,13.3100,2839.9600
2018-08-15,14.6400,2818.3701
2018-08-16,13.4500,2840.6899
2018-08-17,12.6400,2850.1299
2018-08-20,12.4900,2857.0500
2018-08-21,12.8600,2862.9600
2018-08-22,12.2500,2861.8201
2018-08-23,12.4100,2856.9800
2018-08-24,11.9900,2874.6899
2018-08-27,12.1600,2896.7400
2018-08-28,12.5000,2897.5200
2018-08-29,12.2500,2914.0400
2018-08-30,13.5300,2901.1299
2018-08-31,12.8600,2901.5200
2018-09-04,13.1600,2896.7200
2018-09-05,13.9100,2888.6001
2018-09-06,14.6500,2878.0500
2018-09-07,14.8800,2871.6799
2018-09-10,14.1600,2877.1299
2018-09-11,13.2200,2887.8899
2018-09-12,13.1400,2888.9199
2018-09-13,12.3700,2904.1799
2018-09-14,12.0700,2904.9800
2018-09-17,13.6800,2888.8000
2018-09-18,12.7900,2904.3101
2018-09-19,11.7500,2907.9500
2018-09-20,11.8000,2930.7500
2018-09-21,11.6800,2929.6699
2018-09-24,12.2000,2919.3701
2018-09-25,12.4200,2915.5601
2018-09-26,12.8900,2905.9700
2018-09-27,12.4100,2914.0000
2018-09-28,12.1200,2913.9800
2018-10-01,12.0000,2924.5901
2018-10-02,12.0500,2923.4299
2018-10-03,11.6100,2925.5100
2018-10-04,14.2200,2901.6101
2018-10-05,14.8200,2885.5701
2018-10-08,15.6900,2884.4299
2018-10-09,15.9500,2880.3401
2018-10-10,22.9600,2785.6799
2018-10-11,24.9800,2728.3701
2018-10-12,21.3100,2767.1299
2018-10-15,21.3000,2750.7900
2018-10-16,17.6200,2809.9199
2018-10-17,17.4000,2809.2100
2018-10-18,20.0600,2768.7800
2018-10-19,19.8900,2767.7800
2018-10-22,19.6400,2755.8799
2018-10-23,20.7100,2740.6899
2018-10-24,25.2300,2656.1001
2018-10-25,24.2200,2705.5701
2018-10-26,24.1600,2658.6899
2018-10-29,24.7000,2641.2500
2018-10-30,23.3500,2682.6299
2018-10-31,21.2300,2711.7400
2018-11-01,19.3400,2740.3701
2018-11-02,19.5100,2723.0601
2018-11-05,19.9600,2738.3101
2018-11-06,19.9100,2755.4500
2018-11-07,16.3600,2813.8899
2018-11-08,16.7200,2806.8301
2018-11-09,17.3600,2781.0100
2018-11-12,20.4500,2726.2200
2018-11-13,20.0200,2722.1799
2018-11-14,21.2500,2701.5801
2018-11-15,19.9800,2730.2000
2018-11-16,18.1400,2736.2700
2018-11-19,20.1000,2690.7300
2018-11-20,22.4800,2641.8899
2018-11-21,20.8000,2649.9299
2018-11-23,21.5200,2632.5601
2018-11-26,18.9000,2673.4500
2018-11-27,19.0200,2682.1699
2018-11-28,18.4900,2743.7900
2018-11-29,18.7900,2737.8000
2018-11-30,18.0700,2760.1699
2018-12-03,16.4400,2790.3701
2018-12-04,20.7400,2700.0601
2018-12-06,21.1900,2695.9500
2018-12-07,23.2300,2633.0801
2018-12-10,22.6400,2637.7200
2018-12-11,21.7600,2636.7800
2018-12-12,21.4600,2651.0701
2018-12-13,20.6500,2650.5400
2018-12-14,21.6300,2599.9500
2018-12-17,24.5200,2545.9399
2018-12-18,25.5800,2546.1599
2018-12-19,25.5800,2506.9600
2018-12-20,28.3800,2467.4199
2018-12-21,30.1100,2416.6201
2018-12-24,36.0700,2351.1001
2018-12-26,30.4100,2467.7000
2018-12-27,29.9600,2488.8301
2018-12-28,28.3400,2485.7400
2018-12-31,25.4200,2506.8501
2019-01-02,23.2200,2510.0300
2019-01-03,25.4500,2447.8899
2019-01-04,21.3800,2531.9399
2019-01-07,21.4000,2549.6899
2019-01-08,20.4700,2574.4099
2019-01-09,19.9800,2584.9600
2019-01-10,19.5000,2596.6399
2019-01-11,18.1900,2596.2600
2019-01-14,19.0700,2582.6101
2019-01-15,18.6000,2610.3000
2019-01-16,19.0400,2616.1001
2019-01-17,18.0600,2635.9600
2019-01-18,17.8000,2670.7100
2019-01-22,20.8000,2632.8999
2019-01-23,19.5200,2638.7000
2019-01-24,18.8900,2642.3301
2019-01-25,17.4200,2664.7600
2019-01-28,18.8700,2643.8501
2019-01-29,19.1300,2640.0000
2019-01-30,17.6600,2681.0500
2019-01-31,16.5700,2704.1001
2019-02-01,16.1400,2706.5300
2019-02-04,15.7300,2724.8701
2019-02-05,15.5700,2737.7000
2019-02-06,15.3800,2731.6101
2019-02-07,16.3700,2706.0500
2019-02-08,15.7200,2707.8799
2019-02-11,15.9700,2709.8000
2019-02-12,15.4300,2744.7300
2019-02-13,15.6500,2753.0300
2019-02-14,16.2200,2745.7300
2019-02-15,14.9100,2775.6001
2019-02-19,14.8800,2779.7600
2019-02-20,14.0200,2784.7000
2019-02-21,14.4600,2774.8799
2019-02-22,13.5100,2792.6699
2019-02-25,14.8500,2796.1101
2019-02-26,15.1700,2793.8999
2019-02-27,14.7000,2792.3799
2019-02-28,14.7800,2784.4900
2019-03-01,13.5700,2803.6899
2019-03-04,14.6300,2792.8101
2019-03-05,14.7400,2789.6499
2019-03-06,15.7400,2771.4500
2019-03-07,16.5900,2748.9299
2019-03-08,16.0500,2743.0701
2019-03-11,14.3300,2783.3000
2019-03-12,13.7700,2791.5200
2019-03-13,13.4100,2810.9199
2019-03-14,13.5000,2808.4800
2019-03-15,12.8800,2822.4800
2019-03-18,13.1000,2832.9399
2019-03-19,13.5600,2832.5701
2019-03-20,13.9100,2824.2300
2019-03-21,13.6300,2854.8799
2019-03-22,16.4800,2800.7100
2019-03-25,16.3300,2798.3601
2019-03-26,14.6800,2818.4600
2019-03-27,15.1500,2805.3701
2019-03-28,14.4300,2815.4399
2019-03-29,13.7100,2834.3999
2019-04-01,13.4000,2867.1899
2019-04-02,13.3600,2867.2400
2019-04-03,13.7400,2873.3999
2019-04-04,13.5800,2879.3899
2019-04-05,12.8200,2892.7400
2019-04-08,13.1800,2895.7700
2019-04-09,14.2800,2878.2000
2019-04-10,13.3000,2888.2100
2019-04-11,13.0200,2888.3201
2019-04-12,12.0100,2907.4099
2019-04-15,12.3200,2905.5801
2019-04-16,12.1800,2907.0601
2019-04-17,12.6000,2900.4500
2019-04-18,12.0900,2905.0300
2019-04-22,12.4200,2907.9700
2019-04-23,12.2800,2933.6799
2019-04-24,13.1400,2927.2500
2019-04-25,13.2500,2926.1699
2019-04-26,12.7300,2939.8799
2019-04-29,13.1100,2943.0300
2019-04-30,13.1200,2945.8301
2019-05-01,14.8000,2923.7300
2019-05-02,14.4200,2917.5200
2019-05-03,12.8700,2945.6399
2019-05-06,15.4400,2932.4700
2019-05-07,19.3200,2884.0500
2019-05-08,19.4000,2879.4199
2019-05-09,19.1000,2870.7200
2019-05-10,16.0400,2881.3999
2019-05-13,20.5500,2811.8701
2019-05-14,18.0600,2834.4099
2019-05-15,16.4400,2850.9600
2019-05-16,15.2900,2876.3201
2019-05-17,15.9600,2859.5300
2019-05-20,16.3100,2840.2300
2019-05-21,14.9500,2864.3601
2019-05-22,14.7500,2856.2700
2019-05-23,16.9200,2822.2400
2019-05-24,15.8500,2826.0601
2019-05-28,17.5000,2802.3899
2019-05-29,17.9000,2783.0200
2019-05-30,17.3000,2788.8601
2019-05-31,18.7100,2752.0601
2019-06-03,18.8600,2744.4500
2019-06-04,16.9700,2803.2700
2019-06-05,16.0900,2826.1499
2019-06-06,15.9300,2843.4900
2019-06-07,16.3000,2873.3401
2019-06-10,15.9400,2886.7300
2019-06-11,15.9900,2885.7200
2019-06-12,15.9100,2879.8401
2019-06-13,15.8200,2891.6399
2019-06-14,15.2800,2886.9800
2019-06-17,15.3500,2889.6699
2019-06-18,15.1500,2917.7500
2019-06-19,14.3300,2926.4600
2019-06-20,14.7500,2954.1799
2019-06-21,15.4000,2950.4600
2019-06-24,15.2600,2945.3501
2019-06-25,16.2800,2917.3799
2019-06-26,16.2100,2913.7800
2019-06-27,15.8200,2924.9199
2019-06-28,15.0800,2941.7600
2019-07-01,14.0600,2964.3301
2019-07-02,12.9300,2973.0100
2019-07-03,12.5700,2995.8201
2019-07-05,13.2800,2990.4099
2019-07-08,13.9600,2975.9500
2019-07-09,14.0900,2979.6299
2019-07-10,13.0300,2993.0701
2019-07-11,12.9300,2999.9099
2019-07-12,12.3900,3013.7700
2019-07-15,12.6800,3014.3000
2019-07-16,12.8600,3004.0400
2019-07-17,13.9700,2984.4199
2019-07-18,13.5300,2995.1101
2019-07-19,14.4500,2976.6101
2019-07-22,13.5300,2985.0300
2019-07-23,12.6100,3005.4700
2019-07-24,12.0700,3019.5601
2019-07-25,12.7400,3003.6699
2019-07-26,12.1600,3025.8601
2019-07-29,12.8300,3020.9700
2019-07-30,13.9400,3013.1799
2019-07-31,16.1200,2980.3799
2019-08-01,17.8700,2953.5601
2019-08-02,17.6100,2932.0500
2019-08-05,24.5900,2844.7400
2019-08-06,20.1700,2881.7700
2019-08-07,19.4900,2883.9800
2019-08-08,16.9100,2938.0901
2019-08-09,17.9700,2918.6499
2019-08-12,21.0900,2882.7000
2019-08-13,17.5200,2926.3201
2019-08-14,22.1000,2840.6001
2019-08-15,21.1800,2847.6001
2019-08-16,18.4700,2888.6799
2019-08-19,16.8800,2923.6499
2019-08-20,17.5000,2900.5100
2019-08-21,15.8000,2924.4299
2019-08-22,16.6800,2922.9500
2019-08-23,19.8700,2847.1101
2019-08-26,19.3200,2878.3799
2019-08-27,20.3100,2869.1599
2019-08-28,19.3500,2887.9399
2019-08-29,17.8800,2924.5801
2019-08-30,18.9800,2926.4600
2019-09-03,19.6600,2906.2700
2019-09-04,17.3300,2937.7800
2019-09-05,16.2700,2976.0000
2019-09-06,15.0000,2978.7100
2019-09-09,15.2700,2978.4299
2019-09-10,15.2000,2979.3899
2019-09-11,14.6100,3000.9299
2019-09-12,14.2200,3009.5701
2019-09-13,13.7400,3007.3899
2019-09-16,14.6700,2997.9600
2019-09-17,14.4400,3005.7000
2019-09-18,13.9500,3006.7300
2019-09-19,14.0500,3006.7900
2019-09-20,15.3200,2992.0701
2019-09-23,14.9100,2991.7800
2019-09-24,17.0500,2966.6001
2019-09-25,15.9600,2984.8701
2019-09-26,16.0700,2977.6201
2019-09-27,17.2200,2961.7900
2019-09-30,16.2400,2976.7400
2019-10-01,18.5600,2940.2500
2019-10-02,20.5600,2887.6101
2019-10-03,19.1200,2910.6299
2019-10-04,17.0400,2952.0100
2019-10-07,17.8600,2938.7900
2019-10-08,20.2800,2893.0601
2019-10-09,18.6400,2919.3999
2019-10-10,17.5700,2938.1299
2019-10-11,15.5800,2970.2700
2019-10-14,14.5700,2966.1499
2019-10-15,13.5400,2995.6799
2019-10-16,13.6800,2989.6899
2019-10-17,13.7900,2997.9500
2019-10-18,14.2500,2986.2000
2019-10-21,14.0000,3006.7200
2019-10-22,14.4600,2995.9900
2019-10-23,14.0100,3004.5200
2019-10-24,13.7100,3010.2900
2019-10-25,12.6500,3022.5500
2019-10-28,13.1100,3039.4199
2019-10-29,13.2000,3036.8899
2019-10-30,12.3300,3046.7700
2019-10-31,13.2200,3037.5601
2019-11-01,12.3000,3066.9099
2019-11-04,12.8300,3078.2700
2019-11-05,13.1000,3074.6201
2019-11-06,12.6200,3076.7800
2019-11-07,12.7300,3085.1799
2019-11-08,12.0700,3093.0801
2019-11-11,12.6900,3087.0100
2019-11-12,12.6800,3091.8401
2019-11-13,13.0000,3094.0400
2019-11-14,13.0500,3096.6299
2019-11-15,12.0500,3120.4600
2019-11-18,12.4600,3122.0300
2019-11-19,12.8600,3120.1799
2019-11-20,12.7800,3108.4600
2019-11-21,13.1300,3103.5400
2019-11-22,12.3400,3110.2900
2019-11-25,11.8700,3133.6399
2019-11-26,11.5400,3140.5200
2019-11-27,11.7500,3153.6299
2019-11-29,12.6200,3140.9800
2019-12-02,14.9100,3113.8701
2019-12-03,15.9600,3093.2000
2019-12-04,14.8000,3112.7600
2019-12-05,14.5200,3117.4299
2019-12-06,13.6200,3145.9099
2019-12-09,15.8600,3135.9600
2019-12-10,15.6800,3132.5200
2019-12-11,14.9900,3141.6299
2019-12-12,13.9400,3168.5701
2019-12-13,12.6300,3168.8000
2019-12-16,12.1400,3191.4500
2019-12-17,12.2900,3192.5200
2019-12-18,12.5800,3191.1399
2019-12-19,12.5000,3205.3701
2019-12-20,12.5100,3221.2200
2019-12-23,12.6100,3224.0100
2019-12-24,12.6700,3223.3799
2019-12-26,12.6500,3239.9099
2019-12-27,13.4300,3240.0200
2019-12-30,14.8200,3221.2900
2019-12-31,13.7800,3230.7800
2020-01-02,12.4700,3257.8501
2020-01-03,14.0200,3234.8501
2020-01-06,13.8500,3246.2800
2020-01-07,13.7900,3237.1799
2020-01-08,13.4500,3253.0500
2020-01-09,12.5400,3274.7000
2020-01-10,12.5600,3265.3501
2020-01-13,12.3200,3288.1299
2020-01-14,12.3900,3283.1499
2020-01-15,12.4200,3289.2900
2020-01-16,12.3200,3316.8101
2020-01-17,12.1000,3329.6201
2020-01-21,12.8500,3320.7900
2020-01-22,12.9100,3321.7500
2020-01-23,12.9800,3325.5400
2020-01-24,14.5600,3295.4700
2020-01-27,18.2300,3243.6299
2020-01-28,16.2800,3276.2400
2020-01-29,16.3900,3273.3999
2020-01-30,15.4900,3283.6599
2020-01-31,18.8400,3225.5200
2020-02-03,17.9700,3248.9199
2020-02-04,16.0500,3297.5901
2020-02-05,15.1500,3334.6899
2020-02-06,14.9600,3345.7800
2020-02-07,15.4700,3327.7100
2020-02-10,15.0400,3352.0901
2020-02-11,15.1800,3357.7500
2020-02-12,13.7400,3379.4500
2020-02-13,14.1500,3373.9399
2020-02-14,13.6800,3380.1599
2020-02-18,14.8300,3370.2900
2020-02-19,14.3800,3386.1499
2020-02-20,15.5600,3373.2300
2020-02-21,17.0800,3337.7500
2020-02-24,25.0300,3225.8899
2020-02-25,27.8500,3128.2100
2020-02-26,27.5600,3116.3899
2020-02-27,39.1600,2978.7600
2020-02-28,40.1100,2954.2200
2020-03-02,33.4200,3090.2300
2020-03-03,36.8200,3003.3701
2020-03-04,31.9900,3130.1201
2020-03-05,39.6200,3023.9399
2020-03-06,41.9400,2972.3701
2020-03-09,54.4600,2746.5601
2020-03-10,47.3000,2882.2300
2020-03-11,53.9000,2741.3799
2020-03-12,75.4700,2480.6399
2020-03-13,57.8300,2711.0200
2020-03-16,82.6900,2386.1299
2020-03-17,75.9100,2529.1899
2020-03-18,76.4500,2398.1001
2020-03-19,72.0000,2409.3899
2020-03-20,66.0400,2304.9199
2020-03-23,61.5900,2237.3999
2020-03-24,61.6700,2447.3301
2020-03-25,63.9500,2475.5601
2020-03-26,61.0000,2630.0701
2020-03-27,65.5400,2541.4700
2020-03-30,57.0800,2626.6499
2020-03-31,53.5400,2584.5901
2020-04-01,57.0600,2470.5000
2020-04-02,50.9100,2526.8999
2020-04-03,46.8000,2488.6499
2020-04-06,45.2400,2663.6799
2020-04-07,46.7000,2659.4099
2020-04-08,43.3500,2749.9800
2020-04-09,41.6700,2789.8201
2020-04-13,41.1700,2761.6299
2020-04-14,37.7600,2846.0601
2020-04-15,40.8400,2783.3601
2020-04-16,40.1100,2799.5500
2020-04-17,38.1500,2874.5601
2020-04-20,43.8300,2823.1599
2020-04-21,45.4100,2736.5601
2020-04-22,41.9800,2799.3101
2020-04-23,41.3800,2797.8000
2020-04-24,35.9300,2836.7400
2020-04-27,33.2900,2878.4800
2020-04-28,33.5700,2863.3899
2020-04-29,31.2300,2939.5100
2020-04-30,34.1500,2912.4299
2020-05-01,37.1900,2830.7100
2020-05-04,35.9700,2842.7400
2020-05-05,33.6100,2868.4399
2020-05-06,34.1200,2848.4199
2020-05-07,31.4400,2881.1899
2020-05-08,27.9800,2929.8000
2020-05-11,27.5700,2930.1899
2020-05-12,33.0400,2870.1201
2020-05-13,35.2800,2820.0000
2020-05-14,32.6100,2852.5000
2020-05-15,31.8900,2863.7000
2020-05-18,29.3000,2953.9099
2020-05-19,30.5300,2922.9399
2020-05-20,27.9900,2971.6101
2020-05-21,29.5300,2948.5100
2020-05-22,28.1600,2955.4500
2020-05-26,28.0100,2991.7700
2020-05-27,27.6200,3036.1299
2020-05-28,28.5900,3029.7300
2020-05-29,27.5100,3044.3101
2020-06-01,28.2300,3055.7300
2020-06-02,26.8400,3080.8201
2020-06-03,25.6600,3122.8701
2020-06-04,25.8100,3112.3501
2020-06-05,24.5200,3193.9299
2020-06-08,25.8100,3232.3899
2020-06-09,27.5700,3207.1799
2020-06-10,27.5700,3190.1399
2020-06-11,40.7900,3002.1001
2020-06-12,36.0900,3041.3101
2020-06-15,34.4000,3066.5901
2020-06-16,33.6700,3124.7400
2020-06-17,33.4700,3113.4900
2020-06-18,32.9400,3115.3401
2020-06-19,35.1200,3097.7400
2020-06-22,31.7700,3117.8601
2020-06-23,31.3700,3131.2900
2020-06-24,33.8400,3050.3301
2020-06-25,32.2200,3083.7600
2020-06-26,34.7300,3009.0500
2020-06-29,31.7800,3053.2400
2020-06-30,30.4300,3100.2900
2020-07-01,28.6200,3115.8601
2020-07-02,27.6800,3130.0100
2020-07-06,27.9400,3179.7200
2020-07-07,29.4300,3145.3201
2020-07-08,28.0800,3169.9399
2020-07-09,29.2600,3152.0500
2020-07-10,27.2900,3185.0400
2020-07-13,32.1900,3155.2200
2020-07-14,29.5200,3197.5200
2020-07-15,27.7600,3226.5601
2020-07-16,28.0000,3215.5701
2020-07-17,25.6800,3224.7300
2020-07-20,24.4600,3251.8401
2020-07-21,24.8400,3257.3000
2020-07-22,24.3200,3276.0200
2020-07-23,26.0800,3235.6599
2020-07-24,25.8400,3215.6299
2020-07-27,24.7400,3239.4099
2020-07-28,25.4400,3218.4399
2020-07-29,24.1000,3258.4399
2020-07-30,24.7600,3246.2200
2020-07-31,24.4600,3271.1201
2020-08-03,24.2800,3294.6101
2020-08-04,23.7600,3306.5100
2020-08-05,22.9900,3327.7700
2020-08-06,22.6500,3349.1599
2020-08-07,22.2100,3351.2800
2020-08-10,22.1300,3360.4700
2020-08-11,24.0300,3333.6899
2020-08-12,22.2800,3380.3501
2020-08-13,22.1300,3373.4299
2020-08-14,22.0500,3372.8501
2020-08-17,21.3500,3381.9900
2020-08-18,21.5100,3389.7800
2020-08-19,22.5400,3374.8501
2020-08-20,22.7200,3385.5100
2020-08-21,22.5400,3397.1599
2020-08-24,22.3700,3431.2800
2020-08-25,22.0300,3443.6201
2020-08-26,23.2700,3478.7300
2020-08-27,24.4700,3484.5500
2020-08-28,22.9600,3508.0100
2020-08-31,26.4100,3500.3101
2020-09-01,26.1200,3526.6499
2020-09-02,26.5700,3580.8401
2020-09-03,33.6000,3455.0601
2020-09-04,30.7500,3426.9600
2020-09-08,31.4600,3331.8401
2020-09-09,28.8100,3398.9600
2020-09-10,29.7100,3339.1899
2020-09-11,26.8700,3340.9700
2020-09-14,25.8500,3383.5400
2020-09-15,25.5900,3401.2000
2020-09-16,26.0400,3385.4900
2020-09-17,26.4600,3357.0100
2020-09-18,25.8300,3319.4700
2020-09-21,27.7800,3281.0601
2020-09-22,26.8600,3315.5701
2020-09-23,28.5800,3236.9199
2020-09-24,28.5100,3246.5901
2020-09-25,26.3800,3298.4600
2020-09-28,26.1900,3351.6001
2020-09-29,26.2700,3335.4700
2020-09-30,26.3700,3363.0000
2020-10-01,26.7000,3380.8000
2020-10-02,27.6300,3348.4199
2020-10-05,27.9600,3408.6001
2020-10-06,29.4800,3360.9700
2020-10-07,28.0600,3419.4399
2020-10-08,26.3600,3446.8301
2020-10-09,25.0000,3477.1399
2020-10-12,25.0700,3534.2200
2020-10-13,26.0700,3511.9299
2020-10-14,26.4000,3488.6699
2020-10-15,26.9700,3483.3401
2020-10-16,27.4100,3483.8101
2020-10-19,29.1800,3426.9199
2020-10-20,29.3500,3443.1201
2020-10-21,28.6500,3435.5601
2020-10-22,28.1100,3453.4900
2020-10-23,27.5500,3465.3899
2020-10-26,32.4600,3400.9700
2020-10-27,33.3500,3390.6799
2020-10-28,40.2800,3271.0300
2020-10-29,37.5900,3310.1101
2020-10-30,38.0200,3269.9600
2020-11-02,37.1300,3310.2400
2020-11-03,35.5500,3369.1599
2020-11-04,29.5700,3443.4399
2020-11-05,27.5800,3510.4500
2020-11-06,24.8600,3509.4399
2020-11-09,25.7500,3550.5000
2020-11-10,24.8000,3545.5300
2020-11-11,23.4500,3572.6599
2020-11-12,25.3500,3537.0100
2020-11-13,23.1000,3585.1499
2020-11-16,22.4500,3626.9099
2020-11-17,22.7100,3609.5300
2020-11-18,23.8400,3567.7900
2020-11-19,23.1100,3581.8701
2020-11-20,23.7000,3557.5400
2020-11-23,22.6600,3577.5901
2020-11-24,21.6400,3635.4099
2020-11-25,21.2500,3629.6499
2020-11-27,20.8400,3638.3501
2020-11-30,20.5700,3621.6299
2020-12-01,20.7700,3662.4500
2020-12-02,21.1700,3669.0100
2020-12-03,21.2800,3666.7200
2020-12-04,20.7900,3699.1201
2020-12-07,21.3000,3691.9600
2020-12-08,20.6800,3702.2500
2020-12-09,22.2700,3672.8201
2020-12-10,22.5200,3668.1001
2020-12-11,23.3100,3663.4600
2020-12-14,24.7200,3647.4900
2020-12-15,22.8900,3694.6201
2020-12-16,22.5000,3701.1699
2020-12-17,21.9300,3722.4800
2020-12-18,21.5700,3709.4099
2020-12-21,25.1600,3694.9199
2020-12-22,24.2300,3687.2600
2020-12-23,23.3100,3690.0100
2020-12-24,21.5300,3703.0601
2020-12-28,21.7000,3735.3601
2020-12-29,23.0800,3727.0400
2020-12-30,22.7700,3732.0400
2020-12-31,22.7500,3756.0701
2021-01-04,26.9700,3700.6499
2021-01-05,25.3400,3726.8601
2021-01-06,25.0700,3748.1399
2021-01-07,22.3700,3803.7900
2021-01-08,21.5600,3824.6799
2021-01-11,24.0800,3799.6101
2021-01-12,23.3300,3801.1899
2021-01-13,22.2100,3809.8401
2021-01-14,23.2500,3795.5400
2021-01-15,24.3400,3768.2500
2021-01-19,23.2400,3798.9099
2021-01-20,21.5800,3851.8501
2021-01-21,21.3200,3853.0701
2021-01-22,21.9100,3841.4700
2021-01-25,23.1900,3855.3601
2021-01-26,23.0200,3849.6201
2021-01-27,37.2100,3750.7700
2021-01-28,30.2100,3787.3799
2021-01-29,33.0900,3714.2400
2021-02-01,30.2400,3773.8601
2021-02-02,25.5600,3826.3101
2021-02-03,22.9100,3830.1699
2021-02-04,21.7700,3871.7400
2021-02-05,20.8700,3886.8301
2021-02-08,21.2400,3915.5901
2021-02-09,21.6300,3911.2300
2021-02-10,21.9900,3909.8799
2021-02-11,21.2500,3916.3799
2021-02-12,19.9700,3934.8301
2021-02-16,21.4600,3932.5901
2021-02-17,21.5000,3931.3301
2021-02-18,22.4900,3913.9700
2021-02-19,22.0500,3906.7100
2021-02-22,23.4500,3876.5000
2021-02-23,23.1100,3881.3701
2021-02-24,21.3400,3925.4299
2021-02-25,28.8900,3829.3401
2021-02-26,27.9500,3811.1499
2021-03-01,23.3500,3901.8201
2021-03-02,24.1000,3870.2900
2021-03-03,26.6700,3819.7200
2021-03-04,28.5700,3768.4700
2021-03-05,24.6600,3841.9399
2021-03-08,25.4700,3821.3501
2021-03-09,24.0300,3875.4399
2021-03-10,22.5600,3898.8101
2021-03-11,21.9100,3939.3401
2021-03-12,20.6900,3943.3401
2021-03-15,20.0300,3968.9399
2021-03-16,19.7900,3962.7100
2021-03-17,19.2300,3974.1201
2021-03-18,21.5800,3915.4600
2021-03-19,20.9500,3913.1001
2021-03-22,18.8800,3940.5901
2021-03-23,20.3000,3910.5200
2021-03-24,21.2000,3889.1399
2021-03-25,19.8100,3909.5200
2021-03-26,18.8600,3974.5400
2021-03-29,20.7400,3971.0901
2021-03-30,19.6100,3958.5500
2021-03-31,19.4000,3972.8899
2021-04-01,17.3300,4019.8701
2021-04-05,17.9100,4077.9099
2021-04-06,18.1200,4073.9399
2021-04-07,17.1600,4079.9500
2021-04-08,16.9500,4097.1699
2021-04-09,16.6900,4128.7998
2021-04-12,16.9100,4127.9902
2021-04-13,16.6500,4141.5898
2021-04-14,16.9900,4124.6602
2021-04-15,16.5700,4170.4199
2021-04-16,16.2500,4185.4702
2021-04-19,17.2900,4163.2598
2021-04-20,18.6800,4134.9399
2021-04-21,17.5000,4173.4199
2021-04-22,18.7100,4134.9800
2021-04-23,17.3300,4180.1699
2021-04-26,17.6400,4187.6201
2021-04-27,17.5600,4186.7202
2021-04-28,17.2800,4183.1802
2021-04-29,17.6100,4211.4702
2021-04-30,18.6100,4181.1699
2021-05-03,18.3100,4192.6602
2021-05-04,19.4800,4164.6602
2021-05-05,19.1500,4167.5898
2021-05-06,18.3900,4201.6201
2021-05-07,16.6900,4232.6001
2021-05-10,19.6600,4188.4302
2021-05-11,21.8400,4152.1001
2021-05-12,27.5900,4063.0400
2021-05-13,23.1300,4112.5000
2021-05-14,18.8100,4173.8501
2021-05-17,19.7200,4163.2900
2021-05-18,21.3400,4127.8301
2021-05-19,22.1800,4115.6802
2021-05-20,20.6700,4159.1201
2021-05-21,20.1500,4155.8599
2021-05-24,18.4000,4197.0498
2021-05-25,18.8400,4188.1299
2021-05-26,17.3600,4195.9902
2021-05-27,16.7400,4200.8799
2021-05-28,16.7600,4204.1099
2021-06-01,17.9000,4202.0400
2021-06-02,17.4800,4208.1201
2021-06-03,18.0400,4192.8501
2021-06-04,16.4200,4229.8901
2021-06-07,16.4200,4226.5200
2021-06-08,17.0700,4227.2598
2021-06-09,17.8900,4219.5498
2021-06-10,16.1000,4239.1802
2021-06-11,15.6500,4247.4399
2021-06-14,16.3900,4255.1499
2021-06-15,17.0200,4246.5898
2021-06-16,18.1500,4223.7002
2021-06-17,17.7500,4221.8599
2021-06-18,20.7000,4166.4502
2021-06-21,17.8900,4224.7900
2021-06-22,16.6600,4246.4399
2021-06-23,16.3200,4241.8398
2021-06-24,15.9700,4266.4902
2021-06-25,15.6200,4280.7002
2021-06-28,15.7600,4290.6099
2021-06-29,16.0200,4291.7998
2021-06-30,15.8300,4297.5000
2021-07-01,15.4800,4319.9399
2021-07-02,15.0700,4352.3398
2021-07-06,16.4400,4343.5400
2021-07-07,16.2000,4358.1299
2021-07-08,19.0000,4320.8198
2021-07-09,16.1800,4369.5498
2021-07-12,16.1700,4384.6299
2021-07-13,17.1200,4369.2100
2021-07-14,16.3300,4374.2998
2021-07-15,17.0100,4360.0298
2021-07-16,18.4500,4327.1602
2021-07-19,22.5000,4258.4902
2021-07-20,19.7300,4323.0601
2021-07-21,17.9100,4358.6899
2021-07-22,17.6900,4367.4800
2021-07-23,17.2000,4411.7900
2021-07-26,17.5800,4422.2998
2021-07-27,19.3600,4401.4600
2021-07-28,18.3100,4400.6401
2021-07-29,17.7000,4419.1499
2021-07-30,18.2400,4395.2598
2021-08-02,19.4600,4387.1602
2021-08-03,18.0400,4423.1499
2021-08-04,17.9700,4402.6602
2021-08-05,17.2800,4429.1001
2021-08-06,16.1500,4436.5200
2021-08-09,16.7200,4432.3501
2021-08-10,16.7900,4436.7500
2021-08-11,16.1700,4442.4102
2021-08-12,15.5900,4460.8301
2021-08-13,15.4500,4468.0000
2021-08-16,16.1200,4479.7100
2021-08-17,17.9100,4448.0801
2021-08-18,21.5700,4400.2700
2021-08-19,21.6700,4405.7998
2021-08-20,18.5600,4441.6699
2021-08-23,17.1500,4479.5298
2021-08-24,17.2200,4486.2300
2021-08-25,16.7900,4496.1899
2021-08-26,18.8400,4470.0000
2021-08-27,16.3900,4509.3701
2021-08-30,16.1900,4528.7900
2021-08-31,16.4800,4522.6802
2021-09-01,16.1100,4524.0898
2021-09-02,16.4100,4536.9502
2021-09-03,16.4100,4535.4302
2021-09-07,18.1400,4520.0298
2021-09-08,17.9600,4514.0698
2021-09-09,18.8000,4493.2798
2021-09-10,20.9500,4458.5801
2021-09-13,19.3700,4468.7300
2021-09-14,19.4600,4443.0498
2021-09-15,18.1800,4480.7002
2021-09-16,18.6900,4473.7500
2021-09-17,20.8100,4432.9902
2021-09-20,25.7100,4357.7300
2021-09-21,24.3600,4354.1899
2021-09-22,20.8700,4395.6401
2021-09-23,18.6300,4448.9800
2021-09-24,17.7500,4455.4800
2021-09-27,18.7600,4443.1099
2021-09-28,23.2500,4352.6299
2021-09-29,22.5600,4359.4600
2021-09-30,23.1400,4307.5400
2021-10-01,21.1000,4357.0400
2021-10-04,22.9600,4300.4600
2021-10-05,21.3000,4345.7202
2021-10-06,21.0000,4363.5498
2021-10-07,19.5400,4399.7598
2021-10-08,18.7700,4391.3398
2021-10-11,20.0000,4361.1899
2021-10-12,19.8500,4350.6499
2021-10-13,18.6400,4363.7998
2021-10-14,16.8600,4438.2598
2021-10-15,16.3000,4471.3701
2021-10-18,16.3100,4486.4600
2021-10-19,15.7000,4519.6299
2021-10-20,15.4900,4536.1899
2021-10-21,15.0100,4549.7798
2021-10-22,15.4300,4544.8999
2021-10-25,15.2400,4566.4800
2021-10-26,15.9800,4574.7900
2021-10-27,16.9800,4551.6802
2021-10-28,16.5300,4596.4199
2021-10-29,16.2600,4605.3799
2021-11-01,16.4100,4613.6699
2021-11-02,16.0300,4630.6499
2021-11-03,15.1000,4660.5698
2021-11-04,15.4400,4680.0601
2021-11-05,16.4800,4697.5298
2021-11-08,17.2200,4701.7002
2021-11-09,17.7800,4685.2500
2021-11-10,18.7300,4646.7100
2021-11-11,17.6600,4649.2700
2021-11-12,16.2900,4682.8501
2021-11-15,16.4900,4682.7998
2021-11-16,16.3700,4700.8999
2021-11-17,17.1100,4688.6699
2021-11-18,17.5900,4704.5400
2021-11-19,17.9100,4697.9600
2021-11-22,19.1700,4682.9399
2021-11-23,19.3800,4690.7002
2021-11-24,18.5800,4701.4600
2021-11-26,28.6200,4594.6201
2021-11-29,22.9600,4655.2700
2021-11-30,27.1900,4567.0000
2021-12-01,31.1200,4513.0400
2021-12-02,27.9500,4577.1001
2021-12-03,30.6700,4538.4302
2021-12-06,27.1800,4591.6699
2021-12-07,21.8900,4686.7500
2021-12-08,19.9000,4701.2100
2021-12-09,21.5800,4667.4502
2021-12-10,18.6900,4712.0200
2021-12-13,20.3100,4668.9702
2021-12-14,21.8900,4634.0898
2021-12-15,19.2900,4709.8501
2021-12-16,20.5700,4668.6699
2021-12-17,21.5700,4620.6401
2021-12-20,22.8700,4568.0200
2021-12-21,21.0100,4649.2300
2021-12-22,18.6300,4696.5601
2021-12-23,17.9600,4725.7900
2021-12-27,17.6800,4791.1899
2021-12-28,17.5400,4786.3501
2021-12-29,16.9500,4793.0601
2021-12-30,17.3300,4778.7300
2021-12-31,17.2200,4766.1802
2022-01-03,16.6000,4796.5601
2022-01-04,16.9100,4793.5400
2022-01-05,19.7300,4700.5801
2022-01-06,19.6100,4696.0498
2022-01-07,18.7600,4677.0298
2022-01-10,19.4000,4670.2900
2022-01-11,18.4100,4713.0698
2022-01-12,17.6200,4726.3501
2022-01-13,20.3100,4659.0298
2022-01-14,19.1900,4662.8501
2022-01-18,22.7900,4577.1099
2022-01-19,23.8500,4532.7598
2022-01-20,25.5900,4482.7300
2022-01-21,28.8500,4397.9399
2022-01-24,29.9000,4410.1299
2022-01-25,31.1600,4356.4502
2022-01-26,31.9600,4349.9302
2022-01-27,30.4900,4326.5098
2022-01-28,27.6600,4431.8501
2022-01-31,24.8300,4515.5498
2022-02-01,21.9600,4546.5400
2022-02-02,22.0900,4589.3799
2022-02-03,24.3500,4477.4399
2022-02-04,23.2200,4500.5298
2022-02-07,22.8600,4483.8701
2022-02-08,21.4400,4521.5400
2022-02-09,19.9600,4587.1802
2022-02-10,23.9100,4504.0801
2022-02-11,27.3600,4418.6401
2022-02-14,28.3300,4401.6699
2022-02-15,25.7000,4471.0698
2022-02-16,24.2900,4475.0098
2022-02-17,28.1100,4380.2598
2022-02-18,27.7500,4348.8701
2022-02-22,28.8100,4304.7598
2022-02-23,31.0200,4225.5000
2022-02-24,30.3200,4288.7002
2022-02-25,27.5900,4384.6499
2022-02-28,30.1500,4373.9399
2022-03-01,33.3200,4306.2598
2022-03-02,30.7400,4386.5400
2022-03-03,30.4800,4363.4902
2022-03-04,31.9800,4328.8701
2022-03-07,36.4500,4201.0898
2022-03-08,35.1300,4170.7002
2022-03-09,32.4500,4277.8799
2022-03-10,30.2300,4259.5200
2022-03-11,30.7500,4204.3101
2022-03-14,31.7700,4173.1099
2022-03-15,29.8300,4262.4502
2022-03-16,26.6700,4357.8599
2022-03-17,25.6700,4411.6699
2022-03-18,23.8700,4463.1201
2022-03-21,23.5300,4461.1802
2022-03-22,22.9400,4511.6099
2022-03-23,23.5700,4456.2402
2022-03-24,21.6700,4520.1602
2022-03-25,20.8100,4543.0601
2022-03-28,19.6300,4575.5200
2022-03-29,18.9000,4631.6001
2022-03-30,19.3300,4602.4502
2022-03-31,20.5600,4530.4102
2022-04-01,19.6300,4545.8599
2022-04-04,18.5700,4582.6401
2022-04-05,21.0300,4525.1201
2022-04-06,22.1000,4481.1499
2022-04-07,21.5500,4500.2100
2022-04-08,21.1600,4488.2798
2022-04-11,24.3700,4412.5298
2022-04-12,24.2600,4397.4502
2022-04-13,21.8200,4446.5898
2022-04-14,22.7000,4392.5898
2022-04-18,22.1700,4391.6899
2022-04-19,21.3700,4462.2100
2022-04-20,20.3200,4459.4502
2022-04-21,22.6800,4393.6602
2022-04-22,28.2100,4271.7798
2022-04-25,27.0200,4296.1201
2022-04-26,33.5200,4175.2002
2022-04-27,31.6000,4183.9600
2022-04-28,29.9900,4287.5000
2022-04-29,33.4000,4131.9302
2022-05-02,32.3400,4155.3799
2022-05-03,29.2500,4175.4800
2022-05-04,25.4200,4300.1699
2022-05-05,31.2000,4146.8701
2022-05-06,30.1900,4123.3398
2022-05-09,34.7500,3991.2400
2022-05-10,32.9900,4001.0500
2022-05-11,32.5600,3935.1799
2022-05-12,31.7700,3930.0801
2022-05-13,28.8700,4023.8899
2022-05-16,27.4700,4008.0100
2022-05-17,26.1000,4088.8501
2022-05-18,30.9600,3923.6799
2022-05-19,29.3500,3900.7900
2022-05-20,29.4300,3901.3601
2022-05-23,28.4800,3973.7500
2022-05-24,29.4500,3941.4800
2022-05-25,28.3700,3978.7300
2022-05-26,27.5000,4057.8401
2022-05-27,25.7200,4158.2402
2022-05-31,26.1900,4132.1499
2022-06-01,25.6900,4101.2300
2022-06-02,24.7200,4176.8198
2022-06-03,24.7900,4108.5400
2022-06-06,25.0700,4121.4302
2022-06-07,24.0200,4160.6802
2022-06-08,23.9600,4115.7700
2022-06-09,26.0900,4017.8201
2022-06-10,27.7500,3900.8601
2022-06-13,34.0200,3749.6299
2022-06-14,32.6900,3735.4800
2022-06-15,29.6200,3789.9900
2022-06-16,32.9500,3666.7700
2022-06-17,31.1300,3674.8401
2022-06-21,30.1900,3764.7900
2022-06-22,28.9500,3759.8899
2022-06-23,29.0500,3795.7300
2022-06-24,27.2300,3911.7400
2022-06-27,26.9500,3900.1101
2022-06-28,28.3600,3821.5500
2022-06-29,28.1600,3818.8301
2022-06-30,28.7100,3785.3799
2022-07-01,26.7000,3825.3301
2022-07-05,27.5400,3831.3899
2022-07-06,26.7300,3845.0801
2022-07-07,26.0800,3902.6201
2022-07-08,24.6400,3899.3799
2022-07-11,26.1700,3854.4299
2022-07-12,27.2900,3818.8000
2022-07-13,26.8200,3801.7800
2022-07-14,26.4000,3790.3799
2022-07-15,24.2300,3863.1599
2022-07-18,25.3000,3830.8501
2022-07-19,24.5000,3936.6899
2022-07-20,23.8800,3959.8999
2022-07-21,23.1100,3998.9500
2022-07-22,23.0300,3961.6299
2022-07-25,23.3600,3966.8401
2022-07-26,24.6900,3921.0500
2022-07-27,23.2400,4023.6101
2022-07-28,22.3300,4072.4299
2022-07-29,21.3300,4130.2900
2022-08-01,22.8400,4118.6299
2022-08-02,23.9300,4091.1899
2022-08-03,21.9500,4155.1699
2022-08-04,21.4400,4151.9399
2022-08-05,21.1500,4145.1899
2022-08-08,21.2900,4140.0601
2022-08-09,21.7700,4122.4702
2022-08-10,19.7400,4210.2402
2022-08-11,20.2000,4207.2700
2022-08-12,19.5300,4280.1499
2022-08-15,19.9500,4297.1401
2022-08-16,19.6900,4305.2002
2022-08-17,19.9000,4274.0400
2022-08-18,19.5600,4283.7402
2022-08-19,20.6000,4228.4800
2022-08-22,23.8000,4137.9902
2022-08-23,24.1100,4128.7300
2022-08-24,22.8200,4140.7700
2022-08-25,21.7800,4199.1201
2022-08-26,25.5600,4057.6599
2022-08-29,26.2100,4030.6101
2022-08-30,26.2100,3986.1599
2022-08-31,25.8700,3955.0000
2022-09-01,25.5600,3966.8501
2022-09-02,25.4700,3924.2600
2022-09-06,26.9100,3908.1899
2022-09-07,24.6400,3979.8701
2022-09-08,23.6100,4006.1799
2022-09-09,22.7900,4067.3601
2022-09-12,23.8700,4110.4102
2022-09-13,27.2700,3932.6899
2022-09-14,26.1600,3946.0100
2022-09-15,26.2700,3901.3501
2022-09-16,26.3000,3873.3301
2022-09-19,25.7600,3899.8899
2022-09-20,27.1600,3855.9299
2022-09-21,27.9900,3789.9299
2022-09-22,27.3500,3757.9900
2022-09-23,29.9200,3693.2300
2022-09-26,32.2600,3655.0400
2022-09-27,32.6000,3647.2900
2022-09-28,30.1800,3719.0400
2022-09-29,31.8400,3640.4700
2022-09-30,31.6200,3585.6201
2022-10-03,30.1000,3678.4299
2022-10-04,29.0700,3790.9299
2022-10-05,28.5500,3783.2800
2022-10-06,30.5200,3744.5200
2022-10-07,31.3600,3639.6599
2022-10-10,32.4500,3612.3899
2022-10-11,33.6300,3588.8401
2022-10-12,33.5700,3577.0300
2022-10-13,31.9400,3669.9099
2022-10-14,32.0200,3583.0701
2022-10-17,31.3700,3677.9500
2022-10-18,30.5000,3719.9800
2022-10-19,30.7600,3695.1599
2022-10-20,29.9800,3665.7800
2022-10-21,29.6900,3752.7500
2022-10-24,29.8500,3797.3401
2022-10-25,28.4600,3859.1101
2022-10-26,27.2800,3830.6001
2022-10-27,27.3900,3807.3000
2022-10-28,25.7500,3901.0601
2022-10-31,25.8800,3871.9800
2022-11-01,25.8100,3856.1001
2022-11-02,25.8600,3759.6899
2022-11-03,25.3000,3719.8899
2022-11-04,24.5500,3770.5500
2022-11-07,24.3500,3806.8000
2022-11-08,25.5400,3828.1101
2022-11-09,26.0900,3748.5701
2022-11-10,23.5300,3956.3701
2022-11-11,22.5200,3992.9299
2022-11-14,23.7300,3957.2500
2022-11-15,24.5400,3991.7300
2022-11-16,24.1100,3958.7900
2022-11-17,23.9300,3946.5601
2022-11-18,23.1200,3965.3401
2022-11-21,22.3600,3949.9399
2022-11-22,21.2900,4003.5801
2022-11-23,20.3500,4027.2600
2022-11-25,20.5000,4026.1201
2022-11-28,22.2100,3963.9399
2022-11-29,21.8900,3957.6299
2022-11-30,20.5800,4080.1101
2022-12-01,19.8400,4076.5701
2022-12-02,19.0600,4071.7000
2022-12-05,20.7500,3998.8401
2022-12-06,22.1700,3941.2600
2022-12-07,22.6800,3933.9199
2022-12-08,22.2900,3963.5100
2022-12-09,22.8300,3934.3799
2022-12-12,25.0000,3990.5601
2022-12-13,22.5500,4019.6499
2022-12-14,21.1400,3995.3201
2022-12-15,22.8300,3895.7500
2022-12-16,22.6200,3852.3601
2022-12-19,22.4200,3817.6599
2022-12-20,21.4800,3821.6201
2022-12-21,20.0700,3878.4399
2022-12-22,21.9700,3822.3899
2022-12-23,20.8700,3844.8201
2022-12-27,21.6500,3829.2500
2022-12-28,22.1400,3783.2200
2022-12-29,21.4400,3849.2800
2022-12-30,21.6700,3839.5000
2023-01-03,22.9000,3824.1399
2023-01-04,22.0100,3852.9700
2023-01-05,22.4600,3808.1001
2023-01-06,21.1300,3895.0801
2023-01-09,21.9700,3892.0901
2023-01-10,20.5800,3919.2500
2023-01-11,21.0900,3969.6101
2023-01-12,18.8300,3983.1699
2023-01-13,18.3500,3999.0901
2023-01-17,19.3600,3990.9700
2023-01-18,20.3400,3928.8601
2023-01-19,20.5200,3898.8501
2023-01-20,19.8500,3972.6101
2023-01-23,19.8100,4019.8101
2023-01-24,19.2000,4016.9500
2023-01-25,19.0800,4016.2200
2023-01-26,18.7300,4060.4299
2023-01-27,18.5100,4070.5601
2023-01-30,19.9400,4017.7700
2023-01-31,19.4000,4076.6001
2023-02-01,17.8700,4119.2100
2023-02-02,18.7300,4179.7598
2023-02-03,18.3300,4136.4800
2023-02-06,19.4300,4111.0801
2023-02-07,18.6600,4164.0000
2023-02-08,19.6300,4117.8599
2023-02-09,20.7100,4081.5000
2023-02-10,20.5300,4090.4600
2023-02-13,20.3400,4137.2900
2023-02-14,18.9100,4136.1299
2023-02-15,18.2300,4147.6001
2023-02-16,20.1700,4090.4099
2023-02-17,20.0200,4079.0901
2023-02-21,22.8700,3997.3401
2023-02-22,22.2900,3991.0500
2023-02-23,21.1400,4012.3201
2023-02-24,21.6700,3970.0400
2023-02-27,20.9500,3982.2400
2023-02-28,20.7000,3970.1499
2023-03-01,20.5800,3951.3899
2023-03-02,19.5900,3981.3501
2023-03-03,18.4900,4045.6399
2023-03-06,18.6100,4048.4199
2023-03-07,19.5900,3986.3701
2023-03-08,19.1100,3992.0100
2023-03-09,22.6100,3918.3201
2023-03-10,24.8000,3861.5901
2023-03-13,26.5200,3855.7600
2023-03-14,23.7300,3919.2900
2023-03-15,26.1400,3891.9299
2023-03-16,22.9900,3960.2800
2023-03-17,25.5100,3916.6399
2023-03-20,24.1500,3951.5701
2023-03-21,21.3800,4002.8701
2023-03-22,22.2600,3936.9700
2023-03-23,22.6100,3948.7200
2023-03-24,21.7400,3970.9900
2023-03-27,20.6000,3977.5300
2023-03-28,19.9700,3971.2700
2023-03-29,19.1200,4027.8101
2023-03-30,19.0200,4050.8301
2023-03-31,18.7000,4109.3101
2023-04-03,18.5500,4124.5098
2023-04-04,19.0000,4100.6001
2023-04-05,19.0800,4090.3799
2023-04-06,18.4000,4105.0200
2023-04-10,18.9700,4109.1099
2023-04-11,19.1000,4108.9399
2023-04-12,19.0900,4091.9500
2023-04-13,17.8000,4146.2202
2023-04-14,17.0700,4137.6401
2023-04-17,16.9500,4151.3198
2023-04-18,16.8300,4154.8701
2023-04-19,16.4600,4154.5200
2023-04-20,17.1700,4129.7900
2023-04-21,16.7700,4133.5200
2023-04-24,16.8900,4137.0400
2023-04-25,18.7600,4071.6299
2023-04-26,18.8400,4055.9900
2023-04-27,17.0300,4135.3501
2023-04-28,15.7800,4169.4800
2023-05-01,16.0800,4167.8701
2023-05-02,17.7800,4119.5801
2023-05-03,18.3400,4090.7500
2023-05-04,20.0900,4061.2200
2023-05-05,17.1900,4136.2500
2023-05-08,16.9800,4138.1201
2023-05-09,17.7100,4119.1699
2023-05-10,16.9400,4137.6401
2023-05-11,16.9300,4130.6201
2023-05-12,17.0300,4124.0801
2023-05-15,17.1200,4136.2798
2023-05-16,17.9900,4109.8999
2023-05-17,16.8700,4158.7700
2023-05-18,16.0500,4198.0498
2023-05-19,16.8100,4191.9800
2023-05-22,17.2100,4192.6299
2023-05-23,18.5300,4145.5801
2023-05-24,20.0300,4115.2402
2023-05-25,19.1400,4151.2798
2023-05-26,17.9500,4205.4502
2023-05-30,17.4600,4205.5200
2023-05-31,17.9400,4179.8301
2023-06-01,15.6500,4221.0200
2023-06-02,14.6000,4282.3701
2023-06-05,14.7300,4273.7900
2023-06-06,13.9600,4283.8501
2023-06-07,13.9400,4267.5200
2023-06-08,13.6500,4293.9302
2023-06-09,13.8300,4298.8599
2023-06-12,15.0100,4338.9302
2023-06-13,14.6100,4369.0098
2023-06-14,13.8800,4372.5898
2023-06-15,14.5000,4425.8398
2023-06-16,13.5400,4409.5898
2023-06-20,13.8800,4388.7100
2023-06-21,13.2000,4365.6899
2023-06-22,12.9100,4381.8901
2023-06-23,13.4400,4348.3301
2023-06-26,14.2500,4328.8198
2023-06-27,13.7400,4378.4102
2023-06-28,13.4300,4376.8599
2023-06-29,13.5400,4396.4399
2023-06-30,13.5900,4450.3799
2023-07-03,13.5700,4455.5898
2023-07-05,14.1800,4446.8198
2023-07-06,15.4400,4411.5898
2023-07-07,14.8300,4398.9502
2023-07-10,15.0700,4409.5298
2023-07-11,14.8400,4439.2598
2023-07-12,13.5400,4472.1602
2023-07-13,13.6100,4510.0400
2023-07-14,13.3400,4505.4199
2023-07-17,13.4800,4522.7900
2023-07-18,13.3000,4554.9800
2023-07-19,13.7600,4565.7202
2023-07-20,13.9900,4534.8701
2023-07-21,13.6000,4536.3398
2023-07-24,13.9100,4554.6401
2023-07-25,13.8600,4567.4600
2023-07-26,13.1900,4566.7500
2023-07-27,14.4100,4537.4102
2023-07-28,13.3300,4582.2300
2023-07-31,13.6300,4588.9600
2023-08-01,13.9300,4576.7300
2023-08-02,16.0900,4513.3901
2023-08-03,15.9200,4501.8901
2023-08-04,17.1000,4478.0298
2023-08-07,15.7700,4518.4399
2023-08-08,15.9900,4499.3799
2023-08-09,15.9600,4467.7100
2023-08-10,15.8500,4468.8301
2023-08-11,14.8400,4464.0498
2023-08-14,14.8200,4489.7202
2023-08-15,16.4600,4437.8599
2023-08-16,16.7800,4404.3301
2023-08-17,17.8900,4370.3599
2023-08-18,17.3000,4369.7100
2023-08-21,17.1300,4399.7700
2023-08-22,16.9700,4387.5498
2023-08-23,15.9800,4436.0098
2023-08-24,17.2000,4376.3101
2023-08-25,15.6800,4405.7100
2023-08-28,15.0800,4433.3101
2023-08-29,14.4500,4497.6299
2023-08-30,13.8800,4514.8701
2023-08-31,13.5700,4507.6602
2023-09-01,13.0900,4515.7700
2023-09-05,14.0100,4496.8301
2023-09-06,14.4500,4465.4800
2023-09-07,14.4000,4451.1401
2023-09-08,13.8400,4457.4902
2023-09-11,13.8000,4487.4600
2023-09-12,14.2300,4461.8999
2023-09-13,13.4800,4467.4399
2023-09-14,12.8200,4505.1001
2023-09-15,13.7900,4450.3198
2023-09-18,14.0000,4453.5298
2023-09-19,14.1100,4443.9502
2023-09-20,15.1400,4402.2002
2023-09-21,17.5400,4330.0000
2023-09-22,17.2000,4320.0601
2023-09-25,16.9000,4337.4399
2023-09-26,18.9400,4273.5298
2023-09-27,18.2200,4274.5098
2023-09-28,17.3400,4299.7002
2023-09-29,17.5200,4288.0498
2023-10-02,17.6100,4288.3901
2023-10-03,19.7800,4229.4502
2023-10-04,18.5800,4263.7500
2023-10-05,18.4900,4258.1899
2023-10-06,17.4500,4308.5000
2023-10-09,17.7000,4335.6602
2023-10-10,17.0300,4358.2402
2023-10-11,16.0900,4376.9502
2023-10-12,16.6900,4349.6099
2023-10-13,19.3200,4327.7798
2023-10-16,17.2100,4373.6299
2023-10-17,17.8800,4373.2002
2023-10-18,19.2200,4314.6001
2023-10-19,21.4000,4278.0000
2023-10-20,21.7100,4224.1602
2023-10-23,20.3700,4217.0400
2023-10-24,18.9700,4247.6802
2023-10-25,20.1900,4186.7700
2023-10-26,20.6800,4137.2300
2023-10-27,21.2700,4117.3701
2023-10-30,19.7500,4166.8198
2023-10-31,18.1400,4193.7998
2023-11-01,16.8700,4237.8599
2023-11-02,15.6600,4317.7798
2023-11-03,14.9100,4358.3398
2023-11-06,14.8900,4365.9800
2023-11-07,14.8100,4378.3799
2023-11-08,14.4500,4382.7798
2023-11-09,15.2900,4347.3501
2023-11-10,14.1700,4415.2402
2023-11-13,14.7600,4411.5498
2023-11-14,14.1600,4495.7002
2023-11-15,14.1800,4502.8799
2023-11-16,14.3200,4508.2402
2023-11-17,13.8000,4514.0200
2023-11-20,13.4100,4547.3799
2023-11-21,13.3500,4538.1899
2023-11-22,12.8500,4556.6201
2023-11-24,12.4600,4559.3398
2023-11-27,12.6900,4550.4302
2023-11-28,12.6900,4554.8901
2023-11-29,12.9800,4550.5801
2023-11-30,12.9200,4567.7998
2023-12-01,12.6300,4594.6299
2023-12-04,13.0800,4569.7798
2023-12-05,12.8500,4567.1802
2023-12-06,12.9700,4549.3398
2023-12-07,13.0600,4585.5898
2023-12-08,12.3500,4604.3701
2023-12-11,12.6300,4622.4399
2023-12-12,12.0700,4643.7002
2023-12-13,12.1900,4707.0898
2023-12-14,12.4800,4719.5498
2023-12-15,12.2800,4719.1899
2023-12-18,12.5600,4740.5601
2023-12-19,12.5300,4768.3701
2023-12-20,13.6700,4698.3501
2023-12-21,13.6500,4746.7500
2023-12-22,13.0300,4754.6299
2023-12-26,12.9900,4774.7500
2023-12-27,12.4300,4781.5801
2023-12-28,12.4700,4783.3501
2023-12-29,12.4500,4769.8301
2024-01-02,13.2000,4742.8301
2024-01-03,14.0400,4704.8101
2024-01-04,14.1300,4688.6802
2024-01-05,13.3500,4697.2402
2024-01-08,13.0800,4763.5400
2024-01-09,12.7600,4756.5000
2024-01-10,12.6900,4783.4502
2024-01-11,12.4400,4780.2402
2024-01-12,12.7000,4783.8301
2024-01-16,13.8400,4765.9800
2024-01-17,14.7900,4739.2100
2024-01-18,14.1300,4780.9399
2024-01-19,13.3000,4839.8101
2024-01-22,13.1900,4850.4302
2024-01-23,12.5500,4864.6001
2024-01-24,13.1400,4868.5498
2024-01-25,13.4500,4894.1602
2024-01-26,13.2600,4890.9702
2024-01-29,13.6000,4927.9302
2024-01-30,13.3100,4924.9702
2024-01-31,14.3500,4845.6499
2024-02-01,13.8800,4906.1899
2024-02-02,13.8500,4958.6099
2024-02-05,13.6700,4942.8101
2024-02-06,13.0600,4954.2300
2024-02-07,12.8300,4995.0601
2024-02-08,12.7900,4997.9102
2024-02-09,12.9300,5026.6099
2024-02-12,13.9300,5021.8398
2024-02-13,15.8500,4953.1699
2024-02-14,14.3800,5000.6201
2024-02-15,14.0100,5029.7300
2024-02-16,14.2400,5005.5698
2024-02-20,15.4200,4975.5098
2024-02-21,15.3400,4981.7998
2024-02-22,14.5400,5087.0298
2024-02-23,13.7500,5088.7998
2024-02-26,13.7400,5069.5298
2024-02-27,13.4300,5078.1802
2024-02-28,13.8400,5069.7598
2024-02-29,13.4000,5096.2700
2024-03-01,13.1100,5137.0801
2024-03-04,13.4900,5130.9502
2024-03-05,14.4600,5078.6499
2024-03-06,14.5000,5104.7598
2024-03-07,14.4400,5157.3599
2024-03-08,14.7400,5123.6899
2024-03-11,15.2200,5117.9399
2024-03-12,13.8400,5175.2700
2024-03-13,13.7500,5165.3101
2024-03-14,14.4000,5150.4800
2024-03-15,14.4100,5117.0898
2024-03-18,14.3300,5149.4199
2024-03-19,13.8200,5178.5098
2024-03-20,13.0400,5224.6201
2024-03-21,12.9200,5241.5298
2024-03-22,13.0600,5234.1802
2024-03-25,13.1900,5218.1899
2024-03-26,13.2400,5203.5801
2024-03-27,12.7800,5248.4902
2024-03-28,13.0100,5254.3501
2024-04-01,13.6500,5243.7700
2024-04-02,14.6100,5205.8101
2024-04-03,14.3300,5211.4902
2024-04-04,16.3500,5147.2100
2024-04-05,16.0300,5204.3398
2024-04-08,15.1900,5202.3901
2024-04-09,14.9800,5209.9102
2024-04-10,15.8000,5160.6401
2024-04-11,14.9100,5199.0601
2024-04-12,17.3100,5123.4102
2024-04-15,19.2300,5061.8198
2024-04-16,18.4000,5051.4102
2024-04-17,18.2100,5022.2100
2024-04-18,18.0000,5011.1201
2024-04-19,18.7100,4967.2300
2024-04-22,16.9400,5010.6001
2024-04-23,15.6900,5070.5498
2024-04-24,15.9700,5071.6299
2024-04-25,15.3700,5048.4199
2024-04-26,15.0300,5099.9600
2024-04-29,14.6700,5116.1699
2024-04-30,15.6500,5035.6899
2024-05-01,15.3900,5018.3901
2024-05-02,14.6800,5064.2002
2024-05-03,13.4900,5127.7900
2024-05-06,13.4900,5180.7402
2024-05-07,13.2300,5187.7002
2024-05-08,13.0000,5187.6699
2024-05-09,12.6900,5214.0801
2024-05-10,12.5500,5222.6802
2024-05-13,13.6000,5221.4199
2024-05-14,13.4200,5246.6802
2024-05-15,12.4500,5308.1499
2024-05-16,12.4200,5297.1001
2024-05-17,11.9900,5303.2700
2024-05-20,12.1500,5308.1299
2024-05-21,11.8600,5321.4102
2024-05-22,12.2900,5307.0098
2024-05-23,12.7700,5267.8398
2024-05-24,11.9300,5304.7202
2024-05-28,12.9200,5306.0400
2024-05-29,14.2800,5266.9502
2024-05-30,14.4700,5235.4800
2024-05-31,12.9200,5277.5098
2024-06-03,13.1100,5283.3999
2024-06-04,13.1600,5291.3398
2024-06-05,12.6300,5354.0298
2024-06-06,12.5800,5352.9600
2024-06-07,12.2200,5346.9902
2024-06-10,12.7400,5360.7900
2024-06-11,12.8500,5375.3198
2024-06-12,12.0400,5421.0298
2024-06-13,11.9400,5433.7402
2024-06-14,12.6600,5431.6001
2024-06-17,12.7500,5473.2300
2024-06-18,12.3000,5487.0298
2024-06-20,13.2800,5473.1699
2024-06-21,13.2000,5464.6201
2024-06-24,13.3300,5447.8701
2024-06-25,12.8400,5469.2998
2024-06-26,12.5500,5477.8999
2024-06-27,12.2400,5482.8701
2024-06-28,12.4400,5460.4800
2024-07-01,12.2200,5475.0898
2024-07-02,12.0300,5509.0098
2024-07-03,12.0900,5537.0200
2024-07-05,12.4800,5567.1899
2024-07-08,12.3700,5572.8501
2024-07-09,12.5100,5576.9800
2024-07-10,12.8500,5633.9102
2024-07-11,12.9200,5584.5400
2024-07-12,12.4600,5615.3501
2024-07-15,13.1200,5631.2202
2024-07-16,13.1900,5667.2002
2024-07-17,14.4800,5588.2700
2024-07-18,15.9300,5544.5898
2024-07-19,16.5200,5505.0000
2024-07-22,14.9100,5564.4102
2024-07-23,14.7200,5555.7402
2024-07-24,18.0400,5427.1299
2024-07-25,18.4600,5399.2202
2024-07-26,16.3900,5459.1001
2024-07-29,16.6000,5463.5400
2024-07-30,17.6900,5436.4399
2024-07-31,16.3600,5522.2998
2024-08-01,18.5900,5446.6802
2024-08-02,23.3900,5346.5601
2024-08-05,38.5700,5186.3301
2024-08-06,27.7100,5240.0298
2024-08-07,27.8500,5199.5000
2024-08-08,23.7900,5319.3101
2024-08-09,20.3700,5344.1602
2024-08-12,20.7100,5344.3901
2024-08-13,18.1200,5434.4302
2024-08-14,16.1900,5455.2100
2024-08-15,15.2300,5543.2202
2024-08-16,14.8000,5554.2500
2024-08-19,14.6500,5608.2500
2024-08-20,15.8800,5597.1201
2024-08-21,16.2700,5620.8501
2024-08-22,17.5500,5570.6401
2024-08-23,15.8600,5634.6099
2024-08-26,16.1500,5616.8398
2024-08-27,15.4300,5625.7998
2024-08-28,17.1100,5592.1802
2024-08-29,15.6500,5591.9600
2024-08-30,15.0000,5648.3999
2024-09-03,20.7200,5528.9302
2024-09-04,21.3200,5520.0698
2024-09-05,19.9000,5503.4102
2024-09-06,22.3800,5408.4199
2024-09-09,19.4500,5471.0498
2024-09-10,19.0800,5495.5200
2024-09-11,17.6900,5554.1299
2024-09-12,17.0700,5595.7598
2024-09-13,16.5600,5626.0200
2024-09-16,17.1400,5633.0898
2024-09-17,17.6100,5634.5801
2024-09-18,18.2300,5618.2598
2024-09-19,16.3300,5713.6401
2024-09-20,16.1500,5702.5498
2024-09-23,15.8900,5718.5698
2024-09-24,15.3900,5732.9302
2024-09-25,15.4100,5722.2598
2024-09-26,15.3700,5745.3701
2024-09-27,16.9600,5738.1699
2024-09-30,16.7300,5762.4800
2024-10-01,19.2600,5708.7500
2024-10-02,18.9000,5709.5400
2024-10-03,20.4900,5699.9399
2024-10-04,19.2100,5751.0698
2024-10-07,22.6400,5695.9399
2024-10-08,21.4200,5751.1299
2024-10-09,20.8600,5792.0400
2024-10-10,20.9300,5780.0498
2024-10-11,20.4600,5815.0298
2024-10-14,19.7000,5859.8501
2024-10-15,20.6400,5815.2598
2024-10-16,19.5800,5842.4702
2024-10-17,19.1100,5841.4702
2024-10-18,18.0300,5864.6699
2024-10-21,18.3700,5853.9800
2024-10-22,18.2000,5851.2002
2024-10-23,19.2400,5797.4199
2024-10-24,19.0800,5809.8599
2024-10-25,20.3300,5808.1201
2024-10-28,19.8000,5823.5200
2024-10-29,19.3400,5832.9199
2024-10-30,20.3500,5813.6699
2024-10-31,23.1600,5705.4502
2024-11-01,21.8800,5728.7998
2024-11-04,21.9800,5712.6899
2024-11-05,20.4900,5782.7598
2024-11-06,16.2700,5929.0400
2024-11-07,15.2000,5973.1001
2024-11-08,14.9400,5995.5400
2024-11-11,14.9700,6001.3501
2024-11-12,14.7100,5983.9902
2024-11-13,14.0200,5985.3799
2024-11-14,14.3100,5949.1699
2024-11-15,16.1400,5870.6201
2024-11-18,15.5800,5893.6201
2024-11-19,16.3500,5916.9800
2024-11-20,17.1600,5917.1099
2024-11-21,16.8700,5948.7100
2024-11-22,15.2400,5969.3398
2024-11-25,14.6000,5987.3701
2024-11-26,14.1000,6021.6299
2024-11-27,14.1000,5998.7402
2024-11-29,13.5100,6032.3799
2024-12-02,13.3400,6047.1499
2024-12-03,13.3000,6049.8799
2024-12-04,13.4500,6086.4902
2024-12-05,13.5400,6075.1099
2024-12-06,12.7700,6090.2700
2024-12-09,14.1900,6052.8501
2024-12-10,14.1800,6034.9102
2024-12-11,13.5800,6084.1899
2024-12-12,13.9200,6051.2500
2024-12-13,13.8100,6051.0898
2024-12-16,14.6900,6074.0801
2024-12-17,15.8700,6050.6099
2024-12-18,27.6200,5872.1602
2024-12-19,24.0900,5867.0801
2024-12-20,18.3600,5930.8501
2024-12-23,16.7800,5974.0698
2024-12-24,14.2700,6040.0400
2024-12-26,14.7300,6037.5898
2024-12-27,15.9500,5970.8398
2024-12-30,17.4000,5906.9399
2024-12-31,17.3500,5881.6299
2025-01-02,17.9300,5868.5498
2025-01-03,16.1300,5942.4702
2025-01-06,16.0400,5975.3799
2025-01-07,17.8200,5909.0298
2025-01-08,17.7000,5918.2500
2025-01-10,19.5400,5827.0400
2025-01-13,19.1900,5836.2202
2025-01-14,18.7100,5842.9102
2025-01-15,16.1200,5949.9102
2025-01-16,16.6000,5937.3398
2025-01-17,15.9700,5996.6602
2025-01-21,15.0600,6049.2402
2025-01-22,15.1000,6086.3701
2025-01-23,15.0200,6118.7100
2025-01-24,14.8500,6101.2402
2025-01-27,17.9000,6012.2798
2025-01-28,16.4100,6067.7002
2025-01-29,16.5600,6039.3101
2025-01-30,15.8400,6071.1699
2025-01-31,16.4300,6040.5298
2025-02-03,18.6200,5994.5698
2025-02-04,17.2100,6037.8799
2025-02-05,15.7700,6061.4800
2025-02-06,15.5000,6083.5698
2025-02-07,16.5400,6025.9902
2025-02-10,15.8100,6066.4399
2025-02-11,16.0200,6068.5000
2025-02-12,15.8900,6051.9702
2025-02-13,15.1000,6115.0698
2025-02-14,14.7700,6114.6299
2025-02-18,15.3500,6129.5801
2025-02-19,15.2700,6144.1499
2025-02-20,15.6600,6117.5200
2025-02-21,18.2100,6013.1299
2025-02-24,18.9800,5983.2500
2025-02-25,19.4300,5955.2500
2025-02-26,19.1000,5956.0601
2025-02-27,21.1300,5861.5698
2025-02-28,19.6300,5954.5000
2025-03-03,22.7800,5849.7202
2025-03-04,23.5100,5778.1499
2025-03-05,21.9300,5842.6299
2025-03-06,24.8700,5738.5200
2025-03-07,23.3700,5770.2002
2025-03-10,27.8600,5614.5601
2025-03-11,26.9200,5572.0698
2025-03-12,24.2300,5599.2998
2025-03-13,24.6600,5521.5200
2025-03-14,21.7700,5638.9399
2025-03-17,20.5100,5675.1201
2025-03-18,21.7000,5614.6602
2025-03-19,19.9000,5675.2900
2025-03-20,19.8000,5662.8901
2025-03-21,19.2800,5667.5601
2025-03-24,17.4800,5767.5698
2025-03-25,17.1500,5776.6499
2025-03-26,18.3300,5712.2002
2025-03-27,18.6900,5693.3101
2025-03-28,21.6500,5580.9399
2025-03-31,22.2800,5611.8501
2025-04-01,21.7700,5633.0698
2025-04-02,21.5100,5670.9702
2025-04-03,30.0200,5396.5200
2025-04-04,45.3100,5074.0801
2025-04-07,46.9800,5062.2500
2025-04-08,52.3300,4982.7700
2025-04-09,33.6200,5456.8999
2025-04-10,40.7200,5268.0498
2025-04-11,37.5600,5363.3599
2025-04-14,30.8900,5405.9702
2025-04-15,30.1200,5396.6299
2025-04-16,32.6400,5275.7002
2025-04-17,29.6500,5282.7002
2025-04-21,33.8200,5158.2002
2025-04-22,30.5700,5287.7598
2025-04-23,28.4500,5375.8599
2025-04-24,26.4700,5484.7700
2025-04-25,24.8400,5525.2100
2025-04-28,25.1500,5528.7500
2025-04-29,24.1700,5560.8301
2025-04-30,24.7000,5569.0601
2025-05-01,24.6000,5604.1401
2025-05-02,22.6800,5686.6699
2025-05-05,23.6400,5650.3799
2025-05-06,24.7600,5606.9102
2025-05-07,23.5500,5631.2798
2025-05-08,22.4800,5663.9399
2025-05-09,21.9000,5659.9102
2025-05-12,18.3900,5844.1899
2025-05-13,18.2200,5886.5498
2025-05-14,18.6200,5892.5801
2025-05-15,17.8300,5916.9302
2025-05-16,17.2400,5958.3799
2025-05-19,18.1400,5963.6001
2025-05-20,18.0900,5940.4600
2025-05-21,20.8700,5844.6099
2025-05-22,20.2800,5842.0098
2025-05-23,22.2900,5802.8198
2025-05-27,18.9600,5921.5400
2025-05-28,19.3100,5888.5498
2025-05-29,19.1800,5912.1699
2025-05-30,18.5700,5911.6899
2025-06-02,18.3600,5935.9399
2025-06-03,17.6900,5970.3701
2025-06-04,17.6100,5970.8101
2025-06-05,18.4800,5939.2998
2025-06-06,16.7700,6000.3599
2025-06-09,17.1600,6005.8799
2025-06-10,16.9500,6038.8101
2025-06-11,17.2600,6022.2402
2025-06-12,18.0200,6045.2598
2025-06-13,20.8200,5976.9702
2025-06-16,19.1100,6033.1099
2025-06-17,21.6000,5982.7202
2025-06-18,20.1400,5980.8701
2025-06-20,20.6200,5967.8398
2025-06-23,19.8300,6025.1699
2025-06-24,17.4800,6092.1802
2025-06-25,16.7600,6092.1602
2025-06-26,16.5900,6141.0200
2025-06-27,16.3200,6173.0698
2025-06-30,16.7300,6204.9502
2025-07-01,16.8300,6198.0098
2025-07-02,16.6400,6227.4199
2025-07-03,16.3800,6279.3501
2025-07-07,17.7900,6229.9800
2025-07-08,16.8100,6225.5200
2025-07-09,15.9400,6263.2598
2025-07-10,15.7800,6280.4600
2025-07-11,16.4000,6259.7500
2025-07-14,17.2000,6268.5601
2025-07-15,17.3800,6243.7598
2025-07-16,17.1600,6263.7002
2025-07-17,16.5200,6297.3599
2025-07-18,16.4100,6296.7900
2025-07-21,16.6500,6305.6001
2025-07-22,16.5000,6309.6201
2025-07-23,15.3700,6358.9102
2025-07-24,15.3900,6363.3501
2025-07-25,14.9300,6388.6401
2025-07-28,15.0300,6389.7700
2025-07-29,15.9800,6370.8599
2025-07-30,15.4800,6362.8999
2025-07-31,16.7200,6339.3901
2025-08-01,20.3800,6238.0098
2025-08-04,17.5200,6329.9399
2025-08-05,17.8500,6299.1899
2025-08-06,16.7700,6345.0601
2025-08-07,16.5700,6340.0000
2025-08-08,15.1500,6389.4502
2025-08-11,16.2500,6373.4502
2025-08-12,14.7300,6445.7598
2025-08-13,14.4900,6466.5801
2025-08-14,14.8300,6468.5400
2025-08-15,15.0900,6449.7998
2025-08-18,14.9900,6449.1499
2025-08-19,15.5700,6411.3701
2025-08-20,15.6900,6395.7798
2025-08-21,16.6000,6370.1699
2025-08-22,14.2200,6466.9102
2025-08-25,14.7900,6439.3198
2025-08-26,14.6200,6465.9399
2025-08-27,14.8500,6481.3999
2025-08-28,14.4300,6501.8599
2025-08-29,15.3600,6460.2598
2025-09-02,17.1700,6415.5400
2025-09-03,16.3500,6448.2598
2025-09-04,15.3000,6502.0801
2025-09-05,15.1800,6481.5000
2025-09-08,15.1100,6495.1499
2025-09-09,15.0400,6512.6099
2025-09-10,15.3500,6532.0400
2025-09-11,14.7100,6587.4702
2025-09-12,14.7600,6584.2900
2025-09-15,15.6900,6615.2798
2025-09-16,16.3600,6606.7598
2025-09-17,15.7200,6600.3501
2025-09-18,15.7000,6631.9600
2025-09-19,15.4500,6664.3599
2025-09-22,16.1000,6693.7500
2025-09-23,16.6400,6656.9199
2025-09-24,16.1800,6637.9702
2025-09-25,16.7400,6604.7202
2025-09-26,15.2900,6643.7002
2025-09-29,16.1200,6661.2100
2025-09-30,16.2800,6688.4600
2025-10-01,16.2900,6711.2002
2025-10-02,16.6300,6715.3501
2025-10-03,16.6500,6715.7900
2025-10-06,16.3700,6740.2798
2025-10-07,17.2400,6714.5898
2025-10-08,16.3000,6753.7202
2025-10-09,16.4300,6735.1099
2025-10-10,21.6600,6552.5098
2025-10-13,19.0300,6654.7202
2025-10-14,20.8100,6644.3101
2025-10-15,20.6400,6671.0601
2025-10-16,25.3100,6629.0698
2025-10-17,20.7800,6664.0098
2025-10-20,18.2300,6735.1299
2025-10-21,17.8700,6735.3501
2025-10-22,18.6000,6699.3999
2025-10-23,17.3000,6738.4399
2025-10-24,16.3700,6791.6899
2025-10-27,15.7900,6875.1602
2025-10-28,16.4200,6890.8901
2025-10-29,16.9200,6890.5898
2025-10-30,16.9100,6822.3398
2025-10-31,17.4400,6840.2002
2025-11-03,17.1700,6851.9702
2025-11-04,19.0000,6771.5498
2025-11-05,18.0100,6796.2900
2025-11-06,19.5000,6720.3198
2025-11-07,19.0800,6728.7998
2025-11-10,17.6000,6832.4302
2025-11-11,17.2800,6846.6099
2025-11-12,17.5100,6850.9199
2025-11-13,20.0000,6737.4902
2025-11-14,19.8300,6734.1099
2025-11-17,22.3800,6672.4102
2025-11-18,24.6900,6617.3198
2025-11-19,23.6600,6642.1602
2025-11-20,26.4200,6538.7598
2025-11-21,23.4300,6602.9902
2025-11-24,20.5200,6705.1201
2025-11-25,18.5600,6765.8799
2025-11-26,17.1900,6812.6099
2025-11-28,16.3500,6849.0898
2025-12-01,17.2400,6812.6299
2025-12-02,16.5900,6829.3701
2025-12-03,16.0800,6849.7202
2025-12-04,15.7800,6857.1201
2025-12-05,15.4100,6870.3999
2025-12-08,16.6600,6846.5098
2025-12-09,16.9300,6840.5098
2025-12-10,15.7700,6886.6802
2025-12-11,14.8500,6901.0000
2025-12-12,15.7400,6827.4102
2025-12-15,16.5000,6816.5098
2025-12-16,16.4800,6800.2598
2025-12-17,17.6200,6721.4302
2025-12-18,16.8700,6774.7598
2025-12-19,14.9100,6834.5000
2025-12-22,14.0800,6878.4902
2025-12-23,14.0000,6909.7900
2025-12-24,13.4700,6932.0498
2025-12-26,13.6000,6929.9399
2025-12-29,14.2000,6905.7402
2025-12-30,14.3300,6896.2402
2025-12-31,14.9500,6845.5000
2026-01-02,14.5100,6858.4702
2026-01-05,14.9000,6902.0498
2026-01-06,14.7500,6944.8198
2026-01-07,15.3800,6920.9302
2026-01-08,15.4500,6921.4600
2026-01-09,14.4900,6966.2798
2026-01-12,15.1200,6977.2700
2026-01-13,15.9800,6963.7402
2026-01-14,16.7500,6926.6001
2026-01-15,15.8400,6944.4702
2026-01-16,15.8600,6940.0098
2026-01-20,20.0900,6796.8599
2026-01-21,16.9000,6875.6201
2026-01-22,15.6400,6913.3501
2026-01-23,16.0900,6915.6099
2026-01-26,16.1500,6950.2300
2026-01-27,16.3500,6978.6001
2026-01-28,16.3500,6978.0298
2026-01-29,16.8800,6969.0098
2026-01-30,17.4400,6939.0298
2026-02-02,16.3400,6976.4399
2026-02-03,18.0000,6917.8101
2026-02-04,18.6400,6882.7202
2026-02-05,21.7700,6798.3999
2026-02-06,20.3700,6932.2998
2026-02-09,17.3600,6964.8198
2026-02-10,17.7900,6941.8101
2026-02-11,17.6500,6941.4702
2026-02-12,20.8200,6832.7598
2026-02-13,20.6000,6836.1699
2026-02-17,20.2900,6843.2202
2026-02-18,19.6200,6881.3101
2026-02-19,20.2300,6861.8901
2026-02-20,19.0900,6909.5098
2026-02-23,21.0100,6837.7500
2026-02-24,19.5500,6890.0698
2026-02-25,17.9300,6946.1299
2026-02-26,18.6300,6908.8599
2026-02-27,19.8600,6878.8799
2026-03-02,21.4400,6881.6201
2026-03-03,23.5700,6816.6299
2026-03-04,21.1500,6869.5000
2026-03-05,23.7500,6830.7100
2026-03-06,29.4900,6740.0200
2026-03-09,25.5000,6795.9902
2026-03-10,24.9300,6781.4800
2026-03-11,24.2300,6775.7998
2026-03-12,27.2900,6672.6201
2026-03-13,27.1900,6632.1899
2026-03-16,23.5100,6699.3799
2026-03-17,22.3700,6716.0898
2026-03-18,25.0900,6624.7002
2026-03-19,24.0600,6606.4902
2026-03-20,26.7800,6506.4800
2026-03-23,26.1500,6581.0000
2026-03-24,26.9500,6556.3701
2026-03-25,25.3300,6591.8999
2026-03-26,27.4400,6477.1602
2026-03-27,31.0500,6368.8501
2026-03-30,30.6100,6343.7202
2026-03-31,25.2500,6528.5200
2026-04-01,24.5400,6575.3198
2026-04-02,23.8700,6582.6899
2026-04-06,24.1700,6611.8301
2026-04-07,25.7800,6616.8501
2026-04-08,21.0400,6782.8101
2026-04-09,19.4900,6824.6602
2026-04-10,19.2300,6816.8901
2026-04-13,19.1200,6886.2402
2026-04-14,18.3600,6967.3799
2026-04-15,18.1700,7022.9502
2026-04-16,17.9400,7041.2798
2026-04-17,17.4800,7126.0601
2026-04-20,18.8700,7109.1401
2026-04-21,19.5000,7064.0098
2026-04-22,18.9200,7137.8999
2026-04-23,19.3100,7108.3999
2026-04-24,18.7100,7165.0801
2026-04-27,18.0200,7173.9102
2026-04-28,17.8300,7138.7998
2026-04-29,18.8100,7135.9502
2026-04-30,16.8900,7209.0098
2026-05-01,16.9900,7230.1201
2026-05-04,18.2900,7200.7500
2026-05-05,17.3800,7259.2202
2026-05-06,17.3900,7365.1201
2026-05-07,17.0800,7337.1099
2026-05-08,17.1900,7398.9302
2026-05-11,18.3800,7412.8398
2026-05-12,17.9900,7400.9600
2026-05-13,17.8700,7444.2500
2026-05-14,17.2600,7501.2402
2026-05-15,18.4300,7408.5000
2026-05-18,17.8200,7403.0498
2026-05-19,18.0600,7353.6099
2026-05-20,17.4400,7432.9702
2026-05-21,16.7600,7445.7202
2026-05-22,16.7000,7473.4702
2026-05-25,16.5900,
2026-05-26,17.0100,7519.1201
2026-05-27,16.2900,7520.3599
2026-05-28,15.7400,7563.6299
2026-05-29,15.3200,7580.0601
2026-06-01,16.0500,7599.9600
2026-06-02,15.7700,7609.7798
2026-06-03,16.0600,7553.6802
2026-06-04,15.4000,7584.3101
2026-06-05,21.5100,7383.7402
2026-06-08,18.9200,7405.7300
2026-06-09,19.8700,7386.6499
2026-06-10,22.2200,7266.9902
2026-06-11,19.4400,7394.2998
2026-06-12,17.6800,7431.4600
2026-06-15,16.2000,7554.2900
2026-06-16,16.4100,7511.3501
2026-06-17,18.4400,7420.1001
2026-06-18,16.4000,7500.5801
2026-06-22,17.2800,7472.7900
2026-06-23,19.4900,7365.4600
2026-06-24,18.6300,7358.2202
2026-06-25,18.8900,7357.4902
2026-06-26,18.4100,7354.0200
2026-06-29,17.6500,7440.4302
2026-06-30,16.4500,7499.3599
2026-07-01,16.5900,7483.2300
2026-07-02,16.1500,7483.2402
2026-07-06,15.5700,7537.4302
2026-07-07,16.1300,7503.8501
2026-07-08,16.9000,7482.7100
2026-07-09,15.8400,7543.6401
2026-07-10,15.0300,7575.3901
2026-07-13,17.1600,7515.3398
2026-07-14,16.5000,7543.5898
2026-07-15,15.6700,7572.3999
2026-07-16,16.7300,7533.7700
2026-07-17,18.7700,7457.6899
2026-07-20,18.6500,7443.2798
2026-07-21,17.0500,7509.2002
2026-07-22,16.6400,7498.9600
2026-07-23,18.7000,7408.2998
2026-07-24,18.5800,7411.9800
2026-07-27,18.6700,7413.1802
2026-07-28,18.2100,7428.7798
2026-07-29,20.6600,7316.1499
2026-07-30,17.0900,7437.6299
2026-07-31,15.9900,7489.7202
2026-08-03,15.8600,7600.5000
2026-08-04,16.5000,7736.5200
2026-08-05,15.8100,7723.5498
2026-08-06,15.1500,7709.9600
2026-08-07,14.9000,7757.6401
2026-08-10,15.4600,7753.1099
2026-08-11,15.2800,7728.2002
2026-08-12,14.5500,7748.5000
2026-08-13,14.6300,7798.9902
2026-08-14,14.2500,7785.7598
2026-08-17,15.1900,7745.0601
2026-08-18,15.8400,7691.7598
2026-08-19,14.8900,7707.9800
2026-08-20,16.0100,7641.1602
2026-08-21,15.1300,7674.3701
2026-08-24,15.8500,7652.8599
2026-08-25,15.4500,7677.2798
2026-08-26,15.2100,7675.7002
2026-08-27,14.5100,7730.9902
2026-08-28,14.4300,7711.7598
2026-08-31,14.9200,7686.1401
2026-09-01,16.3400,7631.4702
2026-09-02,15.2000,7666.6001
2026-09-03,14.3200,7747.7100
2026-09-04,14.5300,7718.6001
2026-09-07,15.3000,
2026-09-08,15.7200,7673.5200
2026-09-09,16.4600,7636.3599
2026-09-10,17.8400,7591.7002
2026-09-11,15.8400,7656.9800
2026-09-14,17.1000,7619.9800
2026-09-15,17.2000,7585.7300
2026-09-16,17.7100,7551.8101
2026-09-17,15.4400,7637.7598
2026-09-18,14.8100,7650.5000
2026-09-21,14.8700,7764.7002
2026-09-22,14.2100,7764.6401
2026-09-23,15.1800,7706.0298
2026-09-24,15.6700,7704.1299
2026-09-25,14.8700,7743.4102
2026-09-28,16.0700,7683.6899
2026-09-29,16.0400,7670.8398
2026-09-30,16.3400,7651.5400
2026-10-01,16.3900,7666.4502
2026-10-02,15.3100,7722.7202
2026-10-05,15.5500,7760.8701
